protein,ECC,GO_Nb,SL_Nb,essential,ES
Q0050,0.0,0.0,0.0,0,0.0
YER142C,0.3226939726939727,7.0,22.0,0,0.3226939726939727
Q0080,0.017195767195767195,0.0,2.0,0,0.017195767195767195
YBL099W,2.805078114120175,195.34141064473883,341.85,0,2.805078114120175
YJR121W,2.7659059800080326,248.8071428571429,306.75,0,2.7659059800080326
Q0085,3.3115079365079363,15.335714285714284,7.0,0,3.3115079365079363
YDR298C,1.248346560846561,10.333333333333334,26.9,0,1.248346560846561
YDR377W,2.760978835978836,16.166666666666664,6.0,0,2.760978835978836
YKL016C,2.949404761904762,20.33333333333333,28.9,0,2.949404761904762
YML081C-A,2.5050264550264547,12.45,6.0,0,2.5050264550264547
YPL078C,0.9908326967150497,14.35,25.916666666666668,0,0.9908326967150497
Q0130,0.017195767195767195,0.0,2.0,0,0.017195767195767195
Q0250,0.8333333333333333,0.0,2.0,0,0.8333333333333333
YBR024W,0.6666666666666666,0.0,2.0,1,0.6666666666666666
YBR037C,0.8333333333333333,0.0,2.0,0,0.8333333333333333
YER154W,0.0,0.0,0.0,0,0.0
Q0275,0.0,0.0,0.0,0,0.0
R0020C,0.0,0.0,0.0,0,0.0
YBL056W,0.816742263653727,32.2,55.791666666666664,0,0.816742263653727
YBR217W,2.6731765637680605,208.275,148.54166666666669,0,2.6731765637680605
YDR523C,1.3243178718389779,105.35714285714285,35.916666666666664,0,1.3243178718389779
R0030W,0.22564102564102564,2.321428571428571,0.0,0,0.22564102564102564
YOR101W,0.4065934065934066,4.285714285714287,2.25,0,0.4065934065934066
YOR351C,1.1899991413878732,121.91666666666666,0.0,0,1.1899991413878732
YAL001C,0.0,0.0,0.0,1,0.0
YBR123C,0.5535714285714286,0.0,3.0,1,0.5535714285714286
YAL002W,1.5279576136775193,2.0041666666666664,9.75,0,1.5279576136775193
YCL018W,3.8036018207005706,391.4709620444914,830.0000000000002,0,3.8036018207005706
YDR171W,1.1860065188457263,60.458383446618754,0.0,0,1.1860065188457263
YGL206C,1.1542099694387298,55.13013375513376,81.74166666666667,0,1.1542099694387298
YKR026C,2.215589091909439,168.26666666666668,0.0,0,2.215589091909439
YLR148W,1.4145207202436119,11.5015873015873,21.11111111111111,0,1.4145207202436119
YLR396C,2.4841269841269837,5.916666666666666,36.666666666666664,0,2.4841269841269837
YMR231W,3.484126984126984,2.0041666666666664,18.944444444444446,0,3.484126984126984
YPL045W,2.928571428571429,2.0041666666666664,22.333333333333332,1,2.928571428571429
YAL003W,0.1029292793096474,8.5,0.0,1,0.1029292793096474
YBR118W,3.011809099026531,1018.3333333333331,0.0,0,3.011809099026531
YKL081W,0.9139102926484921,76.33333333333333,83.66666666666666,0,0.9139102926484921
YML064C,2.608922089860491,405.59126984127,0.0,1,2.608922089860491
YAL004W,0.0,0.0,0.0,0,0.0
YGL181W,0.7586578006004708,2.1142857142857143,168.0,0,0.7586578006004708
YML109W,2.4490950925183173,96.23333333333332,0.0,0,2.4490950925183173
YAL005C,0.86785260655254,19.04809161426809,16.499999999999996,0,0.86785260655254
YAR002W,1.4737717833300388,43.48757908757908,33.94444444444445,0,1.4737717833300388
YCL028W,0.558035498749523,120.0,18.75,1,0.558035498749523
YDR192C,1.6520426092316949,37.42857142857143,28.39583333333333,0,1.6520426092316949
YHR069C,4.603943929987022,38.08030303030304,35.52777777777778,1,4.603943929987022
YLR310C,1.1856962139694585,89.1845238095238,142.33333333333331,1,1.1856962139694585
YLR335W,2.795389719034557,40.0458041958042,49.666666666666664,0,2.795389719034557
YLR347C,2.234007799877692,115.04745532245532,103.3888888888889,1,2.234007799877692
YNL007C,0.21255777057322206,3.2727272727272725,2.9166666666666665,1,0.21255777057322206
YNL064C,2.203747991553702,279.3538373391316,171.58333333333331,0,2.203747991553702
YNL077W,0.0,0.0,0.0,0,0.0
YOR098C,1.004793041611455,26.39585137085137,46.69444444444445,1,1.004793041611455
YOR151C,3.1485045601068706,103.31055757967526,179.33333333333331,1,3.1485045601068706
YOR160W,0.42049611536366505,7.285714285714286,34.58333333333333,1,0.42049611536366505
YPL240C,3.363493156951685,197.83177655677656,485.99999999999994,0,3.363493156951685
YPR010C,1.1090524317290622,3.4761904761904763,17.65,1,1.1090524317290622
YAL007C,2.028397288330965,63.60000000000001,67.75,0,2.028397288330965
YAR002C-A,0.351010101010101,4.1,5.25,0,0.351010101010101
YBR036C,8.016358445362838,234.9800865800865,492.5416666666667,0,8.016358445362838
YBR183W,7.293278110158862,271.1666666666667,141.94444444444446,0,7.293278110158862
YCL025C,4.759685318818395,190.58333333333331,176.5,0,4.759685318818395
YDL054C,0.9714680528605287,10.756060606060608,24.291666666666668,0,0.9714680528605287
YDR087C,0.7927224998417942,46.33333333333333,16.5,1,0.7927224998417942
YDR101C,2.3317263937502473,43.55,38.83333333333333,0,2.3317263937502473
YDR127W,1.1537078235462073,56.11564685314685,108.13333333333333,0,1.1537078235462073
YEL002C,4.97028103270881,88.62056277056277,106.83333333333334,1,4.97028103270881
YEL063C,6.913946090989649,216.55000000000004,104.69444444444447,0,6.913946090989649
YER110C,1.160112522367351,61.86598124098123,83.85000000000001,0,1.160112522367351
YGL200C,6.656360401772024,250.03333333333327,284.80555555555554,0,6.656360401772024
YGR060W,10.141764187928398,409.2166666666668,667.4416666666666,1,10.141764187928398
YHR026W,5.536166344702502,88.2595238095238,426.29999999999995,0,5.536166344702502
YHR110W,2.3472777126837245,154.0,39.5,0,2.3472777126837245
YHR140W,14.436549719167038,2551.0,1028.6499999999999,0,14.436549719167038
YJL117W,10.221826265111908,358.2,1061.5500000000002,0,10.221826265111908
YLR342W,0.1457640719935802,2.5,1.9666666666666668,0,0.1457640719935802
YML012W,1.2294334320650109,16.75,17.444444444444443,0,1.2294334320650109
YMR290C,4.016151850420745,77.20180375180377,72.25,1,4.016151850420745
YNL130C,1.0773158619394039,38.583333333333336,17.27777777777778,0,1.0773158619394039
YPL076W,14.205544228085213,631.5833333333334,1360.9999999999995,1,14.205544228085213
YPL211W,0.4323606466824056,5.571428571428571,6.333333333333333,1,0.4323606466824056
YPL264C,7.906858576972692,167.92748917748918,562.2,0,7.906858576972692
YPR201W,0.39240519642958666,9.2,14.916666666666666,0,0.39240519642958666
YAL009W,0.0,0.0,0.0,0,0.0
YDL040C,0.20833333333333331,2.0,2.0,0,0.20833333333333331
YDR211W,1.9156836194168059,20.96212121212121,0.0,1,1.9156836194168059
YHR004C,0.0,0.0,0.0,0,0.0
YJL176C,1.9117119540848353,2.0,84.66666666666666,0,1.9117119540848353
YAL010C,0.0,0.0,0.0,0,0.0
YFL048C,0.4824173305685911,15.87878787878788,9.055555555555555,0,0.4824173305685911
YJL066C,0.9250990437429027,203.0,67.15,0,0.9250990437429027
YMR203W,0.6428571428571428,6.666666666666667,3.0,1,0.6428571428571428
YPL235W,2.670429503913985,208.455772005772,397.91666666666663,1,2.670429503913985
YAL011W,0.8700083542188807,8.071428571428571,22.5,0,0.8700083542188807
YBL007C,4.049908535786359,153.39256854256854,259.56666666666655,0,4.049908535786359
YDL181W,0.05739033964840416,4.666666666666667,4.0,0,0.05739033964840416
YDR225W,1.957360225352976,74.33333333333333,41.5,0,1.957360225352976
YDR334W,3.635481876045613,57.1265664160401,97.0,0,3.635481876045613
YER081W,0.23030303030303037,29.75,0.0,0,0.23030303030303037
YGR002C,5.559162988772745,135.53333333333333,140.33333333333331,1,5.559162988772745
YHR158C,1.476626710901422,95.65800865800868,0.0,0,1.476626710901422
YIR018W,0.0,0.0,0.0,0,0.0
YNL107W,5.520350332574748,133.79999999999998,43.5,0,5.520350332574748
YOL012C,3.974742262159463,50.10714285714285,29.0,0,3.974742262159463
YOR127W,0.436292119186856,28.23976023976024,0.0,0,0.436292119186856
YOR269W,0.22528626956613085,0.0,0.0,0,0.0
YAL012W,0.0,0.0,0.0,1,0.0
YBR055C,2.1741113530596703,244.16666666666677,226.16666666666666,1,2.1741113530596703
YJR091C,0.3512544802867382,98.1075832664068,0.0,0,0.3512544802867382
YMR101C,0.0,0.0,0.0,0,0.0
YMR300C,0.0,0.0,0.0,0,0.0
YPL149W,0.3438011207428682,11.186080586080584,16.25,0,0.3438011207428682
YAL013W,0.0,0.0,0.0,0,0.0
YGL061C,0.6666666666666667,7.619047619047619,5.0,1,0.6666666666666667
YNL330C,1.4519285345717232,11.513838383838385,14.416666666666668,0,1.4519285345717232
YAL014C,0.0,0.0,0.0,0,0.0
YER133W,4.766005880347539,338.0076122407005,334.8416666666667,1,4.766005880347539
YIL034C,0.125,0.3333333333333333,0.0,0,0.125
YAL015C,1.305798695911481,57.85509227614492,101.0,0,1.305798695911481
YBR020W,3.3031444056482218,365.6666666666667,0.0,0,3.3031444056482218
YBR127C,2.3045288907964347,256.98459595959594,0.0,0,2.3045288907964347
YCL064C,0.5429570266074677,39.43333333333333,25.0,0,0.5429570266074677
YDL029W,7.062844310138607,552.2459235209234,980.0833333333336,1,7.062844310138607
YDL059C,2.168980554746824,168.08214285714286,708.9166666666667,0,2.168980554746824
YDR214W,0.22815354078402683,10.5,11.0,0,0.22815354078402683
YEL030W,0.3352712754193523,27.4,14.833333333333334,0,0.3352712754193523
YEL060C,0.536291351111132,27.0,84.08333333333334,0,0.536291351111132
YFL037W,2.344034656464521,206.31982739482743,381.08333333333326,1,2.344034656464521
YFL039C,3.541436708860762,336.9833485228223,768.3666666666668,1,3.541436708860762
YGR282C,0.5801680616665776,16.207794982794987,28.75,0,0.5801680616665776
YJL088W,0.7552602736705625,9.43122009569378,79.66666666666666,0,0.7552602736705625
YJR045C,4.24669982524533,578.3759009390724,910.3166666666665,1,4.24669982524533
YJR068W,2.244707514693536,84.85238095238095,172.83333333333331,1,2.244707514693536
YJR077C,0.9261335553738659,29.475935175935177,87.96666666666667,0,0.9261335553738659
YML085C,2.8137449155455148,488.95,530.1166666666666,1,2.8137449155455148
YMR012W,0.23361132621680591,63.75,6.5,0,0.23361132621680591
YMR058W,4.320666166731744,124.42900432900434,95.54166666666667,0,4.320666166731744
YMR146C,2.2953854352225598,40.10808080808081,40.25,1,2.2953854352225598
YMR214W,1.137976042945954,65.23928571428571,112.78333333333333,0,1.137976042945954
YNL037C,0.5801056402007523,27.616666666666667,62.75,0,0.5801056402007523
YPR110C,3.3481969423346087,280.47976190476186,426.34999999999997,1,3.3481969423346087
YAL016W,1.5223264005632136,35.762477718360074,0.0,0,1.5223264005632136
YAL024C,0.15726817042606517,45.0,0.0,0,0.15726817042606517
YDL134C,1.912604771803547,134.73095238095237,0.0,0,1.912604771803547
YDL188C,3.4321310624906616,137.30357142857144,0.0,0,3.4321310624906616
YDR482C,0.0,0.0,0.0,0,0.0
YFR024C-A,1.5179028132992325,9.188888888888888,786.6166666666667,0,1.5179028132992325
YFR040W,0.7839540364557693,10.772222222222224,111.33333333333333,0,0.7839540364557693
YGL190C,2.3494598923169088,79.32382650029707,0.0,0,2.3494598923169088
YGR161C,0.5489674253586415,7.93452380952381,1.0,0,0.5489674253586415
YGR281W,0.0,0.0,0.0,0,0.0
YHR082C,2.3969948365227887,139.25238095238092,303.6333333333333,1,2.3969948365227887
YHR135C,1.583751302911959,122.52301587301586,51.16666666666666,0,1.583751302911959
YJL020C,2.755257527255964,52.24238816738817,809.9666666666667,0,2.755257527255964
YLR191W,1.996644403798545,41.546031746031744,323.33333333333337,0,1.996644403798545
YMR109W,5.423914605483277,191.93798701298704,1065.6333333333332,0,5.423914605483277
YMR273C,2.4059954445479117,37.221969696969694,10.5,0,2.4059954445479117
YNL127W,0.2348786834080952,6.133333333333333,0.0,0,0.2348786834080952
YNR032W,0.24416802872685225,11.308333333333332,0.0,0,0.24416802872685225
YOL113W,0.3694469724110443,7.714285714285714,0.0,0,0.3694469724110443
YOR014W,1.844780167465142,105.04751082251082,36.5,0,1.844780167465142
YPL152W,0.17870610870610873,4.142857142857142,4.5,0,0.17870610870610873
YAL017W,0.7405118812226468,7.683333333333334,4.0,0,0.7405118812226468
YCL027W,0.469034877050402,176.73333333333332,62.0,0,0.469034877050402
YDR099W,1.5850171670849056,63.89484126984129,73.675,0,1.5850171670849056
YDR190C,1.3166907602464486,41.43241057188426,104.83333333333333,1,1.3166907602464486
YER054C,1.3711983125453695,37.5,0.0,0,1.3711983125453695
YFR053C,1.3572336921010482,220.1355339105339,0.0,0,1.3572336921010482
YGL112C,4.915605824802016,85.29261849261847,55.5,1,4.915605824802016
YKL035W,0.266076991893808,2.1666666666666665,0.0,1,0.266076991893808
YLR258W,2.3940683141035617,22.0,0.0,0,2.3940683141035617
YMR205C,6.52949033759941,497.0561327561328,218.38888888888889,0,6.52949033759941
YOL045W,0.12539184952978055,0.0,0.0,0,0.0
YPR160W,0.46637078846548,4.75,0.0,0,0.46637078846548
YAL018C,0.3833887188129475,2.2474747474747474,27.166666666666664,0,0.3833887188129475
YBR290W,6.975939261751585,160.9400432900433,291.4,0,6.975939261751585
YDL017W,2.760677838993618,221.1321657058112,0.0,1,2.760677838993618
YDR331W,8.725202168007918,473.5,597.5999999999999,1,8.725202168007918
YHR114W,1.4857142857142855,154.79047619047617,931.1666666666669,0,1.4857142857142855
YLL028W,4.91866638278833,170.7666666666667,121.25000000000003,0,4.91866638278833
YLR034C,0.7367692339793532,8.42142857142857,20.944444444444446,0,0.7367692339793532
YLR264W,0.7030954315053648,15.2,15.0,0,0.7030954315053648
YMR001C,2.6273707740334538,138.5357683982684,0.0,1,2.6273707740334538
YAL019W,0.0,0.0,0.0,0,0.0
YBL088C,0.15307971014492755,0.0,4.766666666666667,0,0.15307971014492755
YBR084W,0.5032389532389533,5.191176470588236,7.5,0,0.5032389532389533
YBR160W,1.9329843425768707,248.38205789308725,0.0,1,1.9329843425768707
YDL117W,0.8333519505582035,8.358585858585858,90.01666666666667,0,0.8333519505582035
YJL124C,2.5834102113731108,63.02261904761905,68.75,0,2.5834102113731108
YAL021C,2.59218355485118,39.97165993191536,119.75,0,2.59218355485118
YBR072W,2.2086133613647467,290.1309523809524,0.0,0,2.2086133613647467
YCR093W,3.664699298386168,23.61309523809524,59.041666666666664,1,3.664699298386168
YDL165W,1.974279984194595,10.95,13.5,1,1.974279984194595
YDR188W,0.24512631975867272,2.8166666666666664,5.833333333333333,1,0.24512631975867272
YDR443C,2.095640758972408,33.5,47.33333333333333,0,2.095640758972408
YER068W,3.1795707915273135,4.8011904761904765,8.0,0,3.1795707915273135
YFL028C,0.10256410256410256,0.0,2.25,0,0.10256410256410256
YGL048C,6.353925429738491,199.79553224553223,97.66666666666667,1,6.353925429738491
YGL178W,0.3388683525983297,14.61190476190476,9.0,0,0.3388683525983297
YGL195W,0.24742205743197396,0.0,6.5,0,0.24742205743197396
YGR086C,0.06450007319572537,3.142857142857143,0.0,0,0.06450007319572537
YGR092W,2.9900195774951674,228.3907037407037,118.375,0,2.9900195774951674
YGR134W,2.6789297658862874,3.567857142857143,7.0,0,2.6789297658862874
YGR155W,0.4312060344236416,4.511111111111111,0.0,1,0.4312060344236416
YGR184C,0.18613438427480175,20.0,0.0,0,0.18613438427480175
YJL130C,1.3708305248655852,82.86735326077432,263.25,0,1.3708305248655852
YKR036C,1.2192532306080692,25.500000000000004,37.33333333333333,0,1.2192532306080692
YLL013C,0.47159383097275853,2.9,12.277777777777775,0,0.47159383097275853
YLR180W,2.4539723407922573,275.9857142857143,0.0,0,2.4539723407922573
YLR259C,2.494143292362641,429.16795704295697,1001.5166666666668,1,2.494143292362641
YNL025C,1.7723505809660105,41.94047619047618,107.0,0,1.7723505809660105
YNL071W,0.6777653582790522,183.33333333333331,70.45,0,0.6777653582790522
YNL288W,3.572936162066596,9.45595238095238,18.5,0,3.572936162066596
YNR052C,2.2649470860340424,15.828571428571427,34.666666666666664,1,2.2649470860340424
YOR027W,0.7751486814085367,54.88571428571428,76.0,0,0.7751486814085367
YPL042C,2.3905601984968117,38.45739538239539,106.41666666666667,0,2.3905601984968117
YPR072W,3.182563365753021,18.266666666666666,12.0,0,3.182563365753021
YAL022C,0.07167608286252354,16.26666666666667,6.0,0,0.07167608286252354
YBR159W,6.739999999999993,375.4035714285713,706.7249999999999,0,6.739999999999993
YDR497C,0.07326007326007325,3.0,6.0,0,0.07326007326007325
YGL132W,0.0,0.0,0.0,0,0.0
YJR117W,4.623165045254423,161.51666666666665,262.6833333333333,0,4.623165045254423
YAL023C,0.0,0.0,0.0,0,0.0
YAR027W,1.2758237615684422,22.990476190476187,49.11111111111111,0,1.2758237615684422
YHR030C,4.175341214436534,243.16090339399165,0.0,0,4.175341214436534
YIR009W,0.2957466063348417,14.666666666666666,4.0,0,0.2957466063348417
YAL025C,0.0,0.0,0.0,1,0.0
YJR044C,0.0,0.0,0.0,0,0.0
YOR005C,1.5974642163296924,39.19864857364858,59.0,0,1.5974642163296924
YOR267C,3.3150536972537714,166.33333333333331,126.5,0,3.3150536972537714
YAL026C,0.0,0.0,0.0,0,0.0
YAL053W,0.0,0.0,0.0,0,0.0
YDL192W,0.9589415176361379,176.0,95.38333333333334,0,0.9589415176361379
YPL146C,0.0,0.0,0.0,1,0.0
YAL027W,0.14724150529777127,2.9,9.0,0,0.14724150529777127
YBR196C,1.7828143447609652,368.1666666666667,419.99999999999994,1,1.7828143447609652
YCL024W,0.7080575270982248,16.189393939393938,10.0,0,0.7080575270982248
YDR174W,0.2050695213485911,4.938235294117646,7.0,0,0.2050695213485911
YDR381W,0.6161476215355526,5.579166666666667,27.166666666666664,1,0.6161476215355526
YDR507C,1.7342879372549436,46.76211900844254,28.666666666666668,0,1.7342879372549436
YLR044C,2.2966150481256804,127.64831834831834,93.41666666666667,0,2.2966150481256804
YML095C,0.6735530702692949,20.616666666666667,57.3,0,0.6735530702692949
YOL086C,0.0,0.0,0.0,0,0.0
YPL022W,0.8508277299634404,31.70230500493659,137.8,0,0.8508277299634404
YAL028W,0.03295739348370927,16.5,0.0,0,0.03295739348370927
YBL050W,1.2777777777777777,28.672222222222224,114.16666666666666,1,1.2777777777777777
YDL239C,0.9460068448225052,90.437678987679,21.72222222222222,0,0.9460068448225052
YLR233C,0.5428648516343,11.068627450980392,23.833333333333332,0,0.5428648516343
YAL029C,0.6323006629693375,14.143122958912432,38.0,0,0.6323006629693375
YBR081C,5.162798789446762,55.83433934486565,74.66666666666666,0,5.162798789446762
YBR109C,0.8900424416027247,56.28134256094783,65.16666666666666,1,0.8900424416027247
YBR130C,0.548596428302962,22.857142857142858,25.25,0,0.548596428302962
YGL106W,0.8125136911281489,15.415584415584416,49.0,1,0.8125136911281489
YHR023W,0.38678787878787885,0.0,0.0,1,0.0
YKL130C,0.25997176357172364,16.833333333333336,22.166666666666668,0,0.25997176357172364
YLR249W,0.025,8.375,0.0,1,0.025
YMR139W,0.7144624055028681,39.16666666666667,0.0,0,0.7144624055028681
YMR186W,1.6617743983051398,95.10833333333332,62.75,0,1.6617743983051398
YMR309C,2.966036243392718,61.74801587301588,46.083333333333336,1,2.966036243392718
YOR181W,2.950482065797622,219.1448412698413,0.0,1,2.950482065797622
YAL030W,0.0,0.0,0.0,0,0.0
YDR468C,1.2533333333333334,20.05,23.13888888888889,1,1.2533333333333334
YGR009C,0.48318158550666473,11.166666666666666,0.0,1,0.48318158550666473
YAL031C,0.019537480063795853,11.090909090909092,0.0,0,0.019537480063795853
YAL032C,3.002736653833935,39.41666666666666,69.33333333333334,1,3.002736653833935
YBR017C,1.2017590796346962,101.8559523809524,75.74999999999999,0,1.2017590796346962
YDL209C,0.2388152388152388,0.0,9.5,1,0.2388152388152388
YDR364C,0.16771966771966773,1.3333333333333333,5.5,1,0.16771966771966773
YDR416W,2.6674687474687477,6.857142857142857,31.0,1,2.6674687474687477
YGL120C,1.8625285029498588,31.416666666666664,50.5,1,1.8625285029498588
YGL128C,0.39399489399489396,2.1666666666666665,6.25,1,0.39399489399489396
YGR278W,0.2388152388152388,0.0,4.75,1,0.2388152388152388
YJL203W,1.186494532846505,66.0,42.333333333333336,1,1.186494532846505
YKL095W,1.5272550539258685,36.13118131868132,62.66666666666667,1,1.5272550539258685
YKL173W,4.80720171676054,64.59047619047618,107.5,1,4.80720171676054
YLL036C,3.8572324006147536,14.521825396825395,47.0,1,3.8572324006147536
YLR117C,3.7828858426684504,14.66904761904762,58.0,1,3.7828858426684504
YLR338W,0.0,0.0,0.0,0,0.0
YLR345W,0.05227021040974529,3.5,9.333333333333334,0,0.05227021040974529
YLR423C,1.16125272425281,83.92069597069596,108.775,0,1.16125272425281
YML049C,3.00386730479105,11.961111111111112,65.0,1,3.00386730479105
YMR213W,4.055654048611794,22.34340659340659,23.75,1,4.055654048611794
YMR288W,1.4855987025903903,4.133333333333333,17.0,1,1.4855987025903903
YNL189W,2.4837209302325616,294.45,290.6944444444444,1,2.4837209302325616
YOR036W,0.6225772765246449,19.125,32.08333333333333,1,0.6225772765246449
YPL151C,1.5406383720615233,32.0,18.75,1,1.5406383720615233
YPL213W,0.6570721900197604,15.333333333333332,11.5,1,0.6570721900197604
YAL033W,0.0,0.0,0.0,1,0.0
YBR167C,0.0,0.0,0.0,1,0.0
YJR115W,0.08412016319747782,0.0,0.0,0,0.0
YAL034C,0.05531609195402298,9.0,0.0,0,0.05531609195402298
YBR198C,3.7004672041456046,95.94444444444444,62.0,1,3.7004672041456046
YGR274C,4.235520402282328,59.156499382969976,52.0,1,4.235520402282328
YOL004W,1.4734620486672467,48.3289355089355,66.83333333333333,0,1.4734620486672467
YAL034W-A,0.0,0.0,0.0,1,0.0
YDL028C,1.1183265055079676,21.428787878787883,0.0,1,1.1183265055079676
YGL172W,3.1043624762417656,56.90476190476189,34.0,1,3.1043624762417656
YGR120C,1.6332855746059076,45.471428571428575,30.627777777777776,1,1.6332855746059076
YKL103C,1.5527721475915204,71.34761904761905,76.125,0,1.5527721475915204
YAL035W,0.9288928211915829,7.333333333333333,45.33333333333333,1,0.9288928211915829
YDL014W,3.10199661328501,66.59404761904761,78.54166666666667,1,3.10199661328501
YDR496C,2.0256010299730143,37.42857142857143,35.833333333333336,0,2.0256010299730143
YER036C,0.0,0.0,0.0,1,0.0
YGL130W,0.7851779282700335,10.91602564102564,27.5,1,0.7851779282700335
YGR102C,0.0,0.0,0.0,0,0.0
YIL018W,0.4402035720777171,0.0,16.0,0,0.4402035720777171
YIR001C,0.6734480859320398,40.0,39.333333333333336,0,0.6734480859320398
YLR175W,2.5712903660846274,82.47837995337994,67.20833333333334,1,2.5712903660846274
YLR241W,0.370974025974026,26.0,17.5,0,0.370974025974026
YLR427W,0.9395828094427955,171.0,39.166666666666664,0,0.9395828094427955
YMR106C,2.928533798773623,262.0524225774226,367.12500000000006,0,2.928533798773623
YNL030W,1.9393389490835027,78.7736652236652,0.0,0,1.9393389490835027
YOR119C,4.404930825908516,133.48650793650796,149.4666666666667,1,4.404930825908516
YOR361C,3.028316415787356,88.83333333333333,41.5,1,3.028316415787356
YPR041W,2.3679435015112764,19.462268287268287,0.0,1,2.3679435015112764
YAL036C,0.3591617051013627,42.53333333333334,31.633333333333336,0,0.3591617051013627
YCR038C,0.09728506787330317,7.5,12.6,0,0.09728506787330317
YDL065C,0.8312289043205738,13.185714285714289,11.133333333333333,0,0.8312289043205738
YDL126C,3.488062200178881,201.155957930958,321.61666666666673,1,3.488062200178881
YDR152W,0.0,0.0,0.0,0,0.0
YGR162W,2.877988162472259,106.73333333333332,182.16666666666666,0,2.877988162472259
YGR250C,0.0,0.0,0.0,0,0.0
YHR027C,8.239512251165369,151.26476954418132,0.0,1,8.239512251165369
YIL075C,2.864933608886588,58.469696969696976,0.0,1,2.864933608886588
YJL138C,2.7707773112427727,378.6666666666666,0.0,0,2.7707773112427727
YKL152C,1.2635019981638629,145.9333333333333,104.37777777777778,1,1.2635019981638629
YNR022C,0.0,0.0,0.0,0,0.0
YPL061W,0.586705733683695,216.0,134.88333333333333,0,0.586705733683695
YAL038W,0.0,0.0,0.0,1,0.0
YNL307C,0.9680984646823153,27.228174603174605,0.0,0,0.9680984646823153
YOR226C,0.0,0.0,0.0,0,0.0
YAL040C,0.49362638651405155,21.430080213903743,0.0,0,0.49362638651405155
YJL013C,0.0,0.0,0.0,0,0.0
YJL157C,1.754251868267889,121.65974025974026,0.0,1,1.754251868267889
YJR132W,0.06818181818181818,0.0,4.666666666666667,0,0.06818181818181818
YLL021W,0.6423255416388279,26.71428571428571,0.0,0,0.6423255416388279
YLR182W,0.4654704944178628,31.80357142857143,0.0,1,0.4654704944178628
YPL014W,0.14315928160321753,6.166666666666667,0.0,0,0.14315928160321753
YAL041W,1.202010951148882,33.06969696969697,0.0,1,1.202010951148882
YBL085W,1.3927139037433152,52.09930347430348,0.0,0,1.3927139037433152
YBR079C,3.232045208627689,67.3686507936508,35.833333333333336,1,3.232045208627689
YBR200W,1.5661842368158159,123.8,98.33333333333333,1,1.5661842368158159
YDR379W,0.0,0.0,0.0,0,0.0
YER114C,1.1465877941246279,129.0,79.16666666666667,0,1.1465877941246279
YGL052W,0.0,0.0,0.0,0,0.0
YGL127C,0.9306133094865486,55.71666666666667,51.0,0,0.9306133094865486
YGL233W,0.7855311355311356,3.0416666666666665,3.111111111111111,1,0.7855311355311356
YGR152C,0.587912087912088,0.0,3.111111111111111,0,0.587912087912088
YGR221C,0.04984051036682616,0.0,0.0,0,0.0
YGR268C,0.14036650447409232,61.0,110.63333333333333,0,0.14036650447409232
YHL007C,1.351281630941035,42.52352092352093,45.722222222222236,0,1.351281630941035
YIL079C,0.41052583723356395,24.545454545454547,2.75,0,0.41052583723356395
YJL008C,2.1433367619376833,395.33333333333337,313.25,1,2.1433367619376833
YJL187C,1.9007597019921267,98.77193362193364,59.01666666666666,0,1.9007597019921267
YKL172W,1.102086423152268,15.844444444444443,14.5,1,1.102086423152268
YLL008W,1.1944355046918949,28.416666666666668,23.0,1,1.1944355046918949
YLR206W,0.0582266412317295,1.6666666666666667,37.6,0,0.0582266412317295
YLR229C,1.8185862274362414,46.81354895104895,9.388888888888888,1,1.8185862274362414
YLR357W,0.4586722488038278,5.333333333333333,2.0,0,0.4586722488038278
YMR298W,0.10989010989010989,1.2,2.0,1,0.10989010989010989
YNL118C,1.3612377001772196,19.467314118629904,82.66666666666667,1,1.3612377001772196
YNL175C,1.7302382146682684,23.874164578111944,51.0,0,1.7302382146682684
YOR212W,1.4314641566769202,117.85353535353538,0.0,0,1.4314641566769202
YPL161C,0.8618326118326118,73.0,0.0,0,0.8618326118326118
YPR129W,0.0,0.0,0.0,0,0.0
YAL042W,0.24358974358974358,2.416666666666667,1.9444444444444444,0,0.24358974358974358
YML067C,1.1165666439345403,43.4,20.333333333333332,0,1.1165666439345403
YML130C,0.3488529014844804,8.333333333333334,12.333333333333334,1,0.3488529014844804
YAL043C,8.98128768368429,66.32976190476191,137.5,1,8.98128768368429
YDR195W,7.4037666245359945,46.37142857142857,123.5,0,7.4037666245359945
YDR228C,2.6344909617586447,25.229761904761904,38.0,1,2.6344909617586447
YDR301W,8.225044266911432,75.4,83.5,1,8.225044266911432
YDR311W,0.3236598510794701,8.713553113553115,32.333333333333336,1,0.3236598510794701
YGR156W,5.792400611902047,37.99761904761905,69.0,1,5.792400611902047
YJL033W,4.5510218913877445,38.45357142857143,34.75,1,4.5510218913877445
YJR093C,6.015637020548436,63.85,79.33333333333334,1,6.015637020548436
YKL018W,4.318671265254069,31.726190476190474,20.75,1,4.318671265254069
YKL059C,7.820137231633553,44.91428571428571,78.5,1,7.820137231633553
YKR002W,8.040789794984475,55.261904761904766,93.33333333333334,1,8.040789794984475
YLR115W,8.730921577538757,121.5,129.5,1,8.730921577538757
YLR277C,7.728543130224873,59.695238095238096,122.5,1,7.728543130224873
YMR061W,5.204317250838991,34.96904761904762,20.25,1,5.204317250838991
YMR182C,0.0,0.0,0.0,0,0.0
YNL222W,0.7307692307692308,6.183333333333333,4.0,1,0.7307692307692308
YNL317W,5.375622810911769,52.3796918767507,137.0,1,5.375622810911769
YOR179C,0.9230117781947051,36.0,26.0,0,0.9230117781947051
YPR107C,6.102571184196005,49.35,38.5,1,6.102571184196005
YAL045C,0.0,0.0,0.0,0,0.0
YDR328C,2.718723934220907,179.92445512004332,45.6,1,2.718723934220907
YJR063W,1.0931490384615385,10.031746031746032,13.5,0,1.0931490384615385
YAL047C,0.5934357033694782,2.0404040404040407,11.708333333333332,0,0.5934357033694782
YCL032W,0.41368209255533206,29.75,0.0,0,0.41368209255533206
YEL061C,0.0,0.0,0.0,0,0.0
YGL212W,0.7619047619047619,12.11111111111111,53.25,0,0.7619047619047619
YGR218W,1.0950762756726342,55.0127344877345,82.08333333333334,1,1.0950762756726342
YHR172W,1.445600414078675,5.313131313131313,11.86111111111111,1,1.445600414078675
YIL061C,2.345418158519956,115.96666666666668,296.99999999999994,1,2.345418158519956
YLR045C,0.36583850931677014,0.0,5.5,1,0.36583850931677014
YLR212C,1.9984126984126984,8.253607503607505,8.708333333333332,1,1.9984126984126984
YLR429W,0.3412934690821404,7.076923076923077,0.0,0,0.3412934690821404
YMR047C,1.4180810103188053,130.09285714285716,120.0958333333333,1,1.4180810103188053
YNL126W,1.0797619047619047,5.888888888888889,6.694444444444445,1,1.0797619047619047
YNL188W,0.0,0.0,0.0,1,0.0
YPL093W,3.726784795362439,84.08690476190476,67.0,1,3.726784795362439
YAL048C,0.0,0.0,0.0,0,0.0
YAL049C,0.0,0.0,0.0,0,0.0
YDL025C,1.0802973652313603,19.98333333333333,0.0,0,1.0802973652313603
YNL094W,1.9014119390487132,36.03554829673251,389.5333333333333,0,1.9014119390487132
YAL051W,0.0,0.0,0.0,0,0.0
YOR363C,0.0,0.0,0.0,0,0.0
YER100W,0.298398835823855,9.466666666666669,11.916666666666668,0,0.298398835823855
YLR083C,0.6461593605157329,14.5,14.166666666666663,0,0.6461593605157329
YLR292C,0.752840267410917,38.66666666666666,40.333333333333336,0,0.752840267410917
YML072C,0.0,0.0,0.0,0,0.0
YOR153W,0.0,0.0,0.0,0,0.0
YAL054C,0.0,0.0,0.0,0,0.0
YHR041C,2.9366372053872056,46.74117647058824,22.5,0,2.9366372053872056
YLR049C,0.0,0.0,0.0,0,0.0
YAL055W,1.6337412587412588,14.5,15.566666666666666,0,1.6337412587412588
YDR265W,1.870483682983683,14.9,17.816666666666666,0,1.870483682983683
YGR133W,0.4,2.05,4.0,0,0.4
YMR026C,1.245483682983683,9.835714285714284,15.816666666666666,0,1.245483682983683
YOL044W,1.1770833333333333,5.485714285714286,6.166666666666666,0,1.1770833333333333
YAL056W,0.23333333333333334,12.142857142857142,4.666666666666667,0,0.23333333333333334
YER020W,0.26666666666666666,10.242857142857142,1.8333333333333333,0,0.26666666666666666
YGL121C,0.4666666666666667,34.0,14.833333333333332,0,0.4666666666666667
YAL058W,0.0,0.0,0.0,0,0.0
YIL120W,0.1484453554860287,2.5,12.25,0,0.1484453554860287
YOR236W,0.0,0.0,0.0,1,0.0
YAL059W,0.0,0.0,0.0,0,0.0
YBR115C,0.0,0.0,0.0,0,0.0
YDR395W,0.5999692803965304,13.378571428571428,11.694444444444445,1,0.5999692803965304
YER165W,2.104644284792286,98.07504815445988,102.83333333333334,1,2.104644284792286
YMR308C,2.0644656132107086,76.00862617774384,119.45833333333333,1,2.0644656132107086
YAL060W,0.0,0.0,0.0,0,0.0
YAL061W,0.0,0.0,0.0,0,0.0
YAL062W,0.0,0.0,0.0,0,0.0
YLR267W,0.16026817973547858,10.70441176470588,0.0,0,0.16026817973547858
YAL063C-A,0.0,0.0,0.0,0,0.0
YPR154W,0.16,20.0,9.416666666666666,0,0.16
YAL064W,0.0,0.0,0.0,0,0.0
YKR011C,0.0,0.0,0.0,0,0.0
YMR149W,4.772818293430151,62.1939393939394,138.125,1,4.772818293430151
YAL064W-B,0.0,0.0,0.0,0,0.0
YPR126C,0.0,0.0,0.0,0,0.0
YAL066W,0.0,0.0,0.0,0,0.0
YAL067C,0.0,0.0,0.0,0,0.0
YER118C,1.8506016335165132,88.0482683982684,144.40555555555557,0,1.8506016335165132
YGR260W,4.23140237260064,229.50000000000003,185.41666666666669,0,4.23140237260064
YHR042W,0.0,0.0,0.0,1,0.0
YAL069W,0.0,0.0,0.0,0,0.0
YMR032W,1.7389493749389031,12.684998334998337,107.58333333333333,1,1.7389493749389031
YGR132C,0.0,0.0,0.0,0,0.0
YDL229W,1.4722865296388403,690.0,77.33333333333333,0,1.4722865296388403
YGL097W,1.1276696987223302,19.25686813186813,43.83333333333333,1,1.1276696987223302
YLR293C,2.2142053739697105,60.4924963924964,151.91666666666669,1,2.2142053739697105
YOR133W,0.3719076590024924,4.664819004524887,0.0,0,0.3719076590024924
YAR003W,2.132723248369984,44.65,12.0,0,2.132723248369984
YBL026W,3.323333847411673,105.00103668261563,146.0,1,3.323333847411673
YBR175W,1.9167379526660966,43.13333333333333,15.166666666666666,0,1.9167379526660966
YBR258C,2.5396825396825395,61.0,16.0,0,2.5396825396825395
YCL040W,0.7523594368960915,84.5095238095238,0.0,0,0.7523594368960915
YDR069C,0.0,0.0,0.0,0,0.0
YDR140W,0.0,0.0,0.0,0,0.0
YDR469W,2.5396825396825395,30.0,16.0,0,2.5396825396825395
YHR119W,2.4985039246722587,15.284848484848489,12.25,0,2.4985039246722587
YIL148W,1.2459557805573604,71.79444444444447,53.08333333333333,0,1.2459557805573604
YJL026W,0.39199581155233965,6.275,3.111111111111111,1,0.39199581155233965
YJL141C,0.6741176196088482,31.040476190476188,15.5,0,0.6741176196088482
YJR113C,0.23193277310924368,4.25,3.0,0,0.23193277310924368
YLR015W,3.075396825396825,35.8,10.0,0,3.075396825396825
YPL138C,3.075396825396825,33.98831168831168,18.0,0,3.075396825396825
YAR007C,1.5345823650663808,59.28215665913035,123.66666666666667,1,1.5345823650663808
YBR089C-A,1.6328441295546559,2.1666666666666665,12.0,1,1.6328441295546559
YBR136W,1.0787255138878356,10.927568922305763,28.833333333333336,1,1.0787255138878356
YCR012W,0.09367424242424242,4.2,5.0,1,0.09367424242424242
YDL007W,5.333794802676508,57.618398268398266,7.0,1,5.333794802676508
YDR034C,0.24712301587301583,13.057142857142855,44.96666666666667,0,0.24712301587301583
YDR097C,1.7407224507261183,21.599248120300757,67.66666666666667,0,1.7407224507261183
YER078C,0.0,0.0,0.0,0,0.0
YER095W,0.6164907812130473,30.307142857142857,25.000000000000004,0,0.6164907812130473
YHR164C,0.0,0.0,0.0,1,0.0
YIR002C,0.07539682539682539,1.7272727272727273,2.0,0,0.07539682539682539
YJL034W,0.9538757647558398,47.77980557454242,114.7,1,0.9538757647558398
YJL173C,1.138841125024689,51.60918803418805,76.33333333333333,1,1.138841125024689
YLR304C,0.214503871884456,0.0,10.694444444444443,0,0.214503871884456
YML032C,0.7726088968378748,21.97619047619048,14.5,0,0.7726088968378748
YML124C,0.44173868212277306,29.804616144089827,87.7,0,0.44173868212277306
YMR116C,0.809006042943422,11.363362952836637,50.7,0,0.809006042943422
YMR234W,0.0521680216802168,8.5,0.0,0,0.0521680216802168
YNL312W,0.641771173166522,2.093984962406015,26.0,1,0.641771173166522
YOL090W,1.2091433699305798,12.685964912280705,23.5,0,1.2091433699305798
YAR008W,0.8110307414104883,1.2,3.0,1,0.8110307414104883
YBL051C,0.17507002801120447,0.25,6.0,0,0.17507002801120447
YLR105C,0.6430028233825702,4.266666666666667,4.125,1,0.6430028233825702
YMR059W,1.457714910217067,208.5,28.333333333333332,1,1.457714910217067
YPL083C,0.8110307414104883,2.2666666666666666,3.0,1,0.8110307414104883
YAR014C,0.9286845835895333,16.00937950937951,0.0,0,0.9286845835895333
YBR186W,0.0,0.0,0.0,0,0.0
YCL031C,0.5022952408705228,24.0,94.51666666666667,1,0.5022952408705228
YDL070W,0.02375508130081301,0.0,0.0,0,0.0
YDL240W,0.0,0.0,0.0,0,0.0
YDR010C,0.03382034632034632,0.0,0.0,0,0.0
YDR085C,0.02375508130081301,0.0,0.0,0,0.0
YDR100W,0.29276315789473684,6.666666666666666,1.0,0,0.29276315789473684
YDR107C,0.0,0.0,0.0,0,0.0
YDR122W,1.1604987977469516,25.04761904761905,3.8333333333333335,0,1.1604987977469516
YDR259C,0.5628808941130327,36.8,50.16666666666667,0,0.5628808941130327
YDR277C,0.8314527479789778,67.5,0.0,0,0.8314527479789778
YDR480W,1.6588964465614373,35.392857142857146,56.83333333333333,0,1.6588964465614373
YER032W,0.6363042849158875,34.12138694638695,50.0,0,0.6363042849158875
YER115C,0.05808080808080808,20.0,0.0,0,0.05808080808080808
YER155C,0.6303688830564387,12.251623376623376,0.0,0,0.6303688830564387
YER158C,0.0,0.0,0.0,0,0.0
YER167W,1.1359015109615156,97.33333333333331,0.0,0,1.1359015109615156
YFL059W,1.7980539405684755,19.0,0.0,0,1.7980539405684755
YGL237C,1.2129769969931465,64.7,139.53333333333333,0,1.2129769969931465
YGR037C,0.0899336136094452,6.333333333333334,0.0,0,0.0899336136094452
YGR225W,0.0,0.0,0.0,0,0.0
YGR285C,0.8067550505050505,2.785714285714286,30.7,0,0.8067550505050505
YHL048W,6.249153573995406,223.82121212121217,657.2833333333334,0,6.249153573995406
YHR064C,0.4348169191919192,4.666666666666667,4.5,0,0.4348169191919192
YIL045W,0.997531782271579,4.821428571428571,0.0,0,0.997531782271579
YIL144W,1.0177585082251797,23.73852813852813,80.43333333333334,1,1.0177585082251797
YJL042W,0.08899483573917372,0.0,2.0,0,0.08899483573917372
YKR075C,0.0,0.0,0.0,1,0.0
YLR096W,2.3253545953382773,117.98355878727396,83.52222222222221,0,2.3253545953382773
YLR098C,0.0,0.0,0.0,0,0.0
YLR108C,0.06809575401124697,39.0,13.333333333333334,0,0.06809575401124697
YLR245C,0.08312772294834178,4.747619047619048,0.0,0,0.08312772294834178
YLR273C,0.04503676470588235,3.5,0.0,0,0.04503676470588235
YLR430W,0.15556539726584237,4.087301587301587,46.13333333333333,1,0.15556539726584237
YML052W,0.0,0.0,0.0,0,0.0
YMR018W,0.0,0.0,0.0,0,0.0
YMR071C,0.0,0.0,0.0,1,0.0
YMR104C,0.3130284045975947,9.233333333333333,15.375,0,0.3130284045975947
YMR258C,0.0,0.0,0.0,0,0.0
YNL044W,1.1264365676057437,43.98333333333333,43.208333333333336,1,1.1264365676057437
YNL206C,0.06399640230942413,0.0,5.75,0,0.06399640230942413
YNL229C,0.8394672087526948,5.944444444444445,85.93333333333332,0,0.8394672087526948
YNL333W,1.829799972314507,11.3,0.0,0,1.829799972314507
YOL033W,0.0,0.0,0.0,0,0.0
YOL154W,0.0,0.0,0.0,0,0.0
YOR047C,0.6674846573596344,24.236111111111114,44.600000000000016,0,0.6674846573596344
YOR062C,0.07328918322295806,3.633333333333333,0.0,0,0.07328918322295806
YOR178C,0.9588581501278304,14.428571428571429,0.0,0,0.9588581501278304
YOR229W,0.5659488387481363,13.117857142857144,0.0,1,0.5659488387481363
YOR284W,0.7181252923237548,3.3666666666666667,168.38333333333333,0,0.7181252923237548
YOR329C,0.1291033960442232,2.761904761904762,70.88333333333333,1,0.1291033960442232
YOR355W,0.0,0.0,0.0,0,0.0
YOR358W,0.3579931501425404,6.96984126984127,10.333333333333334,0,0.3579931501425404
YPL049C,1.6332568754984629,28.875,68.16666666666666,0,1.6332568754984629
YPL204W,2.6961410964520214,141.76344269765326,155.55555555555554,1,2.6961410964520214
YAR018C,0.4784662655352311,4.365079365079366,0.0,0,0.4784662655352311
YBL106C,0.08551307847082494,4.564102564102564,0.0,0,0.08551307847082494
YDR216W,2.7475224688713795,56.0843013539608,39.5,0,2.7475224688713795
YGR032W,0.0,0.0,0.0,0,0.0
YIL070C,0.3932913204897592,10.5,19.0,0,0.3932913204897592
YJL098W,2.3725245086044313,54.62302246257354,0.0,0,2.3725245086044313
YML006C,0.22333099906629317,3.333333333333333,48.083333333333336,0,0.22333099906629317
YOL054W,0.7010205807838693,4.041666666666667,19.0,0,0.7010205807838693
YOL083W,0.17586367880485526,1.2,6.0,0,0.17586367880485526
YOR167C,0.2507177033492823,2.8,3.0,0,0.2507177033492823
YAR019C,0.7352566989660934,78.60317460317461,43.02777777777778,1,0.7352566989660934
YDL047W,2.656362250512015,189.94000721500728,461.99999999999994,0,2.656362250512015
YDL185W,1.4173573978940013,66.33928571428571,32.08333333333333,0,1.4173573978940013
YHR169W,0.49879855973458326,42.17857142857143,48.666666666666664,1,0.49879855973458326
YNL223W,0.024868705591597158,3.157142857142857,1.0,0,0.024868705591597158
YAR023C,0.0,0.0,0.0,0,0.0
YDL217C,1.6190476190476188,7.0,4.0,1,1.6190476190476188
YAR028W,0.6261816399974295,45.0,45.333333333333336,0,0.6261816399974295
YAR030C,0.0,0.0,0.0,0,0.0
YBR106W,5.826923076923082,264.5380952380952,521.566666666667,1,5.826923076923082
YBR135W,1.1467050779121715,125.78766233766235,0.0,1,1.1467050779121715
YCL073C,0.0,0.0,0.0,0,0.0
YDL198C,0.0,0.0,0.0,0,0.0
YDR406W,0.0,0.0,0.0,0,0.0
YEL041W,0.0,0.0,0.0,0,0.0
YGL129C,0.28592996806015536,5.0,8.416666666666666,0,0.28592996806015536
YGR014W,0.10105938605378695,4.926406926406926,3.0,0,0.10105938605378695
YGR284C,5.489868439026176,175.58333333333331,343.6416666666667,0,5.489868439026176
YHR048W,0.0,0.0,0.0,0,0.0
YIL004C,2.887689335753852,29.98015873015873,44.08333333333333,1,2.887689335753852
YIL016W,6.162066056448128,190.4380952380953,189.80555555555554,0,6.162066056448128
YIL111W,0.0,0.0,0.0,0,0.0
YIR033W,0.0,0.0,0.0,0,0.0
YJL002C,2.829252422090563,18.25,56.916666666666664,1,2.829252422090563
YJL093C,0.0,0.0,0.0,0,0.0
YJR040W,0.0,0.0,0.0,0,0.0
YKL196C,2.3004329004329005,20.344444444444445,17.055555555555554,1,2.3004329004329005
YKR105C,0.0,0.0,0.0,0,0.0
YLR018C,3.610176923312128,134.45,68.83333333333334,0,3.610176923312128
YLR214W,0.0,0.0,0.0,0,0.0
YML038C,0.24157999859219373,12.0,4.166666666666666,0,0.24157999859219373
YMR264W,1.0611561546567922,20.052380952380958,39.99999999999999,0,1.0611561546567922
YMR279C,0.6767056203185315,24.0,54.333333333333336,0,0.6767056203185315
YNL125C,0.42150370484648475,5.0,46.833333333333336,0,0.42150370484648475
YOL030W,0.09048680787811222,1.25,4.527777777777778,0,0.09048680787811222
YOL156W,0.2517832469839606,12.466666666666669,24.833333333333332,0,0.2517832469839606
YOR273C,0.0,0.0,0.0,0,0.0
YPL094C,0.5952380952380952,6.583333333333334,13.0,1,0.5952380952380952
YPR128C,0.12777777777777777,0.0,4.666666666666667,0,0.12777777777777777
YGL104C,1.4382932149617207,136.0,89.80833333333334,0,1.4382932149617207
YGR055W,0.0,0.0,0.0,0,0.0
YJL219W,0.5628221684153887,8.1,12.5,0,0.5628221684153887
YML129C,0.0,0.0,0.0,0,0.0
YAR031W,0.09953703703703703,6.0,2.25,0,0.09953703703703703
YBR069C,2.146737233634164,88.75,259.91666666666663,0,2.146737233634164
YCR030C,0.6842817437356539,5.125,67.3,0,0.6842817437356539
YJR015W,0.9879685781928478,10.21904761904762,14.916666666666668,0,0.9879685781928478
YAR033W,0.5881242777524938,2.083333333333333,20.333333333333332,0,0.5881242777524938
YGL051W,3.154141674506636,54.669047619047625,96.02083333333333,0,3.154141674506636
YKL174C,0.1989247311827957,0.0,4.0,0,0.1989247311827957
YPR198W,1.9892208326164913,106.5,115.58333333333334,0,1.9892208326164913
YAR035W,0.0,0.0,0.0,0,0.0
YGR069W,0.0,0.0,0.0,0,0.0
YLR295C,0.20942140296978998,21.05,22.708333333333332,0,0.20942140296978998
YLR381W,0.0,0.0,0.0,0,0.0
YLR447C,0.33187689969604856,24.581096681096685,16.041666666666664,0,0.33187689969604856
YAR042W,0.25662251655629137,2.2666666666666666,2.708333333333333,0,0.25662251655629137
YER120W,0.0,0.0,0.0,0,0.0
YGR192C,0.03382034632034632,0.0,1.0,0,0.03382034632034632
YLR397C,0.25662251655629137,1.6666666666666667,11.666666666666666,1,0.25662251655629137
YAR047C,0.0,0.0,0.0,0,0.0
YAR064W,0.0,0.0,0.0,0,0.0
YGL070C,1.5999999999999999,60.90238095238095,19.0,0,1.5999999999999999
YAR066W,0.0,0.0,0.0,0,0.0
YDR074W,0.3571428571428571,0.0,3.0,0,0.3571428571428571
YLR145W,0.0,0.0,0.0,1,0.0
YPR086W,0.6409537166900419,50.125793650793646,69.83333333333334,1,0.6409537166900419
YAR068W,0.0,0.0,0.0,0,0.0
YAR069C,0.0,0.0,0.0,0,0.0
YPL215W,0.0,0.0,0.0,0,0.0
YAR071W,0.0,0.0,0.0,0,0.0
YLR453C,0.20225694444444448,15.35,17.166666666666664,0,0.20225694444444448
YAR073W,0.0,0.0,0.0,0,0.0
YDL213C,3.176634488526103,85.31541118839883,137.125,0,3.176634488526103
YLR383W,0.37378573167918605,45.89662257247396,24.6,1,0.37378573167918605
YOL115W,0.5045914324408994,12.297812713602188,34.166666666666664,0,0.5045914324408994
YBL001C,0.04311270125223614,2.0090909090909093,0.0,0,0.04311270125223614
YDR510W,0.3401362110352686,8.818181818181817,0.0,1,0.3401362110352686
YER067W,0.0,0.0,0.0,0,0.0
YPL068C,0.0,0.0,0.0,0,0.0
YBL002W,1.1199066442907593,14.080158730158727,31.666666666666668,0,1.1199066442907593
YBR114W,0.2857142857142857,5.025,30.833333333333332,0,0.2857142857142857
YBR245C,3.0221409137817803,13.86111111111111,57.5,0,3.0221409137817803
YCR040W,0.618140589569161,0.0,4.0,0,0.618140589569161
YDR121W,0.8939393939393938,1.4285714285714286,17.0,0,0.8939393939393938
YGL241W,0.19404572036150983,4.934523809523809,4.944444444444445,0,0.19404572036150983
YGR054W,0.06929510155316607,3.5,0.0,0,0.06929510155316607
YGR067C,0.0,0.0,0.0,0,0.0
YHR197W,3.493479326702743,80.17857142857143,179.5,1,3.493479326702743
YIL035C,5.049371159754223,299.8757936507937,0.0,0,5.049371159754223
YIL126W,0.625,0.0,8.5,1,0.625
YJR090C,1.340650465615503,83.81361089890501,103.49999999999999,0,1.340650465615503
YKR001C,1.6901482088188078,18.416666666666668,31.0,0,1.6901482088188078
YKR048C,0.9888213590662376,18.78392857142857,25.38888888888889,0,0.9888213590662376
YLR074C,3.514667305074322,148.68809523809523,85.58333333333333,0,3.514667305074322
YMR036C,0.58007675309855,27.879329004329005,0.0,0,0.58007675309855
YMR091C,0.20223285486443382,7.2,5.5,0,0.20223285486443382
YNL068C,0.0,0.0,0.0,0,0.0
YNL157W,0.0,0.0,0.0,0,0.0
YNL262W,1.2582419277180947,8.147619047619047,25.5,1,1.2582419277180947
YOL006C,0.10173160173160173,0.0,1.3333333333333333,0,0.10173160173160173
YOL087C,0.7669244276473193,114.0,21.5,0,0.7669244276473193
YOL108C,0.2897012454733594,0.0,15.333333333333334,0,0.2897012454733594
YOR116C,3.0352072602576636,24.38452380952381,82.0,1,3.0352072602576636
YOR207C,1.2222128219003219,6.285714285714286,26.5,1,1.2222128219003219
YOR304W,1.3121821291585654,5.361111111111111,15.0,0,1.3121821291585654
YPL082C,1.2405768208399788,7.022549019607843,9.5,1,1.2405768208399788
YPR175W,1.0606060606060606,2.1142857142857143,5.25,1,1.0606060606060606
YPR190C,0.8820511086136086,4.0,13.916666666666668,1,0.8820511086136086
YBL003C,0.0,0.0,0.0,1,0.0
YCR057C,4.167393966946824,88.07380952380952,111.375,1,4.167393966946824
YPL153C,0.9498293292809511,27.084126984126986,73.33333333333333,1,0.9498293292809511
YBL004W,1.4193968252944331,9.363095238095235,24.000000000000004,1,1.4193968252944331
YBL038W,0.7703222703222703,7.833333333333333,12.666666666666666,0,0.7703222703222703
YBR143C,0.3474853577794754,1.0,20.833333333333336,1,0.3474853577794754
YBR247C,3.8529919570982267,37.10950715950716,39.777777777777786,1,3.8529919570982267
YBR251W,1.8594827586206897,38.833333333333336,30.38888888888889,0,1.8594827586206897
YCL059C,3.7880127738198857,74.53333333333333,74.62500000000001,1,3.7880127738198857
YDR060W,4.949980785784908,40.692279942279946,44.33333333333333,1,4.949980785784908
YDR280W,5.517160758011741,60.285714285714285,37.77777777777778,1,5.517160758011741
YER082C,2.7765188123600404,53.40514449001292,88.08333333333334,1,2.7765188123600404
YGR090W,4.076031974092319,88.6145406880701,99.79166666666669,1,4.076031974092319
YGR220C,0.0,0.0,0.0,0,0.0
YHR089C,2.066147037022651,54.5,66.54166666666666,1,2.066147037022651
YJL095W,2.8517266208282557,92.57738095238092,174.66666666666666,0,2.8517266208282557
YKR086W,0.09401709401709402,0.0,2.0,1,0.09401709401709402
YNL110C,6.401204113274496,162.0,58.55555555555554,1,6.401204113274496
YNL284C,0.9475279404691166,24.666666666666664,20.444444444444443,0,0.9475279404691166
YOL139C,3.5998571945481372,156.9785714285714,0.0,1,3.5998571945481372
YPL043W,6.396895094006827,108.3647546897547,105.25,1,6.396895094006827
YPR137W,0.3580627705627706,13.433333333333334,6.166666666666666,1,0.3580627705627706
YBL005W,0.056526152376403155,2.857142857142857,3.0,0,0.056526152376403155
YCR009C,1.393423829840748,38.180735930735935,196.83333333333331,0,1.393423829840748
YCR088W,3.0577079544673147,119.16666666666669,585.6166666666667,1,3.0577079544673147
YDR176W,3.8388698730948647,54.46883035265387,53.83333333333333,0,3.8388698730948647
YDR388W,4.105692544084295,414.6626516242616,1328.7999999999997,0,4.105692544084295
YBL005W-B,0.0,0.0,0.0,0,0.0
YBL006C,0.0,0.0,0.0,0,0.0
YDR489W,0.0,0.0,0.0,1,0.0
YBL037W,0.8601083296735471,1.6,3.5,0,0.8601083296735471
YBL047C,0.864839604258148,14.840909090909092,13.1,0,0.864839604258148
YBL105C,1.0908425673017677,16.636363636363637,0.0,1,1.0908425673017677
YBR059C,0.918089701166902,0.0,0.0,0,0.0
YBR098W,0.07574296905406053,0.0,52.2,0,0.07574296905406053
YBR108W,0.5891114455022322,8.2,225.83333333333334,0,0.5891114455022322
YBR150C,0.02771710465969547,1.3333333333333333,12.233333333333333,0,0.02771710465969547
YBR205W,0.053302629073674786,2.5,75.2,0,0.053302629073674786
YBR250W,0.0,0.0,0.0,0,0.0
YCL008C,0.3860042571557377,3.8,36.788888888888884,0,0.3860042571557377
YCL034W,0.10419385880500394,11.0,50.2,0,0.10419385880500394
YCL045C,0.0,0.0,0.0,0,0.0
YCR095C,0.2572463768115942,0.0,0.0,0,0.0
YCR100C,0.0,0.0,0.0,0,0.0
YDL002C,1.2311346637052991,40.06666666666667,35.3,0,1.2311346637052991
YDL091C,0.0,0.0,0.0,0,0.0
YDL139C,0.05312500744531565,0.0,50.2,1,0.05312500744531565
YDL146W,0.26771799058739376,19.0,51.1,0,0.26771799058739376
YDL203C,0.15000000000000002,8.0,0.0,0,0.15000000000000002
YDL206W,0.13655405405405407,17.0,25.8,0,0.13655405405405407
YDR172W,0.2791666666666667,0.0,6.5,1,0.2791666666666667
YDR271C,0.03197174521982706,0.0,0.0,0,0.0
YDR382W,0.2994227994227994,1.0,3.0,0,0.2994227994227994
YDR423C,0.0,0.0,0.0,0,0.0
YDR520C,0.0,0.0,0.0,0,0.0
YEL068C,0.029225255031706643,0.0,0.0,0,0.0
YER014W,0.0,0.0,0.0,0,0.0
YER025W,1.8528869834722594,79.53358585858585,0.0,1,1.8528869834722594
YER027C,0.5125396825396825,4.9,20.233333333333334,0,0.5125396825396825
YER151C,0.18148880105401843,2.033333333333333,0.0,0,0.18148880105401843
YFL010C,0.04034196654779487,5.0,16.733333333333334,0,0.04034196654779487
YFR013W,0.3846634568145249,0.0,56.3,0,0.3846634568145249
YGL035C,0.24580134635638798,1.5714285714285714,52.2,0,0.24580134635638798
YGL201C,0.8540049306619324,4.846491228070176,143.7,1,0.8540049306619324
YGL215W,0.18992248062015504,4.333333333333334,0.0,0,0.18992248062015504
YGL238W,0.07233719372481046,2.0090909090909093,29.76666666666667,1,0.07233719372481046
YGR166W,0.31661841742486907,2.5,2.0,0,0.31661841742486907
YGR227W,0.053302629073674786,2.0,37.6,0,0.053302629073674786
YGR240C,2.190624766293441,90.11304112554112,157.79999999999998,0,2.190624766293441
YHL002W,1.0964951765931557,22.756204906204907,123.65555555555555,0,1.0964951765931557
YHL016C,0.0,0.0,0.0,0,0.0
YHR016C,2.477223340711367,80.64999999999999,855.3000000000001,0,2.477223340711367
YIL076W,1.2603274582200836,8.206349206349206,16.679166666666664,0,1.2603274582200836
YIL095W,1.541986578873989,41.51259778233463,316.9833333333333,0,1.541986578873989
YIL156W,0.6970952304192312,2.0075757575757573,209.7,0,0.6970952304192312
YIL173W,0.0,0.0,0.0,0,0.0
YIR003W,0.7218767660734497,38.0,193.53333333333333,0,0.7218767660734497
YIR006C,1.1210666253813641,0.0,30.375,1,1.1210666253813641
YJL004C,0.8716624215590677,9.633333333333336,55.43333333333333,0,0.8716624215590677
YJL145W,0.0,0.0,0.0,0,0.0
YJL151C,0.20204224691291994,29.0,18.925,0,0.20204224691291994
YJL201W,0.04034196654779487,0.0,50.2,0,0.04034196654779487
YKL054C,0.0,0.0,0.0,0,0.0
YKL074C,0.8148221343873518,0.0,0.0,0,0.0
YKR022C,0.0,0.0,0.0,1,0.0
YKR030W,0.053302629073674786,0.0,25.06666666666667,0,0.053302629073674786
YKR095W,0.021929824561403508,0.0,0.0,0,0.0
YLL005C,0.17264903430243295,0.0,69.7,0,0.17264903430243295
YLL018C,0.0250384024577573,2.0,9.333333333333334,1,0.0250384024577573
YLR064W,0.034291546379727644,0.0,12.55,0,0.034291546379727644
YLR078C,3.318567911314986,53.08333333333333,69.23333333333333,1,3.318567911314986
YLR088W,0.07017543859649122,3.5,2.0,1,0.07017543859649122
YLR095C,0.17391304347826086,0.0,25.2,0,0.17391304347826086
YLR106C,0.8493039224136629,6.714285714285714,20.25,1,0.8493039224136629
YLR144C,0.21736846446821242,12.0,162.03333333333333,0,0.21736846446821242
YLR150W,0.0,0.0,0.0,0,0.0
YLR315W,0.0,0.0,0.0,0,0.0
YLR337C,0.7648599111526772,23.32738095238096,175.7,0,0.7648599111526772
YLR363W-A,0.0,0.0,0.0,0,0.0
YML075C,1.6237407437535316,36.43333333333334,47.59999999999999,0,1.6237407437535316
YML097C,0.0,0.0,0.0,0,0.0
YML116W,0.0,0.0,0.0,0,0.0
YMR147W,0.0,0.0,0.0,0,0.0
YMR192W,0.26543316473006956,4.0,49.56666666666666,0,0.26543316473006956
YMR253C,0.03197174521982706,7.0,25.1,0,0.03197174521982706
YMR313C,0.034291546379727644,1.6666666666666667,25.1,0,0.034291546379727644
YNL020C,1.0315946394964877,0.0,119.95,1,1.0315946394964877
YNL084C,0.9279160950708992,19.966666666666665,32.9875,0,0.9279160950708992
YNL106C,0.14429484414806573,9.00328947368421,52.53333333333333,0,0.14429484414806573
YNL116W,0.4704847653840195,11.241414141414142,44.53333333333333,0,0.4704847653840195
YNL138W,0.795133214220231,12.916666666666666,130.13333333333333,1,0.795133214220231
YNL144C,0.0,0.0,0.0,0,0.0
YNL152W,0.18716401553020215,5.5,80.5,1,0.18716401553020215
YNL161W,1.2217230018246226,43.31190476190476,0.0,1,1.2217230018246226
YNL176C,0.03258657342959198,0.0,25.1,0,0.03258657342959198
YNL285W,0.0,0.0,0.0,0,0.0
YNR041C,0.0,0.0,0.0,0,0.0
YOL028C,0.02023338979860719,0.0,25.2,0,0.02023338979860719
YOR109W,0.053302629073674786,1.4285714285714286,75.2,0,0.053302629073674786
YOR211C,0.0,0.0,0.0,0,0.0
YOR322C,0.0,0.0,0.0,0,0.0
YOR388C,0.0,0.0,0.0,0,0.0
YPL012W,1.2062843904175171,2.1142857142857143,26.72222222222222,1,1.2062843904175171
YPL027W,0.2749094202898551,0.0,0.0,0,0.0
YPL084W,0.07610460191981931,2.388888888888889,8.65,0,0.07610460191981931
YPL157W,0.0,0.0,0.0,0,0.0
YPL246C,0.1492553616670183,3.085714285714286,37.6,0,0.1492553616670183
YPL249C,0.07433107824974386,1.25,37.6,0,0.07433107824974386
YPR030W,0.06719902801500238,23.75,2.25,0,0.06719902801500238
YPR048W,0.0,0.0,0.0,1,0.0
YPR091C,0.07017817343684743,0.0,37.65,0,0.07017817343684743
YPR159W,0.1424047809285423,4.714285714285714,14.6,0,0.1424047809285423
YPR171W,0.7183723310752612,9.23138528138528,81.54444444444444,0,0.7183723310752612
YBL008W,1.2563492063492063,3.6941176470588233,6.666666666666667,0,1.2563492063492063
YBR289W,2.9979912115505334,2.0,87.33333333333333,0,2.9979912115505334
YGR180C,0.5032679738562091,10.0,5.611111111111111,0,0.5032679738562091
YJL115W,0.9666666666666666,6.344117647058823,21.333333333333332,0,0.9666666666666666
YOR038C,1.0452380952380953,0.0,12.5,0,1.0452380952380953
YOR290C,2.6127070471174005,0.0,138.41666666666666,0,2.6127070471174005
YBL009W,0.14559386973180077,2.321428571428571,0.0,0,0.14559386973180077
YDL053C,0.0,0.0,0.0,0,0.0
YHR121W,0.12916666666666665,2.5,0.0,0,0.12916666666666665
YKL203C,1.5815517961570593,17.254621848739497,27.880000000000003,1,1.5815517961570593
YLR196W,0.8581972794222227,194.0,0.0,1,0.8581972794222227
YOL041C,0.9453190555359854,26.0,15.666666666666666,0,0.9453190555359854
YOR017W,0.0,0.0,0.0,0,0.0
YOR233W,0.3849158740737697,7.571428571428571,0.0,1,0.3849158740737697
YBL010C,0.0,0.0,0.0,0,0.0
YBL013W,0.0,0.0,0.0,0,0.0
YBL014C,0.19523809523809524,2.1666666666666665,2.0,1,0.19523809523809524
YHL004W,1.850933729489853,60.5,28.27777777777778,0,1.850933729489853
YJL025W,0.0,0.0,0.0,1,0.0
YOR158W,0.30753409344958643,21.5,7.388888888888889,0,0.30753409344958643
YBL015W,0.0,0.0,0.0,0,0.0
YJR035W,0.9934061597542665,13.816666666666666,106.66666666666667,0,0.9934061597542665
YBL016W,1.0576684733974615,12.492063492063494,40.15,0,1.0576684733974615
YBR083W,0.548532562693377,10.666666666666668,9.0,0,0.548532562693377
YDL159W,0.5839730821402486,10.012121212121214,0.0,0,0.5839730821402486
YDR103W,0.5521602414524376,8.588095238095237,0.0,0,0.5521602414524376
YER075C,0.08639337206303008,2.002923976608187,0.0,0,0.08639337206303008
YFR028C,5.056208263722673,294.84772800299123,160.7666666666667,1,5.056208263722673
YGL057C,0.0,0.0,0.0,0,0.0
YGL158W,2.1559279525885677,197.66666666666663,0.0,0,2.1559279525885677
YGR097W,1.8215578955698397,57.66666666666666,176.36666666666667,0,1.8215578955698397
YHR005C,0.08711433756805807,2.071428571428571,0.0,1,0.08711433756805807
YHR084W,1.4582390990739449,22.54920634920635,26.0,1,1.4582390990739449
YHR168W,0.0,0.0,0.0,0,0.0
YIL169C,0.0,0.0,0.0,0,0.0
YJL076W,3.2726877421156138,133.98571428571427,201.51666666666668,1,3.2726877421156138
YLR362W,0.9419352250568487,20.21602564102564,0.0,0,0.9419352250568487
YML117W,0.0,0.0,0.0,0,0.0
YMR295C,0.0,0.0,0.0,0,0.0
YNL053W,0.605047929163486,28.5,0.0,0,0.605047929163486
YOL130W,0.0,0.0,0.0,1,0.0
YPR115W,1.1947669291041576,30.51673669467787,56.66666666666667,0,1.1947669291041576
YBL017C,0.06691729323308271,2.0,1.0,0,0.06691729323308271
YDR432W,0.22717370348949295,3.0416666666666665,6.916666666666667,1,0.22717370348949295
YMR197C,2.666468253968254,29.055555555555557,52.58333333333333,1,2.666468253968254
YBL018C,0.0,0.0,0.0,1,0.0
YBL019W,0.0,0.0,0.0,0,0.0
YEL009C,1.9920071612986945,25.47789987789988,11.0,0,1.9920071612986945
YBL020W,0.0,0.0,0.0,1,0.0
YBL021C,0.18595550719398943,7.457142857142857,27.5,0,0.18595550719398943
YBL075C,0.6432124969098441,30.67877073906485,59.25,0,0.6432124969098441
YDR502C,0.2608694446414103,18.92857142857143,0.0,0,0.2608694446414103
YER103W,0.27686503383514255,37.85714285714286,46.333333333333336,0,0.27686503383514255
YHL006C,0.3333333333333333,2.05,2.0,0,0.3333333333333333
YML048W,7.675888869478424,536.1666666666667,489.3916666666667,0,7.675888869478424
YBL022C,0.023458810692853244,2.128571428571429,0.0,0,0.023458810692853244
YGR040W,1.4227759008397485,111.01349206349204,171.05833333333334,0,1.4227759008397485
YML029W,0.0,0.0,0.0,0,0.0
YOR136W,0.8558642689925264,43.66666666666667,151.33333333333331,0,0.8558642689925264
YBL023C,1.260014985014985,7.100079744816587,14.5,1,1.260014985014985
YBR126C,0.5940159778766552,21.90580808080808,41.45,0,0.5940159778766552
YDL171C,0.0,0.0,0.0,0,0.0
YDR052C,0.27432390658343475,14.04978354978355,0.0,1,0.27432390658343475
YEL032W,2.66751012145749,7.100079744816587,25.0,1,2.66751012145749
YIL150C,1.4560790087105877,10.666666666666666,10.5,1,1.4560790087105877
YJL194W,2.254626480242153,25.337662337662337,6.25,1,2.254626480242153
YLR103C,0.2813348416289593,0.0,6.5,1,0.2813348416289593
YLR274W,1.7701232977548766,6.105263157894736,5.75,1,1.7701232977548766
YOR080W,1.1542034967833152,46.56587301587302,81.83333333333333,0,1.1542034967833152
YOR196C,0.0,0.0,0.0,0,0.0
YPL001W,0.8785687601477075,8.321428571428571,11.166666666666668,0,0.8785687601477075
YPR019W,2.01240134134871,7.196969696969697,24.0,1,2.01240134134871
YPR120C,0.7926723342682594,170.65,0.0,1,0.7926723342682594
YBL024W,0.0,0.0,0.0,0,0.0
YGR237C,0.0,0.0,0.0,0,0.0
YBL025W,0.4823322510822511,5.5,32.15,0,0.4823322510822511
YBR274W,0.9687349788587158,14.439466312840924,181.36666666666667,0,0.9687349788587158
YDL113C,0.07118345763147743,2.05,4.25,0,0.07118345763147743
YDR247W,1.233302515771369,43.0,214.2,0,1.233302515771369
YER178W,0.38970378249858767,4.622222222222223,27.0,0,0.38970378249858767
YHR200W,10.113444871321533,262.81666666666666,0.0,0,10.113444871321533
YIL141W,0.0,0.0,0.0,0,0.0
YJR087W,0.0,0.0,0.0,0,0.0
YKL135C,0.9519567911604451,13.0,24.427777777777777,0,0.9519567911604451
YMR270C,0.6246933621933621,9.25,32.15,1,0.6246933621933621
YBL066C,0.05953905249679898,0.0,4.5,0,0.05953905249679898
YBR019C,0.5065077978998026,29.4,0.0,0,0.5065077978998026
YCR020C-A,0.6942646872224336,0.0,0.0,0,0.0
YCR066W,0.28313212608987254,1.3333333333333333,4.0,0,0.28313212608987254
YCR077C,2.310418925413781,55.75555555555555,48.4,0,2.310418925413781
YDL055C,0.8465930092766246,68.93333333333334,107.66666666666667,1,0.8465930092766246
YDL097C,10.769592149445076,157.41825396825396,0.0,1,10.769592149445076
YDL160C,1.031298853606425,16.851190476190474,35.33333333333333,0,1.031298853606425
YDL175C,0.36990641015536846,18.600793650793648,41.66666666666667,0,0.36990641015536846
YDR166C,0.20833333333333331,1.0,0.0,1,0.20833333333333331
YDR378C,3.678299936750641,54.49206349206349,24.27777777777778,1,3.678299936750641
YDR440W,0.0,0.0,0.0,0,0.0
YEL015W,1.3825141177382463,15.444486215538848,65.5,0,1.3825141177382463
YER112W,3.4851688773656844,95.73690476190475,114.91666666666667,1,3.4851688773656844
YER146W,3.640827661748307,58.35068542568543,155.66666666666666,1,3.640827661748307
YGL173C,1.504554242099,43.82739234449761,40.583333333333336,0,1.504554242099
YGL185C,0.0,0.0,0.0,0,0.0
YGL234W,0.16349761051373954,8.75079365079365,0.0,0,0.16349761051373954
YGR077C,0.0,0.0,0.0,0,0.0
YGR091W,4.995759738065041,200.5,83.33333333333334,1,4.995759738065041
YGR158C,2.4211605350172043,18.205555555555552,12.472222222222221,1,2.4211605350172043
YHR165C,4.008341800630532,64.83888888888887,152.0,1,4.008341800630532
YIL048W,0.17371513463062757,0.0,4.611111111111111,1,0.17371513463062757
YIL066C,0.9865823188557935,73.25198412698414,99.0,0,0.9865823188557935
YIL132C,0.039047619047619046,2.166666666666667,2.25,0,0.039047619047619046
YJR022W,3.9148563408000623,181.76666666666665,127.75000000000001,1,3.9148563408000623
YLR039C,0.39215686274509803,1.5714285714285714,4.666666666666667,0,0.39215686274509803
YLR120C,0.0,0.0,0.0,0,0.0
YLR126C,0.0,0.0,0.0,0,0.0
YLR128W,0.0,0.0,0.0,0,0.0
YLR147C,5.594410950378332,105.53571428571428,99.66666666666666,1,5.594410950378332
YLR275W,3.669770753000978,32.97698412698413,124.99999999999999,1,3.669770753000978
YLR438C-A,4.708808484906248,68.93253968253968,76.91666666666667,1,4.708808484906248
YMR066W,0.22667690400718216,0.0,31.5,0,0.22667690400718216
YMR207C,0.0,0.0,0.0,0,0.0
YMR237W,0.0,0.0,0.0,0,0.0
YMR268C,0.9475139123026448,20.75,28.333333333333332,1,0.9475139123026448
YNL147W,3.9166358891711,38.43452380952381,43.166666666666664,1,3.9166358891711
YNL264C,0.0,0.0,0.0,0,0.0
YNL287W,1.696742424242424,30.57142857142857,15.416666666666666,1,1.696742424242424
YOL102C,0.0,0.0,0.0,1,0.0
YOL149W,3.595771503396379,43.98571428571429,92.25,1,3.595771503396379
YOR043W,0.0,0.0,0.0,0,0.0
YOR191W,0.036274509803921565,1.5714285714285714,5.833333333333333,0,0.036274509803921565
YPL115C,0.555118810083683,24.458333333333336,5.833333333333333,1,0.555118810083683
YPL119C,0.0,0.0,0.0,0,0.0
YPL249C-A,0.03132911392405063,3.75,2.0,0,0.03132911392405063
YPR032W,0.0,0.0,0.0,0,0.0
YPR132W,0.6428728520092493,7.432539682539682,15.0,0,0.6428728520092493
YPR184W,0.04265593561368209,0.0,2.25,0,0.04265593561368209
YBL027W,0.04169676381190774,0.0,5.5,0,0.04169676381190774
YBL029W,0.0,0.0,0.0,0,0.0
YBL030C,0.3436390769962088,14.05,28.066666666666666,1,0.3436390769962088
YDL132W,2.571728065751485,261.5928571428571,118.4,1,2.571728065751485
YEL020W-A,0.43015873015873013,4.025,3.0,1,0.43015873015873013
YER161C,1.7864967181573104,85.87857142857142,140.66666666666669,0,1.7864967181573104
YER171W,1.7405733363396574,63.36180816517504,153.66666666666669,1,1.7405733363396574
YGL137W,5.089506502837609,609.3845238095239,314.59583333333336,1,5.089506502837609
YGR082W,0.2857142857142857,2.2666666666666666,2.0,1,0.2857142857142857
YGR262C,1.4437659505481235,88.73214285714285,45.55555555555556,0,1.4437659505481235
YHR005C-A,1.2873015873015872,5.800000000000001,6.0,1,1.2873015873015872
YHR133C,5.519077089360854,182.23333333333332,397.9333333333334,0,5.519077089360854
YHR166C,3.8023522083421653,50.65,39.583333333333336,1,3.8023522083421653
YLR268W,2.74550505050505,55.28174603174603,54.416666666666664,0,2.74550505050505
YML058W,0.26563102406567063,21.5,14.083333333333332,0,0.26563102406567063
YPL150W,0.08667832028139617,20.5,0.0,0,0.08667832028139617
YPL194W,0.4128428064099936,39.158008658008654,9.0,0,0.4128428064099936
YBL031W,0.0,0.0,0.0,0,0.0
YBL032W,0.5882275196823359,20.666666666666668,29.97222222222222,0,0.5882275196823359
YFR012W,0.0,0.0,0.0,0,0.0
YGL049C,1.5092866797298967,36.16944444444445,70.5,0,1.5092866797298967
YML105C,0.0,0.0,0.0,1,0.0
YMR125W,4.898452708865148,97.34166666666664,86.99999999999999,0,4.898452708865148
YMR310C,0.0,0.0,0.0,0,0.0
YNL005C,0.18108465608465607,8.333333333333334,5.111111111111111,0,0.18108465608465607
YNL112W,0.07708333333333334,0.0,0.0,1,0.0
YPL237W,1.7285023433618343,18.472222222222225,0.0,1,1.7285023433618343
YBL033C,0.0,0.0,0.0,0,0.0
YNL105W,0.0,0.0,0.0,0,0.0
YPR172W,0.0,0.0,0.0,0,0.0
YBL034C,0.0,0.0,0.0,1,0.0
YDR330W,0.0,0.0,0.0,0,0.0
YER177W,2.7068223388598756,149.42837995337993,0.0,0,2.7068223388598756
YBL035C,1.3021519543258675,7.908333333333333,8.5,1,1.3021519543258675
YBR087W,2.314738630545082,44.05357142857143,18.5,1,2.314738630545082
YDL058W,0.0,0.0,0.0,1,0.0
YIR008C,0.7258454106280192,4.666666666666667,0.0,1,0.7258454106280192
YKL045W,0.18783113022243456,2.2857142857142856,0.0,1,0.18783113022243456
YNL102W,0.892512077294686,2.761904761904762,8.5,1,0.892512077294686
YNL290W,2.751942283111316,119.81309523809524,164.83333333333334,1,2.751942283111316
YOL094C,2.752579140124304,123.8535714285714,183.33333333333331,1,2.752579140124304
YOR217W,0.6355555555555555,7.583333333333333,4.0,1,0.6355555555555555
YBL036C,0.0,0.0,0.0,0,0.0
YDR023W,0.0,0.0,0.0,1,0.0
YDR226W,0.030552532049167712,1.25,0.0,1,0.030552532049167712
YDR342C,0.04786976916859703,0.0,9.333333333333334,0,0.04786976916859703
YDR343C,0.058749332347261596,28.0,0.0,0,0.058749332347261596
YGR087C,0.07728578892371996,3.113636363636364,4.5,0,0.07728578892371996
YMR319C,0.09728506787330317,0.0,4.5,0,0.09728506787330317
YOL055C,1.2728120196219253,157.78333333333333,0.0,0,1.2728120196219253
YOL078W,0.517272602524896,11.142857142857144,19.875,1,0.517272602524896
YJR005W,0.7407407407407407,2.05,3.5,0,0.7407407407407407
YJR058C,0.8074074074074075,2.5,3.5,0,0.8074074074074075
YOL062C,0.29868129507890034,2.05,6.75,0,0.29868129507890034
YCL014W,0.4288381676189154,0.0,0.0,0,0.0
YDR164C,0.25757575757575757,2.761904761904762,0.0,1,0.25757575757575757
YDR237W,0.08465608465608465,2.333333333333333,2.0,0,0.08465608465608465
YDR322W,0.08465608465608465,2.083333333333333,2.0,0,0.08465608465608465
YDR462W,0.08465608465608465,2.083333333333333,2.0,0,0.08465608465608465
YGR033C,0.0,0.0,0.0,0,0.0
YJL005W,0.8338982316547712,17.256944444444443,0.0,1,0.8338982316547712
YJL063C,0.0,0.0,0.0,0,0.0
YJR138W,0.4698768425313047,19.5,6.0,0,0.4698768425313047
YKR085C,0.0,0.0,0.0,0,0.0
YLR189C,0.0,0.0,0.0,0,0.0
YLR439W,0.08465608465608465,2.083333333333333,2.0,0,0.08465608465608465
YML025C,0.0,0.0,0.0,1,0.0
YMR024W,0.12419856831621537,4.380952380952381,2.0,0,0.12419856831621537
YOR150W,0.08465608465608465,2.083333333333333,2.0,0,0.08465608465608465
YPR100W,0.0,0.0,0.0,0,0.0
YBL039C,1.961829207343706,102.7190476190476,0.0,0,1.961829207343706
YDR260C,0.5818014182620128,61.55000000000001,0.0,0,0.5818014182620128
YDR394W,11.4368197589124,836.0988095238095,610.6666666666666,1,11.4368197589124
YEL056W,0.49817111120167146,8.588095238095237,3.333333333333333,0,0.49817111120167146
YER179W,1.159427127429937,104.57698412698412,114.83333333333334,0,1.159427127429937
YFR004W,9.332119904606884,134.01130952380953,0.0,1,9.332119904606884
YGL081W,0.4711756667262261,31.626984126984127,0.0,0,0.4711756667262261
YIL094C,0.6028871212329895,45.25,25.5,0,0.6028871212329895
YJR103W,0.0,0.0,0.0,0,0.0
YJR109C,0.32268110713790016,12.63517316017316,14.5,0,0.32268110713790016
YLR291C,1.9342304390448508,175.48333333333335,0.0,1,1.9342304390448508
YMR117C,1.2615668138543619,71.25,20.25,1,1.2615668138543619
YNR031C,1.5913728269589955,44.53778966131907,0.0,0,1.5913728269589955
YOL126C,0.6096548317712688,26.035714285714285,41.5,0,0.6096548317712688
YOR117W,4.725997346545058,122.15238095238097,17.5,1,4.725997346545058
YOR261C,7.509573298056015,245.33333333333331,0.0,1,7.509573298056015
YPL070W,1.4805118592459303,110.66666666666669,35.33333333333333,0,1.4805118592459303
YPL140C,2.6851657745687865,153.5858296072693,0.0,0,2.6851657745687865
YPL259C,0.7758341790642341,39.333333333333336,28.166666666666668,0,0.7758341790642341
YBL040C,0.24532449399086553,7.85,14.666666666666668,1,0.24532449399086553
YDR414C,2.322693731356714,83.5,108.20833333333333,0,2.322693731356714
YJR010C-A,6.408249369552789,216.13333333333333,165.66666666666666,0,6.408249369552789
YMR215W,11.64848858172861,458.75,307.31666666666666,0,11.64848858172861
YOL020W,0.0,0.0,0.0,0,0.0
YPR156C,3.28364122872431,81.67651515151515,119.75,0,3.28364122872431
YBL041W,0.6450776807291554,18.85,2.0,1,0.6450776807291554
YCR073C,0.2894221990348246,0.0,0.0,0,0.0
YDL020C,0.1875,2.2666666666666666,0.0,0,0.1875
YDL147W,8.651707407612513,278.0,0.0,1,8.651707407612513
YER012W,8.084088651887923,228.06190476190477,49.416666666666664,1,8.084088651887923
YER105C,0.08966861598440545,0.0,2.0,0,0.08966861598440545
YIL007C,0.6747377956811242,25.33333333333333,0.0,0,0.6747377956811242
YPR103W,4.218113129840567,59.74999999999999,14.0,1,4.218113129840567
YBL042C,0.0,0.0,0.0,0,0.0
YER021W,5.926954091441607,197.3333333333333,0.0,1,5.926954091441607
YNL121C,0.0,0.0,0.0,0,0.0
YBL043W,0.0,0.0,0.0,0,0.0
YBL100W-A,0.09866220735785954,2.083333333333333,0.0,0,0.09866220735785954
YBL044W,0.0,0.0,0.0,0,0.0
YJL159W,0.0,0.0,0.0,0,0.0
YMR304W,0.24459968747127492,4.708333333333333,0.0,0,0.24459968747127492
YBL045C,0.8296744287756773,8.266666666666667,13.416666666666666,0,0.8296744287756773
YDL179W,0.2638433718180554,5.142857142857143,0.0,0,0.2638433718180554
YDR339C,0.0,0.0,0.0,1,0.0
YLR090W,0.0691225165562914,0.0,4.5,0,0.0691225165562914
YLR442C,0.8753216493865086,9.346288515406162,27.5,0,0.8753216493865086
YOR125C,0.0,0.0,0.0,0,0.0
YPR054W,0.5559181813726188,59.70000000000001,0.0,0,0.5559181813726188
YPR191W,0.7856186315675432,18.38095238095238,19.416666666666664,0,0.7856186315675432
YBL046W,0.2235583888727905,2.0,10.0,0,0.2235583888727905
YDL112W,0.0,0.0,0.0,0,0.0
YDR075W,0.4060292379661983,35.84761904761904,28.5,0,0.4060292379661983
YML010W,1.9549257231845818,13.209866220735783,8.75,1,1.9549257231845818
YNL201C,0.3097218197623877,4.0,15.0,0,0.3097218197623877
YDR348C,0.0,0.0,0.0,0,0.0
YNL243W,1.309468222441883,21.40216567058672,3.625,1,1.309468222441883
YOL016C,0.3230372037600953,22.5,0.0,0,0.3230372037600953
YBL049W,0.6904432334042265,72.0,0.0,0,0.6904432334042265
YCL039W,0.7071678759593827,31.999999999999996,29.375,0,0.7071678759593827
YDL143W,0.05386178861788618,0.0,0.0,1,0.0
YDR255C,0.09109730848861283,3.333333333333333,0.0,0,0.09109730848861283
YER066C-A,0.2175430791927119,25.28609625668449,0.0,0,0.2175430791927119
YGL227W,0.09109730848861283,3.333333333333333,0.0,0,0.09109730848861283
YGR172C,1.7933717357910908,42.95,37.27777777777778,1,1.7933717357910908
YHL010C,0.0,0.0,0.0,0,0.0
YIL017C,0.09109730848861283,3.333333333333333,0.0,0,0.09109730848861283
YIL097W,0.09109730848861283,3.333333333333333,0.0,0,0.09109730848861283
YIL142W,2.7086285216815185,261.75,376.33333333333337,1,2.7086285216815185
YJL014W,0.0,0.0,0.0,1,0.0
YJL111W,0.0572192513368984,2.8166666666666664,0.0,1,0.0572192513368984
YMR135C,0.09109730848861283,3.333333333333333,0.0,0,0.09109730848861283
YBR272C,4.02068854398493,85.08333333333334,31.333333333333336,0,4.02068854398493
YCR082W,0.04265593561368209,10.5,0.0,0,0.04265593561368209
YDL133W,0.0,0.0,0.0,0,0.0
YDL173W,0.0,0.0,0.0,0,0.0
YDR160W,0.0,0.0,0.0,1,0.0
YDR189W,1.056111111111111,9.74047619047619,26.166666666666664,1,1.056111111111111
YER101C,0.0,0.0,0.0,0,0.0
YGL095C,1.167171717171717,10.004292929292928,14.944444444444446,0,1.167171717171717
YIL084C,0.3588235294117647,10.96969696969697,8.5,0,0.3588235294117647
YKL090W,0.0,0.0,0.0,0,0.0
YLL009C,0.0,0.0,0.0,0,0.0
YLR026C,2.7158730158730156,25.65396825396825,52.833333333333336,1,2.7158730158730156
YLR093C,1.6579365079365078,20.5,39.9,0,1.6579365079365078
YLR130C,0.0,0.0,0.0,0,0.0
YNL204C,0.0,0.0,0.0,0,0.0
YOL018C,0.856060606060606,10.693181818181818,15.277777777777779,0,0.856060606060606
YOL032W,0.0,0.0,0.0,0,0.0
YOL036W,0.1285784972078886,2.05,0.0,0,0.1285784972078886
YOL135C,5.613498672313652,99.59999999999998,38.833333333333336,1,5.613498672313652
YOR106W,2.153968253968254,18.355555555555554,48.9,1,2.153968253968254
YOR245C,0.0,0.0,0.0,0,0.0
YOR307C,0.1747702589807853,0.0,8.5,0,0.1747702589807853
YPL192C,0.0,0.0,0.0,0,0.0
YIL151C,0.0,0.0,0.0,0,0.0
YKR096W,0.3130888719124013,22.0,6.111111111111111,0,0.3130888719124013
YBL052C,0.0,0.0,0.0,0,0.0
YGL207W,1.363253486279802,18.02669082125604,6.5,1,1.363253486279802
YNL258C,0.09692307692307693,0.0,4.0,1,0.09692307692307693
YOR064C,0.0,0.0,0.0,0,0.0
YPL129W,0.9864788198577525,116.0,16.5,0,0.9864788198577525
YBL053W,0.0,0.0,0.0,0,0.0
YEL069C,0.0,0.0,0.0,0,0.0
YPR165W,0.22833224760578355,0.8974358974358974,0.8,1,0.22833224760578355
YBL054W,0.0,0.0,0.0,0,0.0
YBR039W,0.7834599542904845,64.8,77.44166666666666,0,0.7834599542904845
YBR097W,0.0,0.0,0.0,0,0.0
YDL060W,1.5723442744907075,17.599999999999998,22.416666666666664,1,1.5723442744907075
YDL145C,3.174046427015475,176.8011904761905,180.33333333333331,1,3.174046427015475
YDR071C,0.4238095238095238,2.9,0.0,0,0.4238095238095238
YDR076W,0.06300423590746171,1.8333333333333333,4.5,0,0.06300423590746171
YDR148C,1.7446930671013614,151.33333333333334,252.83333333333337,0,1.7446930671013614
YGR205W,0.0,0.0,0.0,0,0.0
YHL030W,2.6475674755614027,39.40833333333333,9.25,0,2.6475674755614027
YMR246W,0.7072612105745781,24.33333333333333,0.0,0,0.7072612105745781
YNL250W,1.5344556489718242,62.3318407083113,0.0,0,1.5344556489718242
YOR020C,0.28206846358332005,21.0,30.666666666666664,1,0.28206846358332005
YOR086C,0.0,0.0,0.0,0,0.0
YBL058W,0.38568973981345117,18.2,9.65,0,0.38568973981345117
YBR223C,0.15534751266846913,24.7,12.5,0,0.15534751266846913
YDL190C,0.586475208640157,15.992857142857144,19.3,0,0.586475208640157
YKL213C,0.35519412605920897,5.337301587301588,3.3000000000000003,0,0.35519412605920897
YBL059W,0.0,0.0,0.0,0,0.0
YCR099C,0.0,0.0,0.0,0,0.0
YBL061C,0.0,0.0,0.0,0,0.0
YBR023C,0.0,0.0,0.0,0,0.0
YNL233W,0.0,0.0,0.0,0,0.0
YBL063W,0.0,0.0,0.0,0,0.0
YBL064C,0.0,0.0,0.0,0,0.0
YDR488C,0.056693233461065334,0.0,14.5,0,0.056693233461065334
YBL065W,0.0,0.0,0.0,0,0.0
YER022W,1.666666666666667,72.15039682539683,120.25,1,1.666666666666667
YGR117C,0.0,0.0,0.0,0,0.0
YPL026C,0.0,0.0,0.0,0,0.0
YBL067C,0.0,0.0,0.0,0,0.0
YBL068W,0.825,1.0,3.0,0,0.825
YHL011C,0.4,1.0,2.0,0,0.4
YKL181W,1.2,4.0,4.0,0,1.2
YOL061W,0.6527777777777778,3.083333333333333,3.0,0,0.6527777777777778
YBL071C,0.0,0.0,0.0,0,0.0
YNL261W,3.928571428571429,7.435064935064935,20.5,1,3.928571428571429
YBL072C,0.0,0.0,0.0,0,0.0
YDR459C,0.0,0.0,0.0,0,0.0
YFL017C,0.0,0.0,0.0,1,0.0
YLR140W,0.0,0.0,0.0,1,0.0
YBL074C,0.25248074938477416,15.0,3.8333333333333335,1,0.25248074938477416
YDL208W,1.1664990898363266,27.666666666666668,32.70833333333333,1,1.1664990898363266
YDR283C,1.0219312985939004,33.22115384615385,100.0,0,1.0219312985939004
YCR002C,3.2444016039840435,130.32406466082935,84.5,0,3.2444016039840435
YDL225W,3.0542490751696354,108.81439393939397,121.91666666666667,0,3.0542490751696354
YDR128W,2.020738145571683,89.82237345987346,135.73333333333335,0,2.020738145571683
YDR142C,1.0738394424716404,74.16666666666666,45.625,0,1.0738394424716404
YGL004C,7.5079704048055,207.33333333333331,19.75,0,7.5079704048055
YHR186C,2.757810805308116,48.54861111111112,57.74666666666668,1,2.757810805308116
YHR199C,0.4447715617862861,77.0,25.499999999999996,0,0.4447715617862861
YJL128C,1.0935555250215243,7.063492063492063,159.5333333333333,0,1.0935555250215243
YNL135C,0.9435461906281642,75.72281329781329,75.33333333333333,0,0.9435461906281642
YOL133W,3.082211515101647,329.7015873015873,338.98333333333323,1,3.082211515101647
YOR250C,0.8235979174278407,9.433333333333334,16.5,1,0.8235979174278407
YBL076C,0.0,0.0,0.0,1,0.0
YBR058C,0.0,0.0,0.0,0,0.0
YDL100C,0.0,0.0,0.0,0,0.0
YLR016C,0.020923520923520924,3.0,2.0,0,0.020923520923520924
YNL244C,1.3026279374025056,64.73214285714286,0.0,1,1.3026279374025056
YBL078C,0.5396825396825397,4.274242424242424,1.2,0,0.5396825396825397
YHR171W,0.4396825396825397,4.289393939393939,25.7,0,0.4396825396825397
YNR007C,0.6348115026367989,9.5012987012987,54.45,0,0.6348115026367989
YOR100C,0.0,0.0,0.0,0,0.0
YBL079W,0.17763260835549993,0.0,4.229166666666666,0,0.17763260835549993
YGR052W,1.8864425276291878,261.0,343.3,0,1.8864425276291878
YJL061W,1.351669374435204,34.79102564102564,20.0,1,1.351669374435204
YKL068W,2.0083514487102274,70.42857142857143,30.25,0,2.0083514487102274
YBL080C,0.0,0.0,0.0,0,0.0
YCR106W,0.0,0.0,0.0,0,0.0
YBL081W,0.0,0.0,0.0,0,0.0
YDL167C,0.0,0.0,0.0,0,0.0
YBL082C,0.0,0.0,0.0,0,0.0
YKL210W,0.2437121162605378,18.702272727272728,15.375,1,0.2437121162605378
YBL084C,6.282034632034631,11.07857142857143,39.75,1,6.282034632034631
YDL008W,7.560341095685924,39.40634920634921,0.0,1,7.560341095685924
YDR118W,6.400781211126039,58.96666666666667,34.0,1,6.400781211126039
YFR036W,6.173943872219735,23.12857142857143,71.5,0,6.173943872219735
YGL240W,6.282034632034631,11.07857142857143,39.75,0,6.282034632034631
YKL022C,4.991883116883117,21.03333333333333,72.83333333333334,1,4.991883116883117
YLR127C,5.889778325123153,51.5,42.0,1,5.889778325123153
YNL172W,6.546671144947007,23.12857142857143,15.666666666666666,1,6.546671144947007
YOR249C,7.011796536796537,31.33333333333333,76.0,1,7.011796536796537
YBR003W,0.0,0.0,0.0,0,0.0
YBR102C,1.0603300208563367,11.0,5.666666666666667,1,1.0603300208563367
YBR238C,0.0,0.0,0.0,0,0.0
YDL155W,1.509542936637463,165.99523809523808,0.0,1,1.509542936637463
YDL176W,0.0,0.0,0.0,0,0.0
YDR036C,2.4809571286141576,29.83333333333333,23.055555555555557,0,2.4809571286141576
YDR239C,0.17760423056475688,2.5,26.033333333333335,0,0.17760423056475688
YDR329C,0.10132575757575758,0.0,2.9166666666666665,0,0.10132575757575758
YDR332W,0.0,0.0,0.0,0,0.0
YDR372C,0.0,0.0,0.0,0,0.0
YER008C,0.5059852915116073,16.41287878787879,0.0,1,0.5059852915116073
YER028C,0.0,0.0,0.0,0,0.0
YER124C,0.09797979797979799,4.4,0.0,0,0.09797979797979799
YER164W,0.5962782801598592,7.497222222222222,6.0,0,0.5962782801598592
YFR034C,0.44627599832203413,13.11111111111111,5.0,0,0.44627599832203413
YHL014C,0.0,0.0,0.0,0,0.0
YJL155C,0.0,0.0,0.0,0,0.0
YJR056C,0.11724608043626449,0.0,0.0,0,0.0
YJR061W,0.0,0.0,0.0,0,0.0
YKL125W,0.0,0.0,0.0,1,0.0
YKL218C,0.0,0.0,0.0,0,0.0
YLL040C,0.0,0.0,0.0,0,0.0
YLR314C,2.1290376054033877,53.99761072261072,33.91666666666667,1,2.1290376054033877
YMR124W,0.21171494677795644,12.5,0.0,0,0.21171494677795644
YMR244W,0.0,0.0,0.0,0,0.0
YNL078W,0.6093186542599849,8.523809523809522,12.791666666666666,0,0.6093186542599849
YNL234W,0.0,0.0,0.0,0,0.0
YNR016C,0.34106193706047594,2.5,11.61111111111111,1,0.34106193706047594
YOL019W,0.0,0.0,0.0,0,0.0
YOL070C,0.8081928185254964,2.7232142857142856,14.625,0,0.8081928185254964
YPL038W,0.34521455024769027,10.4,9.416666666666668,0,0.34521455024769027
YPL158C,0.13655483835308205,1.1111111111111112,4.0,0,0.13655483835308205
YBL086C,0.0,0.0,0.0,0,0.0
YLR322W,0.0,0.0,0.0,0,0.0
YLR025W,0.521054964539007,2.5,2.458333333333333,0,0.521054964539007
YNL265C,1.4594883289209906,19.666666666666668,3.0,0,1.4594883289209906
YPL110C,0.0,0.0,0.0,0,0.0
YBL089W,0.0,0.0,0.0,0,0.0
YBR068C,0.16507936507936508,1.25,2.25,0,0.16507936507936508
YLR325C,0.0,0.0,0.0,0,0.0
YOR082C,0.0,0.0,0.0,0,0.0
YBL090W,0.05714285714285714,2.333333333333333,2.0,0,0.05714285714285714
YBL091C,0.0,0.0,0.0,0,0.0
YBL092W,0.0,0.0,0.0,1,0.0
YDR026C,0.0,0.0,0.0,0,0.0
YDR398W,0.2717478294786415,2.5,2.0,1,0.2717478294786415
YBL093C,4.041308825583019,43.9357142857143,31.333333333333332,0,4.041308825583019
YBR193C,2.1385072092259216,34.59642857142857,26.5,1,2.1385072092259216
YCR081W,0.7353003111876492,7.410714285714286,10.0,0,0.7353003111876492
YDR308C,1.8775000917161933,41.05,26.0,1,1.8775000917161933
YGL025C,0.628008658008658,7.601190476190475,5.0,0,0.628008658008658
YGL151W,0.69906162464986,12.239285714285716,6.0,0,0.69906162464986
YGR104C,6.744215897690756,73.51309523809525,24.0,0,6.744215897690756
YHR058C,1.5023295403592012,28.2,18.0,1,1.5023295403592012
YHR147C,0.0,0.0,0.0,0,0.0
YKL129C,3.122177073421556,85.25968614718613,345.41666666666663,0,3.122177073421556
YLR071C,1.5371991708856114,14.792063492063496,14.0,1,1.5371991708856114
YML007W,0.5333658483590943,19.375,18.416666666666664,0,0.5333658483590943
YMR112C,0.7994510582010582,22.0,6.0,1,0.7994510582010582
YNL236W,1.9623668119637656,28.923809523809524,32.25,0,1.9623668119637656
YNR010W,1.1129761904761906,16.77261904761905,7.0,0,1.1129761904761906
YOL051W,5.939149016394779,41.0781746031746,45.0,0,5.939149016394779
YOR140W,0.261096746390864,5.75,4.0,0,0.261096746390864
YOR174W,2.3431815002601715,34.8,23.5,1,2.3431815002601715
YPR070W,1.0428311871744074,9.32857142857143,10.0,0,1.0428311871744074
YPR168W,0.3767110573042776,12.25,9.0,1,0.3767110573042776
YBL094C,0.0,0.0,0.0,0,0.0
YBL095W,0.0,0.0,0.0,0,0.0
YBR162C,0.0,0.0,0.0,0,0.0
YBL097W,0.0,0.0,0.0,1,0.0
YLR373C,0.11538461538461539,10.333333333333334,0.0,0,0.11538461538461539
YBL098W,0.0,0.0,0.0,0,0.0
YDL226C,0.38651315789473684,2.95,6.208333333333333,0,0.38651315789473684
YBR088C,1.312298800055651,18.516666666666666,51.833333333333336,1,1.312298800055651
YBR264C,0.21145510835913311,1.3333333333333333,4.333333333333333,0,0.21145510835913311
YBR288C,0.4055990176917577,43.083333333333336,15.666666666666666,0,0.4055990176917577
YCR001W,0.024868705591597158,3.157142857142857,0.0,0,0.024868705591597158
YCR014C,0.2164470197505565,5.4,12.333333333333334,0,0.2164470197505565
YCR079W,0.8477200651861505,35.60119047619049,4.5,0,0.8477200651861505
YDL004W,0.017195767195767195,1.75,2.0,1,0.017195767195767195
YDL013W,0.3609649255206031,4.131578947368421,7.25,1,0.3609649255206031
YDL164C,0.25731474139661004,16.88095238095238,4.166666666666666,1,0.25731474139661004
YDL200C,1.7108793758793712,467.0,425.58333333333337,0,1.7108793758793712
YDR131C,0.4748198165036771,96.0,19.5,0,0.4748198165036771
YDR143C,0.7821570762261776,131.5,0.0,0,0.7821570762261776
YDR200C,0.8137939960303815,21.416666666666668,31.916666666666664,0,0.8137939960303815
YDR227W,1.2688063963988296,98.28051629742806,94.33333333333334,0,1.2688063963988296
YDR322C-A,0.017195767195767195,0.0,2.0,0,0.017195767195767195
YDR419W,0.017195767195767195,0.875,4.0,0,0.017195767195767195
YER059W,0.5225931213986683,115.25,5.833333333333333,0,0.5225931213986683
YER173W,1.9259863552278482,130.79761904761904,168.5,0,1.9259863552278482
YGL131C,0.02094757622285589,3.5782828282828287,0.0,0,0.02094757622285589
YGL163C,0.27978477596657636,23.121428571428574,16.5,0,0.27978477596657636
YGR123C,0.11784471853257432,9.666666666666666,4.5,0,0.11784471853257432
YJL044C,0.017323775388291517,1.5,4.0,0,0.017323775388291517
YJL087C,0.05803571428571428,2.011111111111111,0.0,1,0.05803571428571428
YJL106W,1.1071421102548953,89.1,0.0,0,1.1071421102548953
YJL180C,0.017323775388291517,2.0,2.0,0,0.017323775388291517
YKL193C,0.614786745246905,20.0,57.2,1,0.614786745246905
YKL215C,0.0,0.0,0.0,0,0.0
YLL019C,0.6522688517659627,18.08452380952381,0.0,0,0.6522688517659627
YLR186W,0.3728816621225217,12.50338827838828,10.333333333333332,1,0.3728816621225217
YLR222C,0.8793563178073569,28.42867965367965,44.916666666666664,1,0.8793563178073569
YLR238W,0.6600236596797807,35.761147186147184,100.5,0,0.6600236596797807
YLR320W,0.0,0.0,0.0,0,0.0
YLR340W,0.24434361934361937,5.866666666666666,7.0,1,0.24434361934361937
YMR284W,0.9938720947155104,59.77119547119546,49.0,0,0.9938720947155104
YNL012W,0.0,0.0,0.0,0,0.0
YNL061W,7.014903700373403,233.02380952380952,133.16666666666666,1,7.014903700373403
YNL090W,0.12281564649628454,11.583333333333332,3.333333333333333,0,0.12281564649628454
YNL113W,1.2266222526517794,83.87619047619046,44.25,1,1.2266222526517794
YNL182C,1.1505980193897667,24.6743672993673,84.49999999999999,1,1.1505980193897667
YNL311C,0.4420711110948013,17.484325478443125,44.33333333333333,0,0.4420711110948013
YNL315C,0.017195767195767195,2.333333333333333,4.0,0,0.017195767195767195
YOR386W,0.017195767195767195,3.5,2.0,0,0.017195767195767195
YPL164C,0.2687941909923054,12.3,0.0,0,0.2687941909923054
YPL271W,0.017195767195767195,1.75,2.0,0,0.017195767195767195
YPR020W,0.3201058201058201,4.6,3.0,0,0.3201058201058201
YPR111W,1.0588398630611466,151.94612193362192,0.0,1,1.0588398630611466
YBL100C,0.0,0.0,0.0,0,0.0
YJL070C,0.0,0.0,0.0,0,0.0
YGR161W-B,0.0,0.0,0.0,0,0.0
YJL162C,0.0,0.0,0.0,0,0.0
YBL101C,0.0,0.0,0.0,0,0.0
YER125W,2.076155955840375,65.06061643035326,175.05,1,2.076155955840375
YOL122C,0.0,0.0,0.0,0,0.0
YBL102W,0.1125,2.6666666666666665,4.666666666666667,1,0.1125
YFL058W,0.0,0.0,0.0,0,0.0
YGR068C,0.04552058111380145,17.0,0.0,0,0.04552058111380145
YBL103C,0.7562134620405516,9.444444444444445,89.9,0,0.7562134620405516
YDR212W,0.857549529650389,63.5,56.083333333333336,1,0.857549529650389
YDR448W,6.251475622610692,98.35561938061942,72.5,0,6.251475622610692
YFR021W,0.7204108362817637,20.349206349206348,14.000000000000002,0,0.7204108362817637
YHR099W,5.725628479616922,100.99666289163194,168.0,1,5.725628479616922
YIR023W,0.37962962962962965,1.2,25.2,0,0.37962962962962965
YJR066W,2.644490956876373,32.93214285714286,60.54000000000001,0,2.644490956876373
YML091C,0.5365847457073778,0.0,53.33333333333333,1,0.5365847457073778
YMR033W,0.37777777777777777,0.0,18.333333333333332,1,0.37777777777777777
YNL006W,2.713784192436491,42.89603174603175,58.94666666666667,1,2.713784192436491
YNL076W,0.7581916957143817,0.0,69.6,0,0.7581916957143817
YNL098C,0.6539682539682539,2.906746031746032,5.25,0,0.6539682539682539
YNR023W,0.9868442292171105,2.0,32.333333333333336,0,0.9868442292171105
YOL067C,0.09903381642512077,0.0,2.0,0,0.09903381642512077
YBL104C,0.03787878787878788,6.333333333333333,1.5,0,0.03787878787878788
YDR316W,0.0,0.0,0.0,0,0.0
YNL054W,0.0,0.0,0.0,0,0.0
YBR045C,0.18746495654611717,8.8,0.0,0,0.18746495654611717
YGL022W,2.8471053579412713,2.083333333333333,6.0,1,2.8471053579412713
YGR254W,1.5812962209305255,84.15873015873015,324.46666666666664,0,1.5812962209305255
YOR231W,0.45432133188897217,13.465873015873017,0.0,0,0.45432133188897217
YCL017C,0.0,0.0,0.0,1,0.0
YHR098C,0.15364145658263306,0.0,4.895833333333333,1,0.15364145658263306
YHR161C,0.474508914025043,0.0,9.0625,0,0.474508914025043
YIL033C,0.6694582687444307,17.197005772005774,11.777777777777775,0,0.6694582687444307
YOR197W,0.128584229390681,0.0,0.0,0,0.0
YPL174C,0.5734724329339076,29.0,35.108333333333334,0,0.5734724329339076
YBL107C,0.0,0.0,0.0,0,0.0
YBL108W,0.0,0.0,0.0,0,0.0
YBL112C,0.0,0.0,0.0,0,0.0
YBL113C,0.0,0.0,0.0,0,0.0
YLR348C,0.0,0.0,0.0,0,0.0
YBR001C,0.0,0.0,0.0,0,0.0
YHR102W,0.1789752280380661,9.987768440709615,0.0,1,0.1789752280380661
YBR004C,0.0,0.0,0.0,1,0.0
YLR082C,0.1774527987825177,0.0,4.916666666666667,0,0.1774527987825177
YBR006W,0.0,0.0,0.0,0,0.0
YKL023W,0.0,0.0,0.0,0,0.0
YBR007C,0.0,0.0,0.0,0,0.0
YBR008C,0.0,0.0,0.0,0,0.0
YBR010W,1.1449273615051203,19.25966386554622,0.0,0,1.1449273615051203
YCR084C,0.4759889826818978,8.141443850267379,11.5,0,0.4759889826818978
YDR224C,1.1940113761479454,25.500000000000004,11.416666666666666,1,1.1940113761479454
YDR477W,2.0143635173887757,100.87994227994228,53.275000000000006,0,2.0143635173887757
YGL194C,3.6674603174603173,19.143939393939394,59.5,0,3.6674603174603173
YJL081C,3.824900786585886,70.90158730158731,86.83333333333333,1,3.824900786585886
YJL168C,0.0,0.0,0.0,0,0.0
YKR029C,2.7920849420849425,16.40021645021645,0.0,0,2.7920849420849425
YPL209C,0.8283524904214559,5.0,5.0,1,0.8283524904214559
YBR011C,0.2879072681704261,14.75,0.0,1,0.2879072681704261
YDR129C,0.570339808032238,18.21198830409357,0.0,0,0.570339808032238
YGL100W,1.2739017383864135,39.71428571428572,33.766666666666666,0,1.2739017383864135
YJR062C,0.13476157110026585,20.75,0.0,0,0.13476157110026585
YKL108W,0.4456019859792795,26.09523809523809,84.5,1,0.4456019859792795
YLR371W,0.2105263157894737,7.333333333333333,0.0,1,0.2105263157894737
YLR425W,0.019770580296896087,8.371212121212121,0.0,0,0.019770580296896087
YMR267W,0.0,0.0,0.0,0,0.0
YNL180C,0.09736070381231672,0.0,0.6666666666666666,0,0.09736070381231672
YPL066W,0.0,0.0,0.0,0,0.0
YPL111W,0.18908779680854013,13.666666666666668,0.0,0,0.18908779680854013
YBR012C,0.0,0.0,0.0,0,0.0
YPL221W,0.0,0.0,0.0,0,0.0
YBR012W-B,0.0,0.0,0.0,0,0.0
YLR116W,0.7293447293447295,0.0,2.0,1,0.7293447293447295
YBR013C,0.0,0.0,0.0,0,0.0
YGR292W,0.0,0.0,0.0,0,0.0
YBR014C,0.0,0.0,0.0,0,0.0
YBR101C,0.0,0.0,0.0,0,0.0
YBR015C,0.0,0.0,0.0,0,0.0
YBR120C,0.0,0.0,0.0,0,0.0
YDL063C,0.0,0.0,0.0,0,0.0
YDL204W,0.0,0.0,0.0,0,0.0
YDR002W,0.5343790617984167,10.25,9.833333333333332,1,0.5343790617984167
YDR062W,0.6610119688020925,20.066666666666663,13.222222222222223,1,0.6610119688020925
YEL050C,0.0,0.0,0.0,0,0.0
YEL051W,2.455991304638478,89.33333333333333,0.0,0,2.455991304638478
YFR030W,0.0491626230491554,35.0,0.0,0,0.0491626230491554
YGL008C,0.07728596169880982,4.33080808080808,0.0,1,0.07728596169880982
YGL105W,0.18033499552486892,0.0,7.541666666666667,0,0.18033499552486892
YGL122C,0.30527393753200205,8.157051282051281,25.333333333333336,1,0.30527393753200205
YGL256W,0.0,0.0,0.0,0,0.0
YGR005C,0.8000902088181836,76.25,22.5,1,0.8000902088181836
YGR094W,0.0,0.0,0.0,1,0.0
YGR119C,2.7551532555590796,87.0,49.09583333333334,1,2.7551532555590796
YHL034C,1.2724949355948527,89.43333333333332,18.33333333333333,0,1.2724949355948527
YHR020W,0.3595482321795504,23.4,0.0,1,0.3595482321795504
YIL124W,0.0,0.0,0.0,0,0.0
YJL052W,0.7410634441935459,37.95555555555556,82.58333333333333,0,0.7410634441935459
YJR009C,0.5376310508840823,36.25000000000001,68.75,0,0.5376310508840823
YKL009W,0.6745499674906886,27.535714285714285,17.277777777777775,0,0.6745499674906886
YKL060C,0.9539751719970322,43.21336996336996,0.0,1,0.9539751719970322
YKL104C,0.9156194836685717,117.33333333333334,0.0,1,0.9156194836685717
YKL120W,0.0,0.0,0.0,0,0.0
YKL212W,1.0481314702300992,17.858802308802307,23.75,0,1.0481314702300992
YKR046C,0.0,0.0,0.0,0,0.0
YLR355C,0.26056978949850523,16.354761904761904,56.083333333333336,1,0.26056978949850523
YMR105C,0.0,0.0,0.0,0,0.0
YMR108W,0.4801796822728801,27.714285714285715,102.0,1,0.4801796822728801
YMR145C,0.0,0.0,0.0,0,0.0
YMR241W,0.0,0.0,0.0,0,0.0
YNL035C,0.0,0.0,0.0,0,0.0
YNL124W,0.8077907378416715,7.166666666666667,23.416666666666664,1,0.8077907378416715
YNL169C,0.0,0.0,0.0,0,0.0
YNR069C,0.0,0.0,0.0,0,0.0
YOL123W,0.4111775779471549,10.879273504273504,13.416666666666666,1,0.4111775779471549
YOR141C,0.0,0.0,0.0,0,0.0
YOR176W,0.0,0.0,0.0,1,0.0
YOR185C,0.728789077394873,19.33333333333333,38.0,0,0.728789077394873
YOR259C,5.0871410646840625,88.04671717171715,0.0,1,5.0871410646840625
YOR317W,0.0,0.0,0.0,0,0.0
YOR374W,0.3455663803854723,23.166666666666668,71.25,0,0.3455663803854723
YOR375C,0.12005351721086424,6.199999999999999,0.0,0,0.12005351721086424
YPL266W,0.1501389827961836,2.1142857142857143,2.611111111111111,1,0.1501389827961836
YBR018C,0.28293603602373124,30.0,0.0,0,0.28293603602373124
YDR165W,0.0,0.0,0.0,0,0.0
YER123W,0.0,0.0,0.0,0,0.0
YGL180W,0.3948356807511737,4.606410256410256,2.833333333333333,1,0.3948356807511737
YML115C,0.1281706666497252,7.217748917748917,2.1666666666666665,0,0.1281706666497252
YPL031C,0.8358736476049028,19.46757964257964,40.916666666666664,0,0.8358736476049028
YBR155W,0.3442768093560214,9.4,10.0,1,0.3442768093560214
YBR234C,1.5427188552188553,27.71428571428572,17.0,1,1.5427188552188553
YCL048W,0.028125,22.0,0.0,0,0.028125
YDR386W,1.4218565226249151,64.60700790437635,111.16666666666666,0,1.4218565226249151
YER017C,0.16036971880148557,2.225,2.0,0,0.16036971880148557
YGR083C,2.0053895198397527,80.63333333333333,0.0,1,2.0053895198397527
YHL019C,1.0151515151515151,4.3,26.0,0,1.0151515151515151
YJL092W,0.24508705501944322,28.04418527379054,9.0,0,0.24508705501944322
YML102W,0.20202020202020202,2.033333333333333,4.5,0,0.20202020202020202
YMR049C,6.436735825919593,289.7309523809524,195.75,1,6.436735825919593
YOL150C,0.0,0.0,0.0,0,0.0
YBR082C,0.0,0.0,0.0,0,0.0
YDL043C,2.0747822507483136,243.5833333333333,393.66666666666663,1,2.0747822507483136
YDL156W,0.0,0.0,0.0,0,0.0
YDR030C,0.08999510795917981,30.0,4.0,0,0.08999510795917981
YDR267C,0.14881592421915002,6.0,1.0,1,0.14881592421915002
YDR306C,0.3072044573063397,192.0,0.0,0,0.3072044573063397
YFL038C,1.382058686193208,40.27096743835874,21.395833333333336,1,1.382058686193208
YFR031C,0.9302874693320918,12.833333333333332,11.222222222222221,1,0.9302874693320918
YKR017C,0.0,0.0,0.0,0,0.0
YLR288C,0.3223175633889921,19.883333333333333,49.666666666666664,0,0.3223175633889921
YML051W,0.0,0.0,0.0,0,0.0
YML057W,0.5971828540630967,74.80000000000001,0.0,0,0.5971828540630967
YMR094W,0.7076256742147247,6.834293157822569,15.833333333333332,1,0.7076256742147247
YNL032W,0.38195459976105134,7.766666666666667,2.0,0,0.38195459976105134
YNL323W,0.12795815295815297,6.166666666666667,4.666666666666667,0,0.12795815295815297
YOL100W,0.0,0.0,0.0,1,0.0
YOR276W,0.13629839761915236,9.5,4.5,0,0.13629839761915236
YPR093C,0.5702934667389591,18.833333333333336,8.75,0,0.5702934667389591
YBR021W,0.0,0.0,0.0,0,0.0
YOR128C,0.0,0.0,0.0,0,0.0
YHR123W,0.9238495493464438,35.75,28.5,0,0.9238495493464438
YLR242C,0.0,0.0,0.0,0,0.0
YHL042W,4.851568789450713,85.83549783549783,0.0,0,4.851568789450713
YPR119W,1.0229949509199874,55.50261968423734,0.0,0,1.0229949509199874
YBR025C,0.22035527218307666,8.0,27.75,0,0.22035527218307666
YNL088W,0.23818598182483275,4.547619047619048,9.833333333333332,1,0.23818598182483275
YNL207W,2.3913560001308642,27.604761904761904,26.208333333333332,1,2.3913560001308642
YBR027C,0.3399558498896247,2.2666666666666666,7.583333333333333,0,0.3399558498896247
YLR353W,0.3399558498896247,1.6666666666666667,5.416666666666666,0,0.3399558498896247
YOR046C,0.5833333333333333,5.666666666666667,3.0,1,0.5833333333333333
YBR028C,0.0,0.0,0.0,0,0.0
YCR016W,0.0,0.0,0.0,0,0.0
YER015W,0.0,0.0,0.0,0,0.0
YBR029C,0.0,0.0,0.0,1,0.0
YCR061W,0.2947425942338061,17.0,17.666666666666668,0,0.2947425942338061
YBR033W,0.0,0.0,0.0,0,0.0
YNL228W,0.0,0.0,0.0,0,0.0
YBR034C,0.13851351351351351,0.75,4.5,0,0.13851351351351351
YDR249C,0.0,0.0,0.0,0,0.0
YGR165W,0.0,0.0,0.0,0,0.0
YGR181W,0.6111111111111112,0.8333333333333334,2.0,0,0.6111111111111112
YMR048W,0.0,0.0,0.0,0,0.0
YBR035C,0.0,0.0,0.0,0,0.0
YDL101C,1.6764691045743814,204.6666666666666,336.6166666666666,0,1.6764691045743814
YBR161W,0.0,0.0,0.0,0,0.0
YCL052C,0.42145617801495916,4.904761904761905,17.166666666666668,1,0.42145617801495916
YCR034W,7.428571428571425,301.797113997114,499.1,0,7.428571428571425
YDL015C,10.322985019894592,380.0833333333333,115.83333333333331,1,10.322985019894592
YDL212W,5.123363493548172,167.70000000000005,289.0,1,5.123363493548172
YDR276C,1.8662505030219392,46.21111111111111,30.166666666666664,0,1.8662505030219392
YDR307W,3.3164974496313744,165.66666666666666,111.60833333333333,0,3.3164974496313744
YEL027W,1.6012755734716664,9.897619047619049,51.166666666666664,0,1.6012755734716664
YER026C,1.8335424104219122,64.18095238095238,43.83333333333333,1,1.8335424104219122
YHL003C,0.8436796544262218,10.55,17.5,0,0.8436796544262218
YIL114C,0.26866259647145097,4.25,21.666666666666664,0,0.26866259647145097
YJL196C,9.206612584020391,272.21666666666664,451.0666666666667,0,9.206612584020391
YJL214W,0.5949177752567583,47.5,14.0,0,0.5949177752567583
YKL065C,8.421184654964923,299.71666666666675,490.8083333333334,0,8.421184654964923
YKL154W,5.0230650478925245,175.63333333333333,267.64166666666665,1,5.0230650478925245
YLL048C,0.0,0.0,0.0,0,0.0
YLR372W,8.883116883116886,385.2507575757575,687.6416666666667,0,8.883116883116886
YMR306W,0.0,0.0,0.0,0,0.0
YOR016C,5.6826318737946995,217.6666666666667,364.0166666666667,0,5.6826318737946995
YPL227C,2.838439493807647,94.5,75.94444444444444,0,2.838439493807647
YPR079W,0.31272727272727274,0.0,2.6666666666666665,0,0.31272727272727274
YBR038W,0.0,0.0,0.0,1,0.0
YPL020C,0.0,0.0,0.0,1,0.0
YPR106W,0.0,0.0,0.0,0,0.0
YBR093C,0.0,0.0,0.0,0,0.0
YIL106W,0.7284166348562803,65.92857142857143,5.556666666666666,1,0.7284166348562803
YPL256C,1.0077285701140006,75.80000000000001,0.0,0,1.0077285701140006
YBR040W,0.0,0.0,0.0,0,0.0
YBR041W,0.0,0.0,0.0,0,0.0
YDL153C,0.11014344262295082,2.083333333333333,6.75,1,0.11014344262295082
YBR042C,0.0,0.0,0.0,0,0.0
YHR115C,0.4479492338647268,8.866666666666667,19.333333333333336,0,0.4479492338647268
YBR043C,0.0,0.0,0.0,0,0.0
YGR074W,2.5638433458227508,34.291666666666664,61.33333333333333,1,2.5638433458227508
YGR157W,0.0,0.0,0.0,0,0.0
YBR044C,0.0,0.0,0.0,0,0.0
YBR221C,0.786956276763579,8.194444444444445,35.5,0,0.786956276763579
YDL093W,0.20961538461538462,0.0,2.9166666666666665,0,0.20961538461538462
YKL004W,0.12226613965744401,1.4,5.0,1,0.12226613965744401
YKL141W,0.0,0.0,0.0,1,0.0
YKL148C,0.0,0.0,0.0,0,0.0
YLL041C,0.0,0.0,0.0,0,0.0
YBR047W,0.0,0.0,0.0,0,0.0
YBR049C,0.9466039707419018,10.6,5.5,1,0.9466039707419018
YDR130C,0.25734501759625544,16.634615384615383,0.8,1,0.25734501759625544
YDR303C,0.30442260442260444,0.5,0.0,1,0.30442260442260444
YLR176C,2.176272684167421,11.3,0.0,0,2.176272684167421
YBR050C,0.04874970264332591,2.1484848484848484,0.0,0,0.04874970264332591
YBR052C,0.0,0.0,0.0,0,0.0
YDR032C,0.14772784439321357,12.25,16.666666666666664,0,0.14772784439321357
YBR053C,0.0,0.0,0.0,0,0.0
YBR054W,0.5554869608056077,30.000000000000004,24.833333333333332,0,0.5554869608056077
YBR302C,0.3165460927960928,7.833333333333334,30.333333333333332,0,0.3165460927960928
YCL038C,0.0,0.0,0.0,0,0.0
YHR072W,0.0,0.0,0.0,1,0.0
YKR039W,0.22780704863896714,11.666666666666668,6.520833333333333,0,0.22780704863896714
YNL048W,0.7028307031268171,45.68030303030302,20.333333333333332,1,0.7028307031268171
YNR017W,0.9004495825305074,4.4,9.0,1,0.9004495825305074
YOR040W,0.0,0.0,0.0,0,0.0
YOR254C,2.1214568033738144,66.38333333333334,55.833333333333336,1,2.1214568033738144
YBR121C,0.0,0.0,0.0,1,0.0
YBR133C,0.0967900024503798,1.7,10.5,0,0.0967900024503798
YBR149W,0.0,0.0,0.0,0,0.0
YBR152W,3.0738482041567594,36.5,18.0,1,3.0738482041567594
YBR169C,0.10524178663713547,0.0,0.0,0,0.0
YCL043C,0.021713729308666017,3.4285714285714284,0.0,1,0.021713729308666017
YCR053W,0.0,0.0,0.0,0,0.0
YDL064W,0.27222222222222225,5.843137254901961,5.833333333333333,1,0.27222222222222225
YDL078C,0.0,0.0,0.0,0,0.0
YDL124W,0.0,0.0,0.0,0,0.0
YDR037W,0.0646379013565494,27.0,14.5,1,0.0646379013565494
YDR158W,0.0,0.0,0.0,0,0.0
YDR353W,0.10804720177995701,0.0,2.0,1,0.10804720177995701
YDR473C,1.9004248754248756,76.5,31.0,1,1.9004248754248756
YEL034W,0.11065062388591801,5.25,5.25,1,0.11065062388591801
YER003C,0.0,0.0,0.0,1,0.0
YER043C,0.6805977799352438,47.8,0.0,1,0.6805977799352438
YER091C,0.6430107497964958,18.874300699300697,0.0,0,0.6430107497964958
YER172C,4.823595173595174,77.490873015873,89.0,1,4.823595173595174
YFL017W-A,5.591817612212349,67.77301587301586,151.83333333333334,1,5.591817612212349
YGL202W,0.05300207039337474,3.0416666666666665,2.0,0,0.05300207039337474
YGL245W,0.5482378239915164,21.188636363636363,25.66666666666667,1,0.5482378239915164
YGL253W,0.032779623477297896,0.1875,0.0,0,0.032779623477297896
YGR061C,0.0,0.0,0.0,0,0.0
YGR204W,0.0,0.0,0.0,0,0.0
YHR019C,0.0,0.0,0.0,1,0.0
YHR183W,0.6288090458859217,32.800000000000004,26.0,0,0.6288090458859217
YHR208W,0.0,0.0,0.0,0,0.0
YJL080C,0.18434139784946235,0.0,0.4,0,0.18434139784946235
YJL167W,0.0,0.0,0.0,1,0.0
YJR104C,0.10662762754039251,2.958974358974359,8.777777777777777,0,0.10662762754039251
YJR105W,0.0,0.0,0.0,0,0.0
YJR139C,0.0,0.0,0.0,0,0.0
YKL085W,0.5727797168716595,11.228174603174605,29.333333333333336,0,0.5727797168716595
YKL157W,0.0,0.0,0.0,0,0.0
YLL026W,0.21386468814187098,6.677807486631016,4.166666666666666,0,0.21386468814187098
YLR153C,0.0,0.0,0.0,1,0.0
YLR432W,0.07837301587301587,0.0,4.0,0,0.07837301587301587
YLR446W,0.0,0.0,0.0,0,0.0
YMR120C,0.0,0.0,0.0,0,0.0
YNR001C,0.5896351719702042,30.800000000000004,74.58333333333333,0,0.5896351719702042
YOR120W,0.0,0.0,0.0,0,0.0
YOR159C,1.2507771782068458,19.261904761904763,12.25,1,1.2507771782068458
YOR335C,0.0,0.0,0.0,1,0.0
YPL004C,0.029900018864365212,1.0,0.0,0,0.029900018864365212
YPL028W,0.0,0.0,0.0,1,0.0
YPR082C,0.781863193995547,23.0,22.0,1,0.781863193995547
YPR178W,4.552362700075845,94.74188311688312,143.5,1,4.552362700075845
YPR182W,3.7137154902760785,54.74444444444445,126.0,1,3.7137154902760785
YBR056W,0.0,0.0,0.0,0,0.0
YFR007W,0.0,0.0,0.0,0,0.0
YBR057C,0.2857142857142857,2.1666666666666665,3.111111111111111,0,0.2857142857142857
YCL055W,0.34285714285714286,3.0,6.0,0,0.34285714285714286
YDR206W,0.046240601503759395,2.9603174603174605,0.0,0,0.046240601503759395
YGL192W,0.34285714285714286,2.1666666666666665,3.111111111111111,0,0.34285714285714286
YKL098W,0.0,0.0,0.0,0,0.0
YKR031C,0.0,0.0,0.0,0,0.0
YOL059W,0.0,0.0,0.0,0,0.0
YOL064C,0.0,0.0,0.0,0,0.0
YOL132W,1.8822750194348714,74.41666666666669,74.33333333333333,0,1.8822750194348714
YOR123C,1.862241164408347,2.185507246376812,27.0,0,1.862241164408347
YBR058C-A,1.1857142857142857,2.0,5.166666666666667,1,1.1857142857142857
YGR038W,2.1319327731092437,3.2,9.75,0,2.1319327731092437
YLR350W,2.0319327731092436,3.6,9.75,0,2.0319327731092436
YMR296C,1.7780480613297949,3.6,5.444444444444445,1,1.7780480613297949
YER144C,0.0,0.0,0.0,0,0.0
YFR014C,0.0,0.0,0.0,0,0.0
YGL213C,0.24819967266775778,4.5,2.1666666666666665,1,0.24819967266775778
YGR199W,0.04878048780487805,0.0,0.0,0,0.0
YJL039C,0.21575189647478804,10.25,6.111111111111111,1,0.21575189647478804
YML014W,0.0,0.0,0.0,0,0.0
YMR144W,0.0,0.0,0.0,0,0.0
YOR061W,4.671634867628756,157.0517535604492,0.0,0,4.671634867628756
YPR033C,0.0,0.0,0.0,1,0.0
YBR060C,4.0131578947368425,29.11688311688312,20.5,1,4.0131578947368425
YHR118C,4.251253132832081,24.03246753246753,20.5,1,4.251253132832081
YLL004W,3.8750000000000004,9.310064935064936,20.5,1,3.8750000000000004
YML065W,3.26451355661882,36.44155844155844,20.5,1,3.26451355661882
YPR162C,4.113095238095239,17.428571428571427,20.5,1,4.113095238095239
YBR061C,0.0,0.0,0.0,0,0.0
YBR300C,0.0,0.0,0.0,0,0.0
YDR383C,0.0,0.0,0.0,0,0.0
YDR461W,0.0,0.0,0.0,0,0.0
YGR182C,0.0,0.0,0.0,0,0.0
YGR195W,5.837794324918129,43.907459207459205,41.38888888888889,1,5.837794324918129
YGR201C,0.0,0.0,0.0,0,0.0
YGR219W,0.0,0.0,0.0,0,0.0
YGR235C,0.0,0.0,0.0,0,0.0
YGR277C,0.0,0.0,0.0,1,0.0
YHR008C,0.0,0.0,0.0,0,0.0
YHR022C,0.0,0.0,0.0,0,0.0
YHR059W,0.0,0.0,0.0,0,0.0
YJL016W,0.0,0.0,0.0,0,0.0
YJL097W,0.0,0.0,0.0,1,0.0
YJL140W,2.571463891406283,56.207142857142856,23.5,0,2.571463891406283
YJL166W,0.0,0.0,0.0,0,0.0
YBR063C,0.0,0.0,0.0,0,0.0
YDR369C,0.3542489834643534,6.161111111111111,0.0,0,0.3542489834643534
YBR064W,0.0,0.0,0.0,0,0.0
YBR065C,0.7366457072339425,3.333333333333333,16.0,0,0.7366457072339425
YBR066C,0.0,0.0,0.0,0,0.0
YBR067C,0.0,0.0,0.0,0,0.0
YNL237W,0.0,0.0,0.0,0,0.0
YPR138C,0.0,0.0,0.0,0,0.0
YDR046C,0.6557908757908757,16.283333333333335,22.833333333333332,0,0.6557908757908757
YJR001W,0.0,0.0,0.0,0,0.0
YDL199C,0.0,0.0,0.0,0,0.0
YLR343W,0.9401513524485172,43.5,99.26666666666667,0,0.9401513524485172
YOL109W,0.0,0.0,0.0,0,0.0
YPL233W,0.0,0.0,0.0,1,0.0
YBR070C,0.0,0.0,0.0,1,0.0
YJL019W,0.0,0.0,0.0,1,0.0
YBR094W,0.5257518796992482,3.5142857142857142,4.0,0,0.5257518796992482
YBR103W,1.9350868086205564,81.30000000000001,125.16666666666666,0,1.9350868086205564
YCR005C,0.0,0.0,0.0,0,0.0
YDL193W,0.1662087912087912,4.261904761904762,3.4444444444444446,1,0.1662087912087912
YFL034C-B,0.30897981387577467,6.476190476190475,0.0,1,0.30897981387577467
YGL208W,0.34922100189452887,2.1142857142857143,8.516666666666667,0,0.34922100189452887
YHR107C,2.2459861181998155,73.91827616827618,51.08333333333333,1,2.2459861181998155
YHR120W,0.2222222222222222,0.5714285714285714,2.0,0,0.2222222222222222
YIL046W,1.0690215003571895,52.42974182680066,36.91666666666667,1,1.0690215003571895
YIL128W,0.9108271807447988,115.83333333333334,126.5,0,0.9108271807447988
YIL147C,0.324856181767473,8.190079365079365,44.0,1,0.324856181767473
YJR053W,0.4593086998859744,13.65,36.766666666666666,0,0.4593086998859744
YJR076C,2.071771257717752,52.19659841792195,41.0,1,2.071771257717752
YKL139W,0.34352166996902794,13.564285714285711,4.777777777777778,1,0.34352166996902794
YLL011W,0.948911167951359,38.31208133971292,29.833333333333332,1,0.948911167951359
YLR097C,0.5526210589628856,105.33333333333331,0.0,1,0.5526210589628856
YLR208W,1.9767207518933627,23.58928571428571,15.65833333333333,1,1.9767207518933627
YML112W,0.2637972770201686,12.3,3.2777777777777777,0,0.2637972770201686
YMR055C,0.6022407914610339,44.6,32.516666666666666,0,0.6022407914610339
YNL128W,0.24227567247378687,11.75,0.0,0,0.24227567247378687
YNR019W,0.0,0.0,0.0,0,0.0
YOR319W,0.7324560149152983,57.083333333333336,52.75,1,0.7324560149152983
YPL169C,0.3148573933744026,2.05,3.666666666666667,1,0.3148573933744026
YBR073W,0.028811524609843937,2.9,2.0,0,0.028811524609843937
YBR074W,0.0,0.0,0.0,0,0.0
YMR083W,0.0,0.0,0.0,0,0.0
YBR076W,0.0,0.0,0.0,0,0.0
YBR077C,0.0,0.0,0.0,0,0.0
YKR007W,0.30952380952380953,2.230769230769231,2.0,0,0.30952380952380953
YMR004W,0.0,0.0,0.0,0,0.0
YOR045W,0.0,0.0,0.0,0,0.0
YBR078W,0.0,0.0,0.0,0,0.0
YDL005C,4.88990696582876,45.58690476190476,44.66666666666667,0,4.88990696582876
YDR091C,0.4675324675324675,2.063492063492064,1.0,1,0.4675324675324675
YDR429C,2.9701814102313837,49.894444444444446,41.25,1,2.9701814102313837
YIL071C,0.551010101010101,10.0,3.9166666666666665,0,0.551010101010101
YJR007W,2.5708842477501213,81.7,0.0,1,2.5708842477501213
YLR192C,1.3562084185816436,17.19047619047619,6.5,0,1.3562084185816436
YOR039W,2.702479158157733,93.08531746031748,0.0,0,2.702479158157733
YPR016C,6.668457136465746,136.34678932178934,89.16666666666667,1,6.668457136465746
YBR080C,0.0,0.0,0.0,1,0.0
YBR253W,6.268700442868578,164.25,53.333333333333336,1,6.268700442868578
YCL010C,0.9871451614957683,6.533963112910481,21.0,0,0.9871451614957683
YDR146C,0.5702009087760049,9.736363636363636,1.6666666666666665,0,0.5702009087760049
YDR167W,3.7522206301569976,44.67855682329366,55.5,1,3.7522206301569976
YGL066W,2.145087859639327,11.431565656565656,40.33333333333333,0,2.145087859639327
YGL244W,1.7229252107541582,4.920289855072463,16.5,0,1.7229252107541582
YGR252W,2.5720871054976526,32.022067844436265,36.0,0,2.5720871054976526
YLR055C,1.038158748301334,16.3,18.0,0,1.038158748301334
YMR223W,2.2137153106197194,19.08080808080808,40.33333333333333,0,2.2137153106197194
YMR236W,2.8342140971382053,49.08333333333333,11.0,1,2.8342140971382053
YOL148C,3.008444371511713,69.2,36.0,0,3.008444371511713
YPL254W,1.7885288210264503,37.8,35.33333333333333,0,1.7885288210264503
YPR025C,0.5417371677279874,3.6941176470588233,0.0,1,0.5417371677279874
YDR529C,0.0,0.0,0.0,0,0.0
YJL047C,0.3472962680883473,15.571428571428571,4.0,0,0.3472962680883473
YKL010C,0.0,0.0,0.0,0,0.0
YKL161C,1.1671377100303426,105.5,0.0,0,1.1671377100303426
YCR008W,0.0,0.0,0.0,0,0.0
YDR466W,0.8071676108844588,62.33333333333333,0.0,0,0.8071676108844588
YGL019W,3.615263433911065,141.96309523809526,0.0,0,3.615263433911065
YGL099W,1.253809573919013,9.854545454545455,36.0,1,1.253809573919013
YHR013C,0.3900383141762452,4.75,20.5,0,0.3900383141762452
YJR059W,0.21239419088457853,8.7,0.0,0,0.21239419088457853
YBR085W,0.0,0.0,0.0,0,0.0
YHR002W,0.0,0.0,0.0,0,0.0
YBR086C,0.0,0.0,0.0,0,0.0
YNL194C,0.13090909090909092,0.0,2.9166666666666665,0,0.13090909090909092
YHR191C,1.2661173951496532,27.666666666666664,5.0,0,1.2661173951496532
YLR390W,0.0,0.0,0.0,0,0.0
YMR078C,1.4605618395940976,67.0,9.5,0,1.4605618395940976
YMR181C,0.0,0.0,0.0,0,0.0
YOR144C,0.5210166177908114,6.714285714285714,2.0,0,0.5210166177908114
YCR092C,0.26010909627008694,2.796052631578948,11.5,0,0.26010909627008694
YER041W,0.1664607948442535,8.371212121212121,1.5,0,0.1664607948442535
YHR031C,0.0,0.0,0.0,0,0.0
YJR043C,0.6666666666666666,0.0,2.0,0,0.6666666666666666
YKL113C,0.04062126642771804,0.0,0.0,0,0.0
YLR035C,0.12489327122603863,12.857142857142858,2.0,0,0.12489327122603863
YML021C,0.0,0.0,0.0,0,0.0
YML056C,0.13742690058479531,22.0,4.5,0,0.13742690058479531
YMR167W,0.6107817159068465,16.095238095238095,19.5,0,0.6107817159068465
YFR037C,1.3964134034180473,10.322222222222225,22.5,1,1.3964134034180473
YGL133W,1.0605263157894738,3.333333333333333,9.5,0,1.0605263157894738
YLR033W,0.11513157894736842,0.0,4.5,1,0.11513157894736842
YLR321C,0.4957183026584867,2.5,8.5,1,0.4957183026584867
YNR003C,3.456505198233139,34.58333333333333,58.0,1,3.456505198233139
YOR110W,0.25,0.0,2.0,1,0.25
YBR089W,0.0,0.0,0.0,1,0.0
YBR090C,0.0,0.0,0.0,0,0.0
YBR091C,1.7857142857142856,7.0,4.0,1,1.7857142857142856
YJL054W,1.8857142857142857,7.475,4.0,1,1.8857142857142857
YKL002W,0.14238186216832285,17.0,2.833333333333333,0,0.14238186216832285
YOR297C,1.2333333333333334,2.875,3.0,1,1.2333333333333334
YKR106W,0.0,0.0,0.0,0,0.0
YML077W,1.0427350427350426,5.0,3.0,1,1.0427350427350426
YBR095C,0.29060448747179257,9.2,14.333333333333334,0,0.29060448747179257
YMR159C,0.24509558262898704,7.038461538461538,16.5,0,0.24509558262898704
YBR096W,0.0,0.0,0.0,0,0.0
YLR240W,0.0,0.0,0.0,1,0.0
YBR099C,0.0,0.0,0.0,0,0.0
YHL021C,0.0,0.0,0.0,0,0.0
YKL171W,1.284149418221395,2.083333333333333,92.33333333333334,0,1.284149418221395
YLL062C,0.0,0.0,0.0,0,0.0
YLR194C,0.0,0.0,0.0,0,0.0
YMR092C,0.20459649122807017,2.0296052631578947,8.5,0,0.20459649122807017
YMR173W,0.0,0.0,0.0,0,0.0
YOL011W,0.0,0.0,0.0,0,0.0
YPL136W,0.0,0.0,0.0,0,0.0
YIL068C,0.8333333333333333,3.0416666666666665,5.833333333333333,1,0.8333333333333333
YLR166C,1.1833333333333333,8.0,0.0,1,1.1833333333333333
YNR046W,0.0,0.0,0.0,1,0.0
YPR055W,0.9204136209663042,3.0416666666666665,2.1666666666666665,1,0.9204136209663042
YCR033W,3.500793650793651,27.514285714285712,59.5,0,3.500793650793651
YDR155C,1.0438600361892574,31.2797619047619,5.625,0,1.0438600361892574
YEL064C,0.0,0.0,0.0,0,0.0
YGR239C,0.2704059829059829,5.0,4.111111111111111,0,0.2704059829059829
YGR296W,0.0,0.0,0.0,0,0.0
YIL112W,3.304365079365079,22.56450216450217,0.0,0,3.304365079365079
YJR141W,0.0,0.0,0.0,1,0.0
YLR409C,0.2971457914409233,14.999999999999998,5.0,1,0.2971457914409233
YMR155W,0.0,0.0,0.0,0,0.0
YOL068C,3.10515873015873,19.97142857142857,25.125,0,3.10515873015873
YBR105C,0.050100777425856606,3.633333333333333,4.5,0,0.050100777425856606
YBR110W,7.841347737620967,268.9666666666667,494.7333333333333,1,7.841347737620967
YBR243C,0.06517094017094016,0.0,3.0,1,0.06517094017094016
YBR283C,2.5669323296261557,130.25,120.37500000000001,0,2.5669323296261557
YBR287W,0.0,0.0,0.0,0,0.0
YBR293W,0.1884742434742435,8.708333333333332,7.833333333333333,0,0.1884742434742435
YBR298C,0.9014345464017657,13.262626262626265,38.083333333333336,0,0.9014345464017657
YCR028C,0.04187344913151365,0.0,3.7916666666666665,0,0.04187344913151365
YCR037C,0.03400562851782364,0.0,0.0,0,0.0
YCR098C,0.05723443223443223,1.5,2.9166666666666665,0,0.05723443223443223
YDL128W,0.12072649572649571,0.0,4.666666666666667,0,0.12072649572649571
YDR297W,7.584560762818443,219.5904761904762,168.66666666666669,0,7.584560762818443
YDR456W,0.34926022528907075,7.5,5.916666666666666,0,0.34926022528907075
YDR508C,0.39385780885780886,3.633333333333333,4.916666666666667,0,0.39385780885780886
YEL017C-A,2.936165515407728,78.96969696969698,105.04166666666667,0,2.936165515407728
YER056C,0.04807692307692308,0.0,5.833333333333333,0,0.04807692307692308
YER060W-A,0.04807692307692308,0.0,5.833333333333333,0,0.04807692307692308
YFL025C,0.0,0.0,0.0,0,0.0
YGL054C,0.0,0.0,0.0,0,0.0
YGL055W,0.20961538461538462,0.0,2.9166666666666665,1,0.20961538461538462
YGL167C,0.0,0.0,0.0,0,0.0
YGR224W,0.0,0.0,0.0,0,0.0
YGR289C,0.7976820746776325,19.4,51.50000000000001,0,0.7976820746776325
YHR094C,0.6699761161625568,10.666666666666666,26.333333333333332,0,0.6699761161625568
YHR142W,3.553748105570338,83.02142857142859,96.75,0,3.553748105570338
YJL012C,0.2265645371577575,2.1666666666666665,4.916666666666667,1,0.2265645371577575
YJL059W,0.0,0.0,0.0,0,0.0
YJL108C,0.24018123003155079,19.0,36.666666666666664,0,0.24018123003155079
YJR124C,0.0,0.0,0.0,0,0.0
YKL146W,0.09033498759305211,0.0,5.791666666666666,0,0.09033498759305211
YKL165C,0.0,0.0,0.0,1,0.0
YLL006W,0.5062715062715062,6.388888888888889,4.777777777777778,0,0.5062715062715062
YLL023C,1.8298391137270928,56.7,33.37500000000001,0,1.8298391137270928
YLL061W,0.4534474662410498,16.10959595959596,11.166666666666666,0,0.4534474662410498
YLR378C,0.15292325321737088,6.133333333333334,9.75,1,0.15292325321737088
YML123C,1.1925663216709075,46.70833333333333,78.83333333333333,0,1.1925663216709075
YMR274C,0.04807692307692308,1.2,2.9166666666666665,0,0.04807692307692308
YNL101W,4.873113560517694,199.3571428571429,211.3083333333333,0,4.873113560517694
YNL275W,0.0,0.0,0.0,0,0.0
YNL321W,0.04294871794871795,0.0,2.9166666666666665,0,0.04294871794871795
YNR013C,0.10294871794871795,2.128571428571429,3.9166666666666665,0,0.10294871794871795
YNR055C,0.040865384615384616,0.0,5.833333333333333,0,0.040865384615384616
YPL189W,0.0,0.0,0.0,0,0.0
YPL274W,2.9575465062898223,81.7,57.5,0,2.9575465062898223
YPR124W,0.12072649572649571,0.0,5.833333333333333,1,0.12072649572649571
YPR194C,0.10078421578421579,4.1,15.0,0,0.10078421578421579
YBR107C,0.15064102564102563,0.8333333333333334,2.0,0,0.15064102564102563
YBR211C,0.19696969696969696,7.142857142857143,0.0,1,0.19696969696969696
YDR254W,0.0,0.0,0.0,0,0.0
YDR318W,0.15384615384615385,4.0,5.916666666666666,0,0.15384615384615385
YJR135C,0.0,0.0,0.0,1,0.0
YPL018W,0.8012820512820513,4.933333333333334,7.5,0,0.8012820512820513
YGR136W,0.7827187968274848,101.0,45.5,0,0.7827187968274848
YBR213W,0.0,0.0,0.0,0,0.0
YBR229C,0.0,0.0,0.0,0,0.0
YDR231C,0.0,0.0,0.0,1,0.0
YDR292C,0.0,0.0,0.0,1,0.0
YDR356W,2.029276122588962,50.07449494949496,13.904166666666669,1,2.029276122588962
YER023W,0.10472803828141233,9.0,0.0,1,0.10472803828141233
YFL003C,0.0,0.0,0.0,0,0.0
YFL010W-A,0.0,0.0,0.0,0,0.0
YFR054C,0.0,0.0,0.0,0,0.0
YGL043W,0.0,0.0,0.0,0,0.0
YGL063W,0.0,0.0,0.0,0,0.0
YGL141W,0.0,0.0,0.0,0,0.0
YGL229C,0.8618888854867284,24.0,0.0,0,0.8618888854867284
YGR034W,0.0,0.0,0.0,0,0.0
YGR050C,0.0,0.0,0.0,0,0.0
YGR144W,0.021600315333070556,1.4285714285714286,2.0,0,0.021600315333070556
YGR253C,0.36776766655431975,8.733333333333334,4.0,1,0.36776766655431975
YHR028C,0.0,0.0,0.0,0,0.0
YHR179W,0.46861704778384383,117.33333333333331,0.0,0,0.46861704778384383
YIL021W,3.611326699118496,149.0952380952381,80.0,1,3.611326699118496
YJR073C,0.0,0.0,0.0,0,0.0
YKL067W,0.10890461782724646,1.4444444444444444,2.0,0,0.10890461782724646
YKL175W,0.0,0.0,0.0,0,0.0
YKL182W,0.33999581461525,13.633333333333333,0.0,1,0.33999581461525
YKR025W,1.5565247252747252,16.0,16.5,1,1.5565247252747252
YLL050C,1.1891379553962227,50.23416415455889,42.291666666666664,1,1.1891379553962227
YLL051C,0.0,0.0,0.0,0,0.0
YLR433C,0.2453813617711667,2.122549019607843,0.0,0,0.2453813617711667
YLR443W,0.0,0.0,0.0,0,0.0
YML094C-A,0.0,0.0,0.0,0,0.0
YMR111C,0.0,0.0,0.0,0,0.0
YMR200W,0.0,0.0,0.0,1,0.0
YMR250W,0.0,0.0,0.0,0,0.0
YNL066W,0.0,0.0,0.0,0,0.0
YNL079C,0.020048192771084338,6.833333333333333,4.5,0,0.020048192771084338
YNL202W,0.0,0.0,0.0,0,0.0
YNL281W,0.0,0.0,0.0,0,0.0
YNR035C,2.2757359307359306,16.712987012987014,19.0,1,2.2757359307359306
YOR029W,0.0,0.0,0.0,0,0.0
YOR035C,0.05750273822562979,4.4,4.5,0,0.05750273822562979
YOR326W,0.9944504690318345,20.723376623376623,52.83333333333333,1,0.9944504690318345
YPL242C,0.04319970792259949,5.503987240829346,10.5,1,0.04319970792259949
YBR109W-A,0.0,0.0,0.0,0,0.0
YGR105W,0.051250000000000004,2.0,1.0,0,0.051250000000000004
YBR111W-A,1.7815040650406504,2.1022727272727275,1.3333333333333333,0,1.7815040650406504
YPL047W,1.7815040650406504,4.125,27.333333333333332,0,1.7815040650406504
YBR112C,0.4101449275362319,4.790909090909091,5.0,1,0.4101449275362319
YCR096C,0.5570294784580498,2.192513368983957,5.0,1,0.5570294784580498
YDR043C,0.0,0.0,0.0,0,0.0
YGL162W,0.0,0.0,0.0,0,0.0
YMR240C,3.165994496135337,62.39430014430014,67.83333333333333,1,3.165994496135337
YNL167C,0.15000000000000002,2.8,2.0,0,0.15000000000000002
YPL181W,1.1724123588829471,19.958333333333336,16.0,0,1.1724123588829471
YBR113W,0.0,0.0,0.0,0,0.0
YCR028C-A,0.3965367965367965,2.5,7.0,0,0.3965367965367965
YDR453C,0.0,0.0,0.0,0,0.0
YFL018C,0.7832894737275288,25.714072039072047,100.91666666666666,0,0.7832894737275288
YGR193C,0.35212981744421906,2.25,5.0,0,0.35212981744421906
YJR052W,0.6590045210233548,19.982142857142858,0.0,0,0.6590045210233548
YKL112W,0.2583333333333333,5.055555555555555,0.0,1,0.2583333333333333
YMR190C,0.3238095238095238,0.0,0.6666666666666666,0,0.3238095238095238
YMR201C,1.0428605471569745,34.2,37.5,0,1.0428605471569745
YMR226C,0.04587599254136174,39.0,4.666666666666667,0,0.04587599254136174
YMR315W,0.0,0.0,0.0,0,0.0
YOL097C,0.0,0.0,0.0,1,0.0
YOR332W,1.9865787637507282,41.333333333333336,20.500000000000004,0,1.9865787637507282
YPL154C,0.0,0.0,0.0,0,0.0
YGL154C,0.0,0.0,0.0,0,0.0
YBR116C,0.0,0.0,0.0,0,0.0
YBR117C,0.0,0.0,0.0,0,0.0
YPR074C,0.0,0.0,0.0,0,0.0
YCR094W,0.0,0.0,0.0,0,0.0
YDL220C,0.3922828305666941,21.333333333333336,37.0,1,0.3922828305666941
YDR522C,0.022115384615384617,7.46969696969697,0.0,0,0.022115384615384617
YFL014W,0.0,0.0,0.0,0,0.0
YGR173W,0.0,0.0,0.0,0,0.0
YGR280C,0.04365079365079365,0.0,0.0,1,0.0
YHR014W,0.05247324116802482,16.133333333333333,0.0,1,0.05247324116802482
YHR111W,0.01575035394053799,3.633333333333333,0.0,0,0.01575035394053799
YHR188C,0.5566612230974031,73.66666666666666,17.166666666666668,1,0.5566612230974031
YKL021C,0.2838812579582774,13.864775575301891,6.777777777777777,1,0.2838812579582774
YKL166C,1.609383541711535,84.95963203463207,0.0,1,1.609383541711535
YLR024C,0.0,0.0,0.0,0,0.0
YLR216C,0.9764404709362973,83.86666666666666,121.83333333333333,0,0.9764404709362973
YLR262C,1.0608344176724849,18.056277056277057,12.722222222222223,0,1.0608344176724849
YLR306W,0.021380090497737557,3.0416666666666665,0.0,0,0.021380090497737557
YMR022W,0.36330348212952335,9.476190476190476,1.0,0,0.36330348212952335
YNL271C,0.9616578462970373,111.94944178628388,11.888888888888891,0,0.9616578462970373
YOL128C,0.20187074829931972,0.4,0.0,0,0.20187074829931972
YOR339C,0.0,0.0,0.0,0,0.0
YPL048W,0.0,0.0,0.0,0,0.0
YPL236C,0.0,0.0,0.0,0,0.0
YPR017C,0.3357050009345988,27.0,0.0,0,0.3357050009345988
YBR119W,3.833282236339512,55.25,144.16666666666666,0,3.833282236339512
YDR110W,0.32976827094474154,4.083333333333333,1.5,0,0.32976827094474154
YDR235W,2.3450105106451855,48.0,111.5,1,2.3450105106451855
YDR240C,2.72115194847976,33.6,92.66666666666666,1,2.72115194847976
YGR013W,6.60071801655965,44.08174603174603,98.33333333333334,1,6.60071801655965
YHR086W,5.082312872765749,48.513888888888886,118.83333333333333,1,5.082312872765749
YKL012W,2.6179240650989875,18.0,104.0,1,2.6179240650989875
YLR223C,0.08120300751879699,11.5,0.0,1,0.08120300751879699
YLR298C,5.74146443474415,32.32222222222222,156.0,1,5.74146443474415
YLR449W,0.47621113290060857,14.047619047619047,24.333333333333332,0,0.47621113290060857
YML016C,0.7793668994118959,15.15277777777778,0.0,0,0.7793668994118959
YML046W,2.063956645798078,21.75,52.0,1,2.063956645798078
YNL227C,0.10096153846153846,2.446428571428571,0.0,0,0.10096153846153846
YNL277W,0.0,0.0,0.0,0,0.0
YPL178W,3.267346671676043,82.25,60.72222222222223,0,3.267346671676043
YJR082C,0.0,0.0,0.0,0,0.0
YBR122C,0.0,0.0,0.0,0,0.0
YDR362C,0.0,0.0,0.0,1,0.0
YGR047C,0.8392857142857142,0.0,4.0,1,0.8392857142857142
YGR246C,0.8563492063492064,1.7,4.0,1,0.8563492063492064
YPL007C,0.0,0.0,0.0,1,0.0
YBR124W,0.0,0.0,0.0,1,0.0
YBR125C,0.19523809523809524,2.5,0.0,0,0.19523809523809524
YDR186C,0.0,0.0,0.0,0,0.0
YBR265W,0.0,0.0,0.0,1,0.0
YDR028C,0.5402084795586717,10.460317460317462,47.25,0,0.5402084795586717
YFL033C,0.40839628535047867,14.725,13.166666666666668,0,0.40839628535047867
YIL177C,0.0,0.0,0.0,0,0.0
YIR032C,0.0,0.0,0.0,0,0.0
YLR411W,0.0,0.0,0.0,0,0.0
YML100W,0.24206349206349206,1.2,2.0,0,0.24206349206349206
YMR251W,0.0,0.0,0.0,0,0.0
YMR261C,0.17857142857142855,0.0,2.0,0,0.17857142857142855
YOR089C,0.8294604895499433,33.221428571428575,26.58333333333333,0,0.8294604895499433
YPR035W,0.0,0.0,0.0,1,0.0
YBR203W,0.023013078470824948,28.0,0.0,0,0.023013078470824948
YDR092W,0.21754385964912282,0.0,0.0,0,0.0
YDR138W,0.9155737974963222,5.050757575757576,48.33333333333333,0,0.9155737974963222
YDR202C,1.3418242941130267,49.0,13.5,0,1.3418242941130267
YGR188C,0.04522357723577236,9.0,9.333333333333334,0,0.04522357723577236
YHR039C-A,0.9129120879120879,9.517316017316018,0.0,0,0.9129120879120879
YJR033C,1.3418242941130267,31.889126559714796,19.333333333333332,0,1.3418242941130267
YKL080W,0.49583568083338536,48.0,0.0,0,0.49583568083338536
YMR054W,1.621726133428261,24.83333333333333,1.3333333333333333,0,1.621726133428261
YMR093W,1.0611114626259688,26.266666666666666,25.833333333333336,1,1.0611114626259688
YOR270C,2.243048191984362,25.33257575757576,2.0,0,2.243048191984362
YBR128C,0.0,0.0,0.0,0,0.0
YDR162C,0.36295018542290686,13.899080086580089,18.666666666666668,0,0.36295018542290686
YPL120W,0.0,0.0,0.0,0,0.0
YBR129C,0.0,0.0,0.0,0,0.0
YJL071W,0.0,0.0,0.0,0,0.0
YLR092W,0.0,0.0,0.0,0,0.0
YBR131W,0.0,0.0,0.0,0,0.0
YGL124C,0.5888888888888888,0.0,3.5,0,0.5888888888888888
YML001W,0.4181483119563615,3.623015873015873,35.25,0,0.4181483119563615
YBR132C,0.020413620966304155,0.7142857142857143,2.0,0,0.020413620966304155
YDL154W,0.25,0.5555555555555556,0.0,0,0.25
YER087W,0.0,0.0,0.0,0,0.0
YGL187C,0.0,0.0,0.0,0,0.0
YKL101W,0.25437144554791613,6.0,18.333333333333332,1,0.25437144554791613
YBR134W,0.0,0.0,0.0,0,0.0
YBR252W,0.037384969325153374,2.833333333333333,0.0,1,0.037384969325153374
YBR295W,0.0,0.0,0.0,0,0.0
YDR078C,0.41666666666666663,2.5,2.0,0,0.41666666666666663
YDR170W-A,0.0,0.0,0.0,0,0.0
YER138C,0.0,0.0,0.0,0,0.0
YGR108W,0.2495746054098457,23.0,0.0,0,0.2495746054098457
YGR109C,0.7235682573211177,50.061471861471865,0.0,0,0.7235682573211177
YKR091W,0.38558352402745993,47.66666666666667,0.0,0,0.38558352402745993
YLR079W,1.340962167409697,122.3,7.416666666666666,0,1.340962167409697
YLR210W,0.2495746054098457,28.73333333333333,0.0,0,0.2495746054098457
YLR226W,0.11722488038277512,1.125,9.333333333333334,0,0.11722488038277512
YMR199W,0.5080030884774989,74.5,0.0,0,0.5080030884774989
YCR004C,0.10185185185185185,2.5,0.6666666666666666,0,0.10185185185185185
YDR499W,0.3548561703647179,4.8,4.0,1,0.3548561703647179
YJL090C,0.24638911545679404,7.866666666666666,24.166666666666668,1,0.24638911545679404
YBR137W,0.011273679346989064,10.0,7.583333333333333,0,0.011273679346989064
YKR083C,0.5269230769230769,3.333333333333334,3.0,1,0.5269230769230769
YOR007C,0.0,0.0,0.0,0,0.0
YBR138C,0.0,0.0,0.0,0,0.0
YBR139W,0.1807511737089202,17.0,0.0,0,0.1807511737089202
YBR280C,0.4560569474293611,28.360294117647054,0.0,0,0.4560569474293611
YOR381W,0.0,0.0,0.0,0,0.0
YBR140C,0.5377684407096172,4.652777777777778,25.833333333333332,1,0.5377684407096172
YBR141C,0.0,0.0,0.0,0,0.0
YGL091C,0.0,0.0,0.0,1,0.0
YBR142W,3.940940846272217,126.0,33.666666666666664,1,3.940940846272217
YDR170C,0.6329114608021129,3.5576923076923075,22.21111111111111,1,0.6329114608021129
YGL111W,4.000625951800868,127.33333333333334,42.666666666666664,1,4.000625951800868
YHR052W,5.765581911415593,114.67896825396826,103.5,1,5.765581911415593
YHR066W,6.796267178992095,87.67774170274171,59.166666666666664,0,6.796267178992095
YKL014C,0.7814439670117095,11.389928698752229,9.0,1,0.7814439670117095
YLR398C,0.31266968325791855,5.5,16.666666666666668,0,0.31266968325791855
YMR163C,0.0,0.0,0.0,0,0.0
YNL002C,3.067905010756487,30.42748917748918,49.583333333333336,1,3.067905010756487
YOR272W,4.322203238694458,44.25079365079365,44.5,1,4.322203238694458
YPL141C,1.5613151303318822,15.105158730158731,28.333333333333336,0,1.5613151303318822
YIL129C,0.0,0.0,0.0,1,0.0
YLR386W,0.0707070707070707,0.0,4.666666666666667,0,0.0707070707070707
YMR080C,0.4449126853538618,0.0,8.916666666666668,0,0.4449126853538618
YBR144C,0.0,0.0,0.0,0,0.0
YBR145W,0.0,0.0,0.0,0,0.0
YBR146W,0.2319327731092437,5.0,3.0,0,0.2319327731092437
YDL211C,0.0,0.0,0.0,0,0.0
YDL030W,1.6323944863746653,13.208333333333334,25.0,1,1.6323944863746653
YDL098C,1.0506715506715507,11.666666666666666,14.0,1,1.0506715506715507
YER029C,3.1746077225601397,73.41666666666667,71.0,1,3.1746077225601397
YGR075C,0.7741147741147741,8.666666666666666,9.5,1,0.7741147741147741
YOR308C,1.9073770928840588,13.333333333333334,48.0,0,1.9073770928840588
YBR154C,3.954327217816579,79.87579365079365,69.0,1,3.954327217816579
YDL140C,3.4525662754020123,136.71600175187132,101.5,1,3.4525662754020123
YDR404C,4.437053359801532,99.25119047619046,44.5,1,4.437053359801532
YER071C,0.0,0.0,0.0,0,0.0
YFL023W,0.0,0.0,0.0,1,0.0
YKL144C,3.3574165796384725,26.416666666666664,52.5,1,3.3574165796384725
YLR384C,2.921750356443723,23.17142857142857,15.5,0,2.921750356443723
YOR224C,3.676883025491358,77.54761904761904,65.5,1,3.676883025491358
YOR341W,2.5024408386685346,50.1968253968254,78.26666666666667,1,2.5024408386685346
YPL203W,3.377987790511653,91.07388167388169,0.0,1,3.377987790511653
YDR463W,0.07827402458555716,5.598529411764705,2.066666666666667,0,0.07827402458555716
YGR187C,0.07501280081925243,0.0,0.0,0,0.0
YGR234W,0.07392473118279569,3.2,4.5,0,0.07392473118279569
YJR032W,0.47774678632064027,2.9846153846153847,0.0,0,0.47774678632064027
YBR156C,0.49444444444444446,3.0,3.0,0,0.49444444444444446
YGR113W,0.9202147752414873,10.642857142857142,9.5625,1,0.9202147752414873
YBR157C,0.0,0.0,0.0,0,0.0
YBR158W,0.19090909090909092,2.1984126984126986,1.0,1,0.19090909090909092
YDR111C,0.0,0.0,0.0,0,0.0
YGR163W,0.2857142857142857,2.230769230769231,2.0,0,0.2857142857142857
YCR011C,0.03857142857142857,0.0,2.9166666666666665,0,0.03857142857142857
YCR024C-A,1.6133530528827218,42.3,69.83333333333333,0,1.6133530528827218
YDL210W,0.35743778148136507,16.75,16.666666666666668,0,0.35743778148136507
YFL062W,0.5025390918417167,15.81363636363636,21.333333333333332,0,0.5025390918417167
YGR191W,0.4484517650371309,0.0,5.5,1,0.4484517650371309
YGR295C,0.24316318730737446,80.0,21.666666666666664,0,0.24316318730737446
YIL005W,0.16961731116008816,2.1666666666666665,4.5,0,0.16961731116008816
YIR022W,0.4165348377113084,12.06212121212121,13.25,1,0.4165348377113084
YJL222W,0.056885318071758756,5.233333333333333,3.0,0,0.056885318071758756
YJR161C,0.4258730158730159,0.0,5.0,0,0.4258730158730159
YKL008C,4.95805165290564,121.4404761904762,219.66666666666669,0,4.95805165290564
YLL043W,0.09333333333333332,2.05,5.833333333333333,0,0.09333333333333332
YLR004C,0.5961403518040218,36.0,16.97222222222222,0,0.5961403518040218
YLR056W,0.09564102564102564,7.133333333333333,6.666666666666667,0,0.09564102564102564
YLR080W,0.1211111111111111,2.0,1.9444444444444444,0,0.1211111111111111
YNL279W,0.15333333333333332,6.5,4.25,0,0.15333333333333332
YNR070W,0.0,0.0,0.0,0,0.0
YPR003C,0.1211111111111111,5.0,2.9166666666666665,0,0.1211111111111111
YCL051W,0.0,0.0,0.0,0,0.0
YCR065W,0.0,0.0,0.0,0,0.0
YDL089W,0.14957264957264957,0.0,2.9166666666666665,1,0.14957264957264957
YDL106C,0.059941520467836254,7.333333333333333,0.0,0,0.059941520467836254
YDL189W,0.0,0.0,0.0,0,0.0
YDR001C,0.024489795918367346,0.0,0.0,0,0.0
YDR027C,1.6348039215686274,7.407467532467532,7.8125,0,1.6348039215686274
YDR093W,0.0,0.0,0.0,0,0.0
YDR113C,0.18968431537456565,14.6,17.375,1,0.18968431537456565
YDR123C,0.0,0.0,0.0,1,0.0
YDR217C,0.29570249665574605,23.133333333333333,11.0,0,0.29570249665574605
YDR223W,0.0,0.0,0.0,0,0.0
YDR285W,0.17105263157894735,13.825,0.0,0,0.17105263157894735
YDR389W,0.007970194302961704,0.0,0.0,1,0.0
YDR439W,0.44203570133916714,37.721428571428575,24.177777777777777,0,0.44203570133916714
YDR501W,0.0,0.0,0.0,0,0.0
YEL065W,0.0,0.0,0.0,0,0.0
YER129W,1.1899178056679065,21.34448051948052,61.66666666666667,0,1.1899178056679065
YFL029C,0.0,0.0,0.0,1,0.0
YFR015C,1.428834640403016,10.833333333333334,0.0,0,1.428834640403016
YFR027W,0.30952380952380953,2.355555555555556,4.0,1,0.30952380952380953
YFR046C,0.0,0.0,0.0,0,0.0
YGL003C,1.0590648571676586,96.61190476190474,38.6,1,1.0590648571676586
YGL075C,0.08130904183535763,16.944444444444443,0.0,1,0.08130904183535763
YGL116W,0.5192574840601601,88.65,4.0,1,0.5192574840601601
YGL216W,0.0,0.0,0.0,0,0.0
YGL235W,0.0,0.0,0.0,0,0.0
YGR035C,0.0337055417700579,2.033333333333333,0.0,0,0.0337055417700579
YGR186W,1.0892518198731214,48.58654678654679,24.0,1,1.0892518198731214
YGR238C,1.2200557964357708,64.90476190476191,0.0,0,1.2200557964357708
YGR270W,0.07581453634085213,6.751515151515151,0.0,0,0.07581453634085213
YHL022C,0.0,0.0,0.0,0,0.0
YHL035C,0.0,0.0,0.0,0,0.0
YHL050C,0.0,0.0,0.0,0,0.0
YHR149C,0.09696969696969697,3.1666666666666665,0.0,0,0.09696969696969697
YHR159W,0.0,0.0,0.0,0,0.0
YIL031W,0.0,0.0,0.0,1,0.0
YIL050W,0.47217307975821904,16.560606060606062,15.833333333333334,0,0.47217307975821904
YIL101C,0.0,0.0,0.0,0,0.0
YIL122W,0.0,0.0,0.0,0,0.0
YIL131C,1.4623159172547369,134.35196324143692,6.5,0,1.4623159172547369
YIL140W,0.0,0.0,0.0,0,0.0
YIR031C,0.0,0.0,0.0,0,0.0
YJL060W,0.0,0.0,0.0,0,0.0
YJL084C,0.059941520467836254,16.560606060606062,0.0,0,0.059941520467836254
YJR054W,0.0,0.0,0.0,0,0.0
YJR083C,0.10872532707148891,0.0,0.0,0,0.0
YJR092W,0.3807677226893873,0.0,0.0,0,0.0
YKL043W,0.0,0.0,0.0,0,0.0
YKL048C,0.16447368421052633,5.923076923076923,0.0,0,0.16447368421052633
YKL116C,0.0,0.0,0.0,0,0.0
YKL185W,0.0,0.0,0.0,0,0.0
YKR077W,0.046052631578947366,74.0,0.0,0,0.046052631578947366
YKR078W,0.0,0.0,0.0,0,0.0
YKR089C,0.0,0.0,0.0,0,0.0
YKR090W,0.0,0.0,0.0,0,0.0
YLL003W,0.17316017316017315,0.0,0.0,1,0.0
YLR006C,0.8768778399099422,9.24937343358396,35.833333333333336,0,0.8768778399099422
YLR086W,0.18795454545454546,1.0,2.0,1,0.18795454545454546
YLR131C,0.177709187022156,9.534632034632034,0.0,0,0.177709187022156
YLR183C,0.0,0.0,0.0,0,0.0
YLR187W,0.0,0.0,0.0,0,0.0
YLR190W,0.444813012924468,35.0,2.6666666666666665,0,0.444813012924468
YLR219W,0.0,0.0,0.0,0,0.0
YLR278C,0.0,0.0,0.0,0,0.0
YLR319C,0.48703766769865836,8.968939393939394,0.0,0,0.48703766769865836
YLR394W,0.462719298245614,16.599999999999998,0.0,0,0.462719298245614
YLR401C,0.0,0.0,0.0,0,0.0
YLR457C,0.0,0.0,0.0,1,0.0
YML027W,0.0,0.0,0.0,0,0.0
YML034W,0.0,0.0,0.0,0,0.0
YML119W,0.0,0.0,0.0,0,0.0
YMR005W,0.4935997910135841,6.0,6.5,1,0.4935997910135841
YMR129W,0.5816498316498316,6.571428571428571,4.0,0,0.5816498316498316
YNL042W,0.08639021796916534,241.0,0.0,0,0.08639021796916534
YNL058C,0.019537480063795853,11.090909090909092,0.0,0,0.019537480063795853
YNL257C,0.0,0.0,0.0,0,0.0
YNL278W,0.0,0.0,0.0,0,0.0
YNL298W,1.6312851711919998,65.45687645687647,0.0,0,1.6312851711919998
YNL309W,0.3837719298245614,30.416666666666668,0.0,0,0.3837719298245614
YNL339C,0.0,0.0,0.0,0,0.0
YNR047W,0.13854793050581043,14.90530303030303,1.5,0,0.13854793050581043
YOL058W,0.0,0.0,0.0,0,0.0
YOR001W,2.29755022868908,19.80869963369964,37.5,0,2.29755022868908
YOR037W,0.0,0.0,0.0,0,0.0
YOR058C,0.0,0.0,0.0,0,0.0
YOR066W,0.046052631578947366,18.5,0.0,0,0.046052631578947366
YOR075W,0.6369047619047619,5.0,7.0,1,0.6369047619047619
YOR081C,0.0356359649122807,12.166666666666666,0.0,0,0.0356359649122807
YOR083W,0.0,0.0,0.0,0,0.0
YOR104W,0.0,0.0,0.0,0,0.0
YOR177C,0.0,0.0,0.0,0,0.0
YOR188W,0.05701754385964912,66.0,0.0,0,0.05701754385964912
YOR195W,0.19090909090909092,2.0,3.111111111111111,0,0.19090909090909092
YOR315W,0.0,0.0,0.0,0,0.0
YOR372C,0.0356359649122807,24.33333333333333,0.0,1,0.0356359649122807
YPL155C,0.24347826086956523,0.5,5.833333333333333,0,0.24347826086956523
YPL250C,0.0,0.0,0.0,0,0.0
YPL255W,0.40284119978424426,62.0,3.0,1,0.40284119978424426
YPL267W,0.0356359649122807,18.25,0.0,0,0.0356359649122807
YPR018W,0.777204030643099,25.366666666666667,25.833333333333332,0,0.777204030643099
YPR141C,0.6340458937198067,1.9,7.111111111111112,0,0.6340458937198067
YPR174C,0.0,0.0,0.0,0,0.0
YEL042W,0.0,0.0,0.0,0,0.0
YBR192W,0.0,0.0,0.0,1,0.0
YDR238C,1.5897202797202796,25.83333333333333,23.708333333333336,1,1.5897202797202796
YER086W,0.10450170396978907,1.25,19.833333333333336,0,0.10450170396978907
YGR249W,0.0,0.0,0.0,0,0.0
YNL217W,0.0,0.0,0.0,0,0.0
YPR155C,0.0,0.0,0.0,0,0.0
YBR162W-A,0.0,0.0,0.0,0,0.0
YIL027C,0.0,0.0,0.0,0,0.0
YML108W,0.0,0.0,0.0,0,0.0
YBR163W,0.0,0.0,0.0,0,0.0
YBR166C,0.0,0.0,0.0,0,0.0
YBR257W,0.0,0.0,0.0,1,0.0
YGR030C,0.0,0.0,0.0,1,0.0
YHR062C,0.0,0.0,0.0,1,0.0
YNL221C,0.0,0.0,0.0,1,0.0
YNL282W,0.0,0.0,0.0,1,0.0
YBR168W,0.0,0.0,0.0,1,0.0
YBR170C,0.2468090328915071,5.222222222222222,0.8,0,0.2468090328915071
YGR048W,0.3515791196203567,3.272727272727273,0.0,1,0.3515791196203567
YBR171W,0.5720435635269702,8.733333333333334,14.5,0,0.5720435635269702
YCL057W,0.0,0.0,0.0,0,0.0
YER053C,0.0,0.0,0.0,0,0.0
YBR172C,0.16666666666666666,0.0,0.0,0,0.0
YBR173C,0.09347826086956522,2.033333333333333,0.0,0,0.09347826086956522
YGL011C,4.490512121239632,71.35,17.5,1,4.490512121239632
YBR174C,0.0,0.0,0.0,0,0.0
YHR177W,0.0,0.0,0.0,0,0.0
YIL160C,0.48290598290598286,3.333333333333333,2.388888888888889,0,0.48290598290598286
YLR403W,0.0704753511410359,8.0,1.5,1,0.0704753511410359
YPL029W,0.0,0.0,0.0,0,0.0
YBR176W,0.10472803828141233,12.0,0.0,0,0.10472803828141233
YBR177C,0.0,0.0,0.0,0,0.0
YBR178W,0.0,0.0,0.0,0,0.0
YHR122W,0.0,0.0,0.0,1,0.0
YBR179C,0.0,0.0,0.0,0,0.0
YBR180W,0.0,0.0,0.0,0,0.0
YBR182C,0.0,0.0,0.0,0,0.0
YDR039C,0.0,0.0,0.0,0,0.0
YDR506C,0.0,0.0,0.0,0,0.0
YER087C-B,0.0,0.0,0.0,0,0.0
YFL041W,1.183352351416615,35.0,40.25,0,1.183352351416615
YBR184W,0.0,0.0,0.0,0,0.0
YNL225C,0.7904761904761906,2.0,9.0,1,0.7904761904761906
YBR185C,0.0,0.0,0.0,0,0.0
YBR187W,0.0,0.0,0.0,0,0.0
YBR188C,0.3780885780885781,0.0,3.0,0,0.3780885780885781
YBR190W,0.0,0.0,0.0,1,0.0
YEL037C,5.451318364365978,77.56666666666665,25.666666666666668,0,5.451318364365978
YER148W,3.5765223932517194,79.53570669526552,73.83333333333333,1,3.5765223932517194
YOR264W,0.051742919389978215,0.0,4.0,0,0.051742919389978215
YBR194W,0.0,0.0,0.0,0,0.0
YPR152C,0.0,0.0,0.0,0,0.0
YBR195C,0.20202020202020202,2.8,1.0,0,0.20202020202020202
YLR418C,2.4083503407131626,9.333333333333334,30.0,0,2.4083503407131626
YDR436W,1.024848484848485,6.0,0.0,0,1.024848484848485
YER116C,0.0,0.0,0.0,0,0.0
YIL113W,0.05511081625632709,4.722222222222222,0.0,0,0.05511081625632709
YJL069C,1.8846148035169328,51.266666666666666,29.083333333333336,1,1.8846148035169328
YKL189W,0.05984062695433152,3.941844919786096,0.0,1,0.05984062695433152
YKR055W,0.16005417756522822,4.208333333333333,1.5,0,0.16005417756522822
YMR291W,0.15835743360418264,7.399999999999999,12.6,0,0.15835743360418264
YNL183C,1.1657612183483184,17.717765567765568,54.70833333333333,0,1.1657612183483184
YNL260C,0.0,0.0,0.0,1,0.0
YOR353C,0.18547840188707063,8.833333333333334,4.666666666666667,1,0.18547840188707063
YPL074W,0.05385790679908327,5.440476190476191,0.0,0,0.05385790679908327
YPL262W,0.2892412549512133,9.425,4.8,0,0.2892412549512133
YBR197C,0.0,0.0,0.0,0,0.0
YNR037C,0.0,0.0,0.0,0,0.0
YCR042C,0.6716028365369135,11.20072900955254,9.0,1,0.6716028365369135
YDR145W,1.9153524635631725,28.485858585858587,27.5,1,1.9153524635631725
YER160C,0.0,0.0,0.0,0,0.0
YHR137W,0.0,0.0,0.0,0,0.0
YJR064W,0.17124893165842603,2.0969696969696967,10.333333333333334,1,0.17124893165842603
YJR072C,0.028782155063860407,1.8571428571428568,0.0,1,0.028782155063860407
YML015C,1.520062947314632,22.833333333333336,16.0,1,1.520062947314632
YML061C,0.0,0.0,0.0,0,0.0
YML098W,2.6207439872500724,53.0,13.5,1,2.6207439872500724
YPL011C,0.7522517627740751,9.5,11.5,1,0.7522517627740751
YBR199W,0.0,0.0,0.0,0,0.0
YDR384C,0.0,0.0,0.0,0,0.0
YCL005W,0.0,0.0,0.0,0,0.0
YDL086W,0.0,0.0,0.0,0,0.0
YDR177W,0.0,0.0,0.0,1,0.0
YDR242W,0.0,0.0,0.0,0,0.0
YDR243C,0.0,0.0,0.0,1,0.0
YDR368W,0.0,0.0,0.0,0,0.0
YEL043W,0.6334551997709893,9.375,0.0,0,0.6334551997709893
YIL060W,0.0,0.0,0.0,0,0.0
YJL079C,0.0,0.0,0.0,0,0.0
YKL040C,0.0,0.0,0.0,0,0.0
YKL082C,0.3522727272727273,4.688636363636364,2.0,1,0.3522727272727273
YLL049W,0.04265593561368209,10.5,0.0,0,0.04265593561368209
YLR318W,0.0,0.0,0.0,0,0.0
YLR361C,0.0,0.0,0.0,0,0.0
YMR195W,0.0,0.0,0.0,0,0.0
YMR212C,0.0,0.0,0.0,1,0.0
YMR247C,0.0,0.0,0.0,0,0.0
YMR287C,0.0,0.0,0.0,0,0.0
YNR067C,0.0,0.0,0.0,0,0.0
YNR071C,0.022246272246272247,0.0,0.0,0,0.0
YOL093W,0.0,0.0,0.0,0,0.0
YOR108W,0.0,0.0,0.0,0,0.0
YOR129C,0.0,0.0,0.0,0,0.0
YPL085W,0.7439735702893597,0.0,7.458333333333333,1,0.7439735702893597
YPL105C,0.32900432900432897,2.0090909090909093,2.0,0,0.32900432900432897
YBR201W,0.0,0.0,0.0,0,0.0
YBR202W,1.4833333333333334,7.444976076555023,5.25,1,1.4833333333333334
YGL001C,0.0,0.0,0.0,1,0.0
YCL037C,0.688487259757355,67.0,21.666666666666668,0,0.688487259757355
YKL006C-A,0.11549765228996811,10.5,8.666666666666666,1,0.11549765228996811
YBR204C,0.0,0.0,0.0,0,0.0
YPL096W,0.0,0.0,0.0,0,0.0
YHR105W,0.0,0.0,0.0,0,0.0
YBR207W,0.0,0.0,0.0,0,0.0
YEL022W,0.0,0.0,0.0,0,0.0
YOR068C,0.0,0.0,0.0,0,0.0
YBR208C,0.21168237665366024,10.01969696969697,0.0,0,0.21168237665366024
YBR209W,0.0,0.0,0.0,0,0.0
YGR179C,0.907134532134532,9.5,6.5,1,0.907134532134532
YLR052W,0.305,4.8,3.0,0,0.305
YBR212W,0.0,0.0,0.0,0,0.0
YMR206W,0.0,0.0,0.0,0,0.0
YBR214W,0.0,0.0,0.0,0,0.0
YBR215W,0.0,0.0,0.0,0,0.0
YBR216C,0.11957987474154205,35.0,13.333333333333332,0,0.11957987474154205
YDR022C,0.27122177509501455,10.8,15.333333333333334,0,0.27122177509501455
YDR465C,0.017733627667402503,6.666666666666667,2.25,0,0.017733627667402503
YGL016W,0.35644303368795677,23.0,39.83333333333333,0,0.35644303368795677
YGL078C,0.0,0.0,0.0,0,0.0
YHR033W,0.13350102064575986,21.0,16.0,0,0.13350102064575986
YHR076W,0.04071969696969697,0.0,13.3,0,0.04071969696969697
YHR201C,0.0,0.0,0.0,0,0.0
YIL125W,0.5262333371674683,30.100000000000005,21.0,0,0.5262333371674683
YKL145W,10.932086499473685,183.32561327561328,25.666666666666664,1,10.932086499473685
YLL042C,0.0,0.0,0.0,0,0.0
YLR031W,0.0,0.0,0.0,0,0.0
YLR059C,0.0,0.0,0.0,1,0.0
YLR424W,0.19319092848504613,2.1666666666666665,2.0,1,0.19319092848504613
YLR438W,0.125,2.0,4.5,0,0.125
YML055W,0.0,0.0,0.0,0,0.0
YMR056C,0.0,0.0,0.0,0,0.0
YNL208W,0.0,0.0,0.0,0,0.0
YPR049C,0.0,0.0,0.0,0,0.0
YPR108W,8.923979732309814,82.57678571428572,0.0,1,8.923979732309814
YBR218C,0.0,0.0,0.0,0,0.0
YBR219C,0.0,0.0,0.0,0,0.0
YBR220C,0.0,0.0,0.0,0,0.0
YDR430C,0.5181644880174292,0.0,2.5,0,0.5181644880174292
YLR218C,0.0,0.0,0.0,0,0.0
YML059C,0.07606490872210953,0.0,2.25,0,0.07606490872210953
YBR222C,0.0,0.0,0.0,0,0.0
YFL020C,0.0,0.0,0.0,0,0.0
YBR225W,0.497272801941808,14.749999999999998,0.0,0,0.497272801941808
YGL197W,0.9060885812179453,65.66666666666666,56.16666666666667,0,0.9060885812179453
YBR226C,0.0,0.0,0.0,0,0.0
YDL049C,0.0,0.0,0.0,0,0.0
YBR227C,0.0,0.0,0.0,0,0.0
YBR228W,0.0,0.0,0.0,0,0.0
YLR135W,0.0,0.0,0.0,0,0.0
YBR230C,0.0,0.0,0.0,0,0.0
YBR231C,0.3338345864661654,2.761904761904762,8.5,0,0.3338345864661654
YNR030W,0.0,0.0,0.0,0,0.0
YBR233W,0.0,0.0,0.0,0,0.0
YIL062C,2.4886363636363633,19.0,6.0,1,2.4886363636363633
YJR065C,2.5494241607449153,17.56854256854257,8.0,1,2.5494241607449153
YKL013C,2.816720779220779,13.876623376623378,8.0,1,2.816720779220779
YLR370C,2.5232558139534884,15.985714285714284,14.333333333333334,0,2.5232558139534884
YML069W,0.32665598290598286,1.0,4.25,1,0.32665598290598286
YNL040W,0.0,0.0,0.0,0,0.0
YBR235W,0.0,0.0,0.0,0,0.0
YBR236C,0.04508611955420466,0.0,2.0,1,0.04508611955420466
YBR237W,0.0,0.0,0.0,1,0.0
YDR073W,0.0,0.0,0.0,0,0.0
YKR043C,0.0,0.0,0.0,0,0.0
YBR239C,0.020413620966304155,1.6666666666666667,1.0,0,0.020413620966304155
YPL133C,0.0,0.0,0.0,0,0.0
YBR240C,0.0,0.0,0.0,0,0.0
YDL080C,0.0,0.0,0.0,0,0.0
YBR241C,0.0,0.0,0.0,0,0.0
YBR242W,0.0,0.0,0.0,0,0.0
YBR244W,0.0,0.0,0.0,0,0.0
YCR052W,0.11929824561403508,3.0,2.0,1,0.11929824561403508
YKR008W,0.0,0.0,0.0,1,0.0
YLR163C,0.6291035353535354,9.75,13.583333333333332,1,0.6291035353535354
YOL017W,0.0,0.0,0.0,0,0.0
YBR246W,0.0,0.0,0.0,0,0.0
YDL148C,0.23094316096344497,2.225,7.416666666666666,1,0.23094316096344497
YDR449C,0.5315832916238595,10.790476190476191,12.666666666666668,1,0.5315832916238595
YGR081C,0.08823529411764705,0.8333333333333334,3.0,0,0.08823529411764705
YHR148W,0.8952009225842896,7.433333333333333,9.666666666666666,1,0.8952009225842896
YJR002W,1.40236251240308,7.076190476190476,14.166666666666666,1,1.40236251240308
YKL143W,0.44767808408244714,2.1142857142857143,15.041666666666666,0,0.44767808408244714
YMR128W,0.4783110736457593,4.423412698412699,17.833333333333332,1,0.4783110736457593
YNL075W,0.37628384687208216,2.2857142857142856,5.166666666666666,1,0.37628384687208216
YNL132W,2.3597715041301504,26.090147271029625,40.916666666666664,1,2.3597715041301504
YOL010W,0.06066176470588235,1.1428571428571428,2.9166666666666665,1,0.06066176470588235
YOR056C,0.25054466230936817,2.1142857142857143,2.625,1,0.25054466230936817
YPR144C,0.23094316096344497,5.0285714285714285,7.416666666666666,1,0.23094316096344497
YBR248C,0.0,0.0,0.0,0,0.0
YBR249C,0.0,0.0,0.0,0,0.0
YEL047C,0.0,0.0,0.0,0,0.0
YOR050C,0.0,0.0,0.0,0,0.0
YDL045W-A,0.0,0.0,0.0,0,0.0
YDL138W,0.0,0.0,0.0,0,0.0
YDR041W,0.2319327731092437,5.0,3.0,1,0.2319327731092437
YDR175C,0.16316763993733086,6.333333333333333,5.277777777777778,0,0.16316763993733086
YDR337W,0.2319327731092437,5.0,3.0,0,0.2319327731092437
YDR347W,0.2319327731092437,4.25,3.0,0,0.2319327731092437
YGR084C,0.2319327731092437,7.5,3.0,0,0.2319327731092437
YGR150C,0.0,0.0,0.0,0,0.0
YGR170W,0.0,0.0,0.0,0,0.0
YGR215W,0.05714285714285714,3.5,2.0,0,0.05714285714285714
YIL093C,0.3077054550633813,13.0,6.277777777777778,0,0.3077054550633813
YJR101W,0.05714285714285714,2.083333333333333,2.0,0,0.05714285714285714
YKL003C,0.0,0.0,0.0,0,0.0
YKL155C,0.2319327731092437,4.25,9.0,0,0.2319327731092437
YNL137C,0.2319327731092437,4.25,3.0,1,0.2319327731092437
YNL186W,0.0,0.0,0.0,0,0.0
YNL306W,0.2319327731092437,5.0,3.0,1,0.2319327731092437
YOR205C,0.0,0.0,0.0,0,0.0
YOR243C,0.11071428571428571,5.583333333333333,5.777777777777778,0,0.11071428571428571
YPL013C,0.0,0.0,0.0,0,0.0
YPL118W,0.2319327731092437,4.25,3.0,0,0.2319327731092437
YLL037W,0.0,0.0,0.0,1,0.0
YPL248C,1.4731324663260974,30.775,13.5,0,1.4731324663260974
YBR254C,1.506993006993007,22.4,25.4,1,1.506993006993007
YDR108W,0.18803418803418803,2.555555555555556,0.0,0,0.18803418803418803
YDR246W,0.18803418803418803,2.7142857142857144,2.0,1,0.18803418803418803
YDR407C,0.18803418803418803,2.5,4.0,1,0.18803418803418803
YDR472W,1.0427350427350426,5.0,3.0,1,1.0427350427350426
YGR143W,0.0,0.0,0.0,0,0.0
YJR116W,0.0,0.0,0.0,0,0.0
YKR068C,1.848873348873349,10.503174603174603,25.4,1,1.848873348873349
YMR218C,0.18803418803418803,2.5,4.0,1,0.18803418803418803
YOR115C,0.18803418803418803,2.5,2.0,0,0.18803418803418803
YBR255W,0.0,0.0,0.0,0,0.0
YBR260C,0.2410830999066293,0.75,0.0,0,0.2410830999066293
YGR196C,0.17777777777777776,0.0,0.0,0,0.0
YIL118W,0.10972222222222222,3.625,0.0,1,0.10972222222222222
YJL058C,0.3671794871794872,4.8,4.0625,0,0.3671794871794872
YBR261C,0.0,0.0,0.0,0,0.0
YBR262C,0.0,0.0,0.0,0,0.0
YBR263W,0.0,0.0,0.0,0,0.0
YML018C,0.0,0.0,0.0,0,0.0
YER136W,0.3983513934671994,24.0,15.166666666666666,1,0.3983513934671994
YGL161C,2.910380790686394,83.25,156.5,0,2.910380790686394
YGL198W,3.401500896057348,58.12099269913915,113.62500000000001,0,3.401500896057348
YNL263C,1.9783116472395412,25.994489847807923,24.187499999999996,1,1.9783116472395412
YOR370C,0.09475806451612903,0.7,0.0,1,0.09475806451612903
YCR107W,0.0,0.0,0.0,0,0.0
YLR255C,0.0,0.0,0.0,0,0.0
YBR266C,0.0,0.0,0.0,0,0.0
YPR031W,0.0,0.0,0.0,0,0.0
YBR267W,0.4048265460030166,3.5,8.0,0,0.4048265460030166
YHR170W,0.7653172808334998,14.6,11.75,1,0.7653172808334998
YJL122W,0.04020496649586125,5.0,2.25,0,0.04020496649586125
YBR269C,0.0,0.0,0.0,0,0.0
YLR276C,0.3014074595355383,0.0,4.0,1,0.3014074595355383
YBR270C,0.4917222635921574,106.0,0.0,0,0.4917222635921574
YER093C,0.5338461538461539,2.8166666666666664,6.5125,1,0.5338461538461539
YFL047W,0.08421052631578947,0.0,0.0,0,0.0
YFR050C,1.0708668367920138,23.72380952380952,4.0,1,1.0708668367920138
YHR077C,0.3447802197802198,0.0,10.0,0,0.3447802197802198
YIL105C,0.8081405233303967,6.964285714285714,16.333333333333336,0,0.8081405233303967
YNL004W,0.19444444444444442,0.0,0.0,0,0.0
YNL018C,0.0,0.0,0.0,0,0.0
YNL047C,0.9853286657084126,26.33076563958917,23.111111111111107,0,0.9853286657084126
YPL124W,1.3675546715105575,59.7,20.22222222222222,1,1.3675546715105575
YBR271W,0.0,0.0,0.0,0,0.0
YDR363W-A,0.8967343442344125,9.0,0.0,0,0.8967343442344125
YDR427W,6.417729249409597,127.11666666666665,0.0,1,6.417729249409597
YFR052W,9.966455588420027,208.29999999999995,0.0,1,9.966455588420027
YGR232W,10.207909331662202,182.41666666666663,0.0,0,10.207909331662202
YLL022C,0.4461722488038278,5.392857142857142,14.833333333333332,0,0.4461722488038278
YBR273C,0.0,0.0,0.0,0,0.0
YDL042C,1.5452898939483821,17.553968253968254,94.75,0,1.5452898939483821
YDR168W,0.3348896434634975,2.3956043956043955,2.0,1,0.3348896434634975
YJL036W,0.0,0.0,0.0,0,0.0
YKR010C,1.0491810966810968,17.53333333333333,97.53333333333333,0,1.0491810966810968
YLR152C,0.0,0.0,0.0,0,0.0
YMR102C,0.11039027589882343,6.166666666666667,0.0,0,0.11039027589882343
YMR255W,0.6777777777777778,19.0,7.0,0,0.6777777777777778
YPR010C-A,0.518709765554101,17.71746031746032,30.5,0,0.518709765554101
YBR275C,0.5624374406081724,9.514285714285716,39.75,0,0.5624374406081724
YDL230W,0.12441756272401434,0.0,13.3,0,0.12441756272401434
YLR019W,0.8569228778467909,27.8,19.15,0,0.8569228778467909
YNL216W,0.17554810780617233,0.0,3.0,1,0.17554810780617233
YOR208W,0.0,0.0,0.0,0,0.0
YBR276C,0.0,0.0,0.0,0,0.0
YLR359W,0.0,0.0,0.0,1,0.0
YBR277C,0.0,0.0,0.0,0,0.0
YBR278W,0.6388888888888888,2.8,8.5,0,0.6388888888888888
YIL006W,0.0,0.0,0.0,0,0.0
YKL011C,0.0763345669418353,19.0,10.333333333333334,0,0.0763345669418353
YLR181C,0.0,0.0,0.0,0,0.0
YBR279W,2.5792106715094327,17.252173913043478,42.5,0,2.5792106715094327
YOL145C,2.37985005405671,9.01352657004831,44.5,0,2.37985005405671
YNL141W,0.0,0.0,0.0,0,0.0
YBR281C,0.0,0.0,0.0,0,0.0
YNL191W,0.0,0.0,0.0,0,0.0
YBR282W,0.0,0.0,0.0,0,0.0
YIL162W,0.0,0.0,0.0,0,0.0
YLR311C,0.0,0.0,0.0,1,0.0
YPL234C,0.28140985350287673,7.0,14.333333333333332,0,0.28140985350287673
YPR028W,3.1880639280331295,89.54761904761905,97.97222222222226,0,3.1880639280331295
YBR284W,0.0,0.0,0.0,0,0.0
YDL238C,0.0,0.0,0.0,0,0.0
YMR138W,0.016001024065540194,4.333333333333334,0.0,0,0.016001024065540194
YBR285W,0.0,0.0,0.0,0,0.0
YIL049W,0.0,0.0,0.0,0,0.0
YBR286W,0.0,0.0,0.0,0,0.0
YPL200W,0.0,0.0,0.0,0,0.0
YGR261C,0.5481481481481482,0.0,4.277777777777778,0,0.5481481481481482
YJL024C,0.23703703703703705,0.0,2.0,0,0.23703703703703705
YPL016W,2.0373773416592327,0.0,7.833333333333332,1,2.0373773416592327
YPL195W,0.7851851851851852,0.0,5.277777777777778,0,0.7851851851851852
YFL049W,0.6175141242937854,0.0,28.333333333333332,0,0.6175141242937854
YHL025W,0.8746569814366425,4.666666666666667,17.0,0,0.8746569814366425
YPR034W,0.37777777777777777,0.0,18.333333333333332,1,0.37777777777777777
YEL036C,1.1,9.666666666666666,5.5,0,1.1
YGL012W,0.05182724252491694,0.0,6.0,0,0.05182724252491694
YPL087W,0.055598455598455596,0.8,3.3777777777777778,0,0.055598455598455596
YPL132W,0.0,0.0,0.0,0,0.0
YBR291C,0.0,0.0,0.0,0,0.0
YHR096C,0.028713858424725822,3.333333333333333,4.5,0,0.028713858424725822
YGR174C,0.0,0.0,0.0,0,0.0
YIL030C,0.0,0.0,0.0,0,0.0
YBR296C,0.07827260458839405,2.6,5.833333333333333,0,0.07827260458839405
YLR137W,0.0,0.0,0.0,0,0.0
YML089C,0.0,0.0,0.0,0,0.0
YDR284C,0.2159090909090909,0.0,2.9166666666666665,0,0.2159090909090909
YGR041W,0.0,0.0,0.0,0,0.0
YNL008C,0.0,0.0,0.0,0,0.0
YBR299W,0.0,0.0,0.0,0,0.0
YBR301W,0.0,0.0,0.0,0,0.0
YLR237W,0.0,0.0,0.0,0,0.0
YOR192C,0.0,0.0,0.0,0,0.0
YPR063C,0.0,0.0,0.0,0,0.0
YCL004W,0.0,0.0,0.0,1,0.0
YCL007C,0.0,0.0,0.0,0,0.0
YJL172W,0.12380952380952381,0.0,2.9166666666666665,0,0.12380952380952381
YLR119W,0.3435374149659864,2.5,1.5,0,0.3435374149659864
YPL065W,0.12380952380952381,1.6666666666666667,1.9444444444444444,0,0.12380952380952381
YCL009C,0.0,0.0,0.0,0,0.0
YER094C,1.379385524149951,26.133333333333333,7.25,1,1.379385524149951
YCL011C,1.1313907345884089,4.111363636363636,21.416666666666664,0,1.1313907345884089
YDL084W,0.23511904761904762,0.0,8.5,1,0.23511904761904762
YDR120C,0.14090909090909093,0.0,1.3333333333333333,0,0.14090909090909093
YHR167W,0.20535714285714285,1.375,4.5,0,0.20535714285714285
YML062C,0.8175249169435216,2.0090909090909093,37.83333333333333,0,0.8175249169435216
YMR216C,0.5113461758972595,0.0,0.0,0,0.0
YNL139C,1.0538490120650463,5.465656565656566,48.83333333333333,0,1.0538490120650463
YNL253W,0.0,0.0,0.0,0,0.0
YPR161C,0.29904306220095694,2.013888888888889,11.333333333333334,1,0.29904306220095694
YIL104C,0.16103896103896104,1.5,9.0,1,0.16103896103896104
YCL016C,0.0,0.0,0.0,0,0.0
YGR020C,2.599673320440477,81.0,0.0,0,2.599673320440477
YHL023C,0.0,0.0,0.0,0,0.0
YLR123C,0.0,0.0,0.0,0,0.0
YPL135W,0.0,0.0,0.0,0,0.0
YDL116W,2.377616282556306,35.4547619047619,17.96666666666667,0,2.377616282556306
YDR080W,1.832951909991758,2.0041666666666664,30.5,0,1.832951909991758
YHR070W,0.06063157894736842,2.0296052631578947,0.6666666666666666,1,0.06063157894736842
YLL010C,0.0,0.0,0.0,0,0.0
YLR247C,0.09937209937209937,2.0,5.833333333333333,0,0.09937209937209937
YLR248W,0.11756272401433691,0.0,2.0,0,0.11756272401433691
YNL230C,1.4935442923413098,74.99999999999999,0.0,0,1.4935442923413098
YPL139C,1.0141912047414317,12.733333333333334,13.166666666666666,0,1.0141912047414317
YCL019W,0.6666666666666666,0.0,2.25,0,0.6666666666666666
YDR261W-A,0.8333333333333333,0.0,4.0,0,0.8333333333333333
YDR261W-B,0.8333333333333333,0.0,2.25,0,0.8333333333333333
YHR189W,0.0,0.0,0.0,0,0.0
YCL020W,0.0,0.0,0.0,0,0.0
YCL023C,0.0,0.0,0.0,0,0.0
YML008C,0.0,0.0,0.0,0,0.0
YDL232W,3.1710859481563816,23.0,69.48333333333333,1,3.1710859481563816
YIR038C,0.3455205811138014,2.0,9.666666666666666,0,0.3455205811138014
YJR095W,0.0,0.0,0.0,1,0.0
YPL265W,0.0,0.0,0.0,0,0.0
YCL026C-A,0.0,0.0,0.0,0,0.0
YCR048W,0.0,0.0,0.0,0,0.0
YLR177W,0.0,0.0,0.0,0,0.0
YDR072C,0.0,0.0,0.0,0,0.0
YER090W,0.26515151515151514,2.0,0.0,0,0.26515151515151514
YER149C,0.13636363636363635,0.1666666666666666,0.0,0,0.13636363636363635
YGR070W,0.0,0.0,0.0,0,0.0
YIL159W,0.24910062574352762,0.0,0.0,0,0.0
YIR014W,0.0,0.0,0.0,0,0.0
YJL153C,0.11434771250468528,2.083333333333333,0.0,0,0.11434771250468528
YJR030C,0.0,0.0,0.0,0,0.0
YKL092C,0.0,0.0,0.0,0,0.0
YKL105C,0.0,0.0,0.0,0,0.0
YKL202W,0.0,0.0,0.0,0,0.0
YKR023W,0.0,0.0,0.0,0,0.0
YKR049C,0.0,0.0,0.0,0,0.0
YKR101W,0.3160312805474096,4.447860962566844,1.0,0,0.3160312805474096
YMR103C,0.0,0.0,0.0,0,0.0
YMR140W,0.0,0.0,0.0,0,0.0
YMR156C,0.0,0.0,0.0,0,0.0
YMR265C,0.0,0.0,0.0,0,0.0
YNL267W,0.0,0.0,0.0,1,0.0
YNL291C,0.0,0.0,0.0,0,0.0
YNR064C,0.11199846699505331,15.5,0.0,0,0.11199846699505331
YOL046C,0.0,0.0,0.0,0,0.0
YOR155C,0.3115530303030303,4.533333333333333,0.0,0,0.3115530303030303
YPL156C,0.0,0.0,0.0,0,0.0
YPL224C,0.0,0.0,0.0,0,0.0
YPR008W,0.018607442977190875,0.0,0.0,0,0.0
YPR023C,1.2821052217966604,21.333333333333336,27.333333333333332,0,1.2821052217966604
YPR160C-A,0.0,0.0,0.0,0,0.0
YEL021W,0.0,0.0,0.0,0,0.0
YCL029C,0.45629877369007804,3.5166666666666666,5.666666666666667,0,0.45629877369007804
YER016W,0.21282051282051284,2.8166666666666664,4.5,1,0.21282051282051284
YCL030C,0.0,0.0,0.0,0,0.0
YOL082W,0.555985088709152,10.171428571428567,54.50000000000001,0,0.555985088709152
YDL016C,0.0,0.0,0.0,1,0.0
YDR309C,2.0484006734006734,48.892857142857146,22.333333333333332,0,2.0484006734006734
YER040W,0.3028843645921111,2.207792207792208,25.4,0,0.3028843645921111
YER047C,0.14283178013638292,0.0,0.0,0,0.0
YHR061C,1.909577922077922,47.25357142857143,22.333333333333332,0,1.909577922077922
YKL061W,0.30077836071213554,7.0,13.333333333333332,0,0.30077836071213554
YKR020W,1.7062324929971988,8.285714285714285,13.63888888888889,0,1.7062324929971988
YNL086W,0.2841269841269841,10.0,9.333333333333334,0,0.2841269841269841
YOL043C,0.0,0.0,0.0,0,0.0
YPR051W,0.8333333333333333,0.0,0.0,0,0.0
YPR075C,0.0,0.0,0.0,0,0.0
YPR076W,0.0,0.0,0.0,0,0.0
YPR193C,0.037384969325153374,1.6666666666666667,0.0,0,0.037384969325153374
YCL033C,0.0,0.0,0.0,0,0.0
YCL035C,0.0,0.0,0.0,0,0.0
YKL198C,0.06453781512605042,0.0,0.0,0,0.0
YCL036W,0.0,0.0,0.0,0,0.0
YLR263W,0.0,0.0,0.0,0,0.0
YPR088C,0.20148200423429782,6.55,8.0,1,0.20148200423429782
YHR178W,0.0,0.0,0.0,0,0.0
YMR009W,0.0,0.0,0.0,0,0.0
YCL046W,0.0,0.0,0.0,0,0.0
YDR516C,0.18876941457586618,4.0,0.0,0,0.18876941457586618
YKL056C,0.23947291690522943,17.761904761904763,0.0,0,0.23947291690522943
YML099C,0.4444444444444444,2.0,1.5,0,0.4444444444444444
YPL126W,0.5018944175640399,16.133333333333333,13.25,1,0.5018944175640399
YCL042W,0.0,0.0,0.0,0,0.0
YER189W,0.0,0.0,0.0,0,0.0
YLR354C,0.05227021040974529,3.8,0.0,0,0.05227021040974529
YCL044C,0.0,0.0,0.0,0,0.0
YGL115W,1.6263149318496173,43.11547619047619,91.39166666666667,0,1.6263149318496173
YPL208W,0.0,0.0,0.0,0,0.0
YCL049C,0.0,0.0,0.0,0,0.0
YCL050C,0.0,0.0,0.0,0,0.0
YJR106W,0.0,0.0,0.0,0,0.0
YCL054W,0.5277216270323595,13.238095238095235,11.416666666666668,1,0.5277216270323595
YGR103W,6.675564670861983,165.8845238095238,133.58333333333337,1,6.675564670861983
YKR081C,8.842386224753,179.34220779220783,145.91666666666669,1,8.842386224753
YNL154C,0.2728057894425493,6.699242424242424,3.0,0,0.2728057894425493
YOR310C,0.553670634920635,10.142857142857142,7.0,1,0.553670634920635
YGL036W,0.0,0.0,0.0,0,0.0
YNL196C,0.0,0.0,0.0,0,0.0
YCL056C,0.0,0.0,0.0,0,0.0
YDL157C,0.0,0.0,0.0,0,0.0
YNL100W,0.0,0.0,0.0,0,0.0
YCL058C,0.0,0.0,0.0,0,0.0
YDL166C,0.0,0.0,0.0,1,0.0
YDR299W,0.7416035721374987,23.0,10.25,1,0.7416035721374987
YDR324C,0.34167820113909253,9.2,7.0,1,0.34167820113909253
YDR457W,0.0,0.0,0.0,0,0.0
YER127W,0.1303030303030303,2.666666666666667,2.0,1,0.1303030303030303
YGR145W,0.9301631642983144,6.416666666666666,10.5,1,0.9301631642983144
YJL109C,1.075121616044537,12.048412698412696,9.499999999999998,1,1.075121616044537
YKR060W,0.17122836595453228,11.333333333333332,4.0,0,0.17122836595453228
YLR197W,1.127980965113318,66.33333333333333,25.5,1,1.127980965113318
YNL308C,0.2281281985133729,16.999999999999996,8.0,1,0.2281281985133729
YPL217C,0.134018759018759,2.225,2.0,1,0.134018759018759
YCL061C,0.0,0.0,0.0,0,0.0
YNL273W,0.0,0.0,0.0,0,0.0
YCL063W,0.0,0.0,0.0,0,0.0
YER150W,0.0,0.0,0.0,0,0.0
YJL043W,0.0,0.0,0.0,0,0.0
YPL005W,0.0,0.0,0.0,0,0.0
YNL056W,0.2833333333333333,6.166666666666667,2.0,0,0.2833333333333333
YCL065W,0.0,0.0,0.0,0,0.0
YLR374C,0.0,0.0,0.0,0,0.0
YCL069W,0.0,0.0,0.0,0,0.0
YCR075C,0.0,0.0,0.0,0,0.0
YCL076W,0.0,0.0,0.0,0,0.0
YOR209C,0.0,0.0,0.0,0,0.0
YOR241W,0.0,0.0,0.0,0,0.0
YNL166C,0.9843505407800894,33.93333333333333,10.0,0,0.9843505407800894
YCR003W,0.0,0.0,0.0,0,0.0
YIR039C,0.0,0.0,0.0,0,0.0
YLR253W,0.0,0.0,0.0,0,0.0
YPL245W,0.0,0.0,0.0,0,0.0
YCR007C,0.0,0.0,0.0,0,0.0
YGL060W,0.1883361263437709,7.25,36.5,0,0.1883361263437709
YMR232W,0.0,0.0,0.0,0,0.0
YNL055C,0.24572849799786947,8.220238095238097,15.833333333333332,0,0.24572849799786947
YOR232W,0.41158801254835353,11.833333333333332,38.0,1,0.41158801254835353
YCR010C,0.06673114119922631,0.0,1.9444444444444444,0,0.06673114119922631
YFL055W,0.0,0.0,0.0,0,0.0
YGL098W,0.0,0.0,0.0,1,0.0
YEL031W,0.0,0.0,0.0,0,0.0
YJL110C,0.5132275132275133,4.3809523809523805,37.2,0,0.5132275132275133
YOL085C,0.0,0.0,0.0,0,0.0
YCR015C,0.0,0.0,0.0,0,0.0
YDL231C,0.0,0.0,0.0,0,0.0
YEL053C,0.8333333333333333,0.0,0.0,0,0.0
YCR021C,0.0,0.0,0.0,0,0.0
YJL068C,0.0,0.0,0.0,0,0.0
YKL220C,0.0,0.0,0.0,0,0.0
YCR022C,0.0,0.0,0.0,0,0.0
YCR023C,0.0,0.0,0.0,0,0.0
YMR075C-A,0.0,0.0,0.0,0,0.0
YMR075W,0.07941176470588235,3.125,4.5,0,0.07941176470588235
YCR024C,0.0,0.0,0.0,0,0.0
YCR027C,0.0,0.0,0.0,0,0.0
YNR065C,0.0,0.0,0.0,0,0.0
YJR144W,0.4753517316017316,2.5,7.0,0,0.4753517316017316
YJR126C,0.0,0.0,0.0,0,0.0
YMR132C,0.0,0.0,0.0,0,0.0
YHR007C,0.8547902964641532,41.83333333333333,34.83333333333333,1,0.8547902964641532
YOR049C,0.0,0.0,0.0,0,0.0
YCR035C,2.6217572441238652,25.53333333333333,17.0,1,2.6217572441238652
YGR095C,6.034286887460386,92.5,49.3888888888889,1,6.034286887460386
YNL232W,5.649348212207309,39.29085081585081,30.055555555555557,1,5.649348212207309
YOL021C,5.750788699601733,51.030164280164286,23.875,1,5.750788699601733
YCR036W,0.0,0.0,0.0,0,0.0
YGL153W,0.9887820512820513,9.583333333333332,11.988888888888889,0,0.9887820512820513
YDR532C,0.0,0.0,0.0,1,0.0
YCR039C,0.0,0.0,0.0,1,0.0
YMR043W,0.998148148148148,1.5,9.5,1,0.998148148148148
YCR041W,0.0,0.0,0.0,0,0.0
YJL031C,0.0,0.0,0.0,1,0.0
YML114C,0.0,0.0,0.0,1,0.0
YCR044C,0.034493012191495684,4.25,2.0,0,0.034493012191495684
YCR045C,0.0,0.0,0.0,0,0.0
YOR348C,0.0,0.0,0.0,0,0.0
YCR046C,0.0,0.0,0.0,0,0.0
YCR047C,0.0,0.0,0.0,0,0.0
YLR339C,0.0,0.0,0.0,1,0.0
YCR050C,0.0,0.0,0.0,0,0.0
YCR054C,0.0,0.0,0.0,1,0.0
YDR365C,0.5407601458594605,15.671950710108604,2.0,1,0.5407601458594605
YGL171W,0.11565407772304323,2.9722222222222223,3.0,1,0.11565407772304323
YGR128C,0.10789545703338806,0.0,3.0,1,0.10789545703338806
YGR135W,1.4782573292208694,29.96904761904762,8.25,0,1.4782573292208694
YGR154C,0.0,0.0,0.0,0,0.0
YGR210C,0.0,0.0,0.0,0,0.0
YHR196W,0.3594371544904723,17.7,22.666666666666668,1,0.3594371544904723
YKL099C,0.045284780578898225,2.083333333333333,2.0,1,0.045284780578898225
YLR129W,0.3730943526836022,2.083333333333333,5.0,1,0.3730943526836022
YNR043W,0.0,0.0,0.0,1,0.0
YNR054C,0.06132756132756133,1.1428571428571428,2.0,1,0.06132756132756133
YOL038W,1.3972452966107303,24.21785714285714,9.25,1,1.3972452966107303
YOR078W,0.0,0.0,0.0,0,0.0
YCR059C,0.0,0.0,0.0,0,0.0
YDR400W,0.0,0.0,0.0,0,0.0
YJL160C,0.0,0.0,0.0,0,0.0
YCR060W,0.0,0.0,0.0,0,0.0
YHR034C,0.0,0.0,0.0,0,0.0
YDL035C,0.0,0.0,0.0,0,0.0
YER001W,0.0,0.0,0.0,0,0.0
YHR103W,0.05389492753623188,0.0,2.9166666666666665,0,0.05389492753623188
YIL134W,0.0,0.0,0.0,0,0.0
YLR138W,0.0,0.0,0.0,0,0.0
YMR243C,0.0,0.0,0.0,0,0.0
YNL318C,0.0,0.0,0.0,0,0.0
YNR066C,0.1038961038961039,2.9,5.833333333333333,0,0.1038961038961039
YOR266W,0.0,0.0,0.0,0,0.0
YPR058W,0.0,0.0,0.0,0,0.0
YCR063W,0.0710955710955711,0.0,4.5,0,0.0710955710955711
YDR408C,0.05595238095238095,2.083333333333333,0.0,0,0.05595238095238095
YGL058W,0.0,0.0,0.0,0,0.0
YLR032W,0.23333333333333334,0.0,0.0,0,0.0
YCR067C,0.0,0.0,0.0,0,0.0
YNL171C,0.0,0.0,0.0,0,0.0
YCR068W,0.0,0.0,0.0,0,0.0
YER019W,0.0,0.0,0.0,0,0.0
YCR071C,0.0,0.0,0.0,0,0.0
YCR072C,1.0945090248655076,6.589285714285714,16.75,1,1.0945090248655076
YER126C,5.266121411292048,137.33333333333331,69.25,1,5.266121411292048
YGR245C,4.447502214548492,45.50454545454545,70.33333333333334,1,4.447502214548492
YIL051C,0.0,0.0,0.0,1,0.0
YCR076C,0.0,0.0,0.0,0,0.0
YDL216C,1.0212765957446808,4.85,2.6666666666666665,0,1.0212765957446808
YDR141C,0.0,0.0,0.0,1,0.0
YGL143C,0.0,0.0,0.0,0,0.0
YIL154C,0.03670150987224158,2.5,0.0,0,0.03670150987224158
YMR002W,0.0,0.0,0.0,0,0.0
YNR027W,0.0,0.0,0.0,0,0.0
YNR053C,1.9174077712042255,101.0,37.66666666666667,1,1.9174077712042255
YGL062W,0.023128342245989305,3.2857142857142856,2.0,0,0.023128342245989305
YMR277W,0.0,0.0,0.0,1,0.0
YNL014W,0.12356731875719218,5.166666666666667,0.0,0,0.12356731875719218
YOR323C,0.0,0.0,0.0,0,0.0
YPL160W,0.049188640973630834,2.833333333333333,0.0,1,0.049188640973630834
YOR023C,0.0,0.0,0.0,0,0.0
YDL105W,0.12888430225891526,4.117857142857143,8.5,1,0.12888430225891526
YJL156C,0.0,0.0,0.0,1,0.0
YLR313C,0.0,0.0,0.0,0,0.0
YNL021W,0.6449456975772765,6.086309523809524,5.0,0,0.6449456975772765
YPL220W,0.0,0.0,0.0,0,0.0
YPL258C,0.44370410497997204,58.0,0.0,0,0.44370410497997204
YCR086W,0.7833034290271134,18.007142857142856,34.011111111111106,0,0.7833034290271134
YDL214C,0.16666666666666666,3.5,0.0,0,0.16666666666666666
YDR061W,0.0,0.0,0.0,0,0.0
YER106W,0.0,0.0,0.0,1,0.0
YFL008W,2.4247981067064543,28.03055555555556,43.24999999999999,1,2.4247981067064543
YGL175C,0.021600315333070556,0.8333333333333334,3.0,0,0.021600315333070556
YHR152W,0.08754612956293628,3.0,0.0,0,0.08754612956293628
YKL077W,0.0,0.0,0.0,0,0.0
YOR281C,0.33904761904761904,0.875,2.0,1,0.33904761904761904
YCR087C-A,0.042045767852219466,11.0,0.0,0,0.042045767852219466
YKR092C,0.0,0.0,0.0,0,0.0
YLR265C,0.0,0.0,0.0,0,0.0
YCR087W,0.0,0.0,0.0,0,0.0
YDR425W,0.6301169590643275,10.5,13.27777777777778,0,0.6301169590643275
YDR444W,0.0,0.0,0.0,0,0.0
YLL031C,0.0,0.0,0.0,1,0.0
YOL089C,0.0,0.0,0.0,0,0.0
YOR367W,0.026867924528301886,6.25,2.0,0,0.026867924528301886
YPL008W,0.0,0.0,0.0,0,0.0
YPL019C,0.03220125786163522,0.3333333333333333,2.25,0,0.03220125786163522
YCR091W,0.0,0.0,0.0,0,0.0
YNR058W,0.0,0.0,0.0,0,0.0
YDR376W,0.0,0.0,0.0,1,0.0
YIL038C,2.159545227386307,7.75,8.0,0,2.159545227386307
YGL090W,0.20410740053597196,7.0,4.666666666666667,0,0.20410740053597196
YHL029C,0.0,0.0,0.0,0,0.0
YNL099C,0.2833333333333333,6.0,2.0,0,0.2833333333333333
YCR097W,0.0,0.0,0.0,0,0.0
YJL184W,0.3666666666666667,2.6333333333333333,2.0,1,0.3666666666666667
YGR203W,0.1145009881422925,7.0,7.65,0,0.1145009881422925
YIL059C,0.0,0.0,0.0,0,0.0
YIL110W,0.0,0.0,0.0,0,0.0
YCR101C,0.0,0.0,0.0,0,0.0
YGR216C,0.0,0.0,0.0,1,0.0
YCR105W,0.0,0.0,0.0,0,0.0
YJL096W,0.0,0.0,0.0,0,0.0
YOR114W,0.0,0.0,0.0,0,0.0
YDL001W,0.0,0.0,0.0,0,0.0
YDR207C,0.3905228758169934,0.0,6.5,0,0.3905228758169934
YMR079W,0.0,0.0,0.0,1,0.0
YDL076C,1.5098039215686274,51.66666666666667,21.0,0,1.5098039215686274
YER092W,0.2688921993499458,5.017948717948719,7.833333333333333,0,0.2688921993499458
YFL013C,0.07583333333333334,6.0,2.0,0,0.07583333333333334
YGL150C,0.07583333333333334,2.5,2.0,1,0.07583333333333334
YDL003W,1.6994749378557472,20.77777777777778,8.0,1,1.6994749378557472
YDR180W,0.8095238095238095,2.355555555555556,4.0,1,0.8095238095238095
YER147C,0.5,0.0,4.0,1,0.5
YIL026C,1.3536210790708543,40.6,6.0,1,1.3536210790708543
YJL074C,1.5264654790891672,25.40277777777778,19.583333333333332,1,1.5264654790891672
YER157W,1.9106060606060604,26.68809523809524,19.17777777777778,1,1.9106060606060604
YDL006W,0.27118393231358573,2.4444444444444446,0.0,0,0.27118393231358573
YFR010W,5.685758167694847,79.18333333333334,0.0,0,5.685758167694847
YLR102C,2.677517788724685,60.333333333333336,14.5,0,2.677517788724685
YDL011C,0.0,0.0,0.0,0,0.0
YEL023C,0.0,0.0,0.0,0,0.0
YDL012C,0.0,0.0,0.0,0,0.0
YDR151C,0.0,0.0,0.0,1,0.0
YFR047C,0.021600315333070556,5.0,3.0,0,0.021600315333070556
YHR032W,0.0,0.0,0.0,0,0.0
YIL172C,0.0,0.0,0.0,0,0.0
YJL065C,0.0,0.0,0.0,0,0.0
YGR159C,0.0,0.0,0.0,1,0.0
YHR072W-A,0.5456168831168831,4.416666666666667,12.5,1,0.5456168831168831
YKL078W,0.187352142812514,33.333333333333336,34.25,1,0.187352142812514
YDR173C,0.3611111111111111,0.8571428571428571,2.0,0,0.3611111111111111
YFR057W,0.0,0.0,0.0,0,0.0
YGR059W,0.0,0.0,0.0,0,0.0
YGR099W,0.0,0.0,0.0,1,0.0
YHR184W,0.029741379310344828,19.33333333333333,0.0,0,0.029741379310344828
YHR185C,0.0,0.0,0.0,0,0.0
YIL041W,0.0,0.0,0.0,0,0.0
YJR089W,0.4247987927565392,2.125,0.0,1,0.4247987927565392
YKL039W,0.0,0.0,0.0,0,0.0
YLR134W,0.07728578892371996,4.35,2.25,0,0.07728578892371996
YLR231C,0.0,0.0,0.0,0,0.0
YLR331C,0.0,0.0,0.0,0,0.0
YLR421C,1.8378219901349435,69.3,6.916666666666666,0,1.8378219901349435
YNR048W,0.0,0.0,0.0,0,0.0
YOL091W,0.0,0.0,0.0,0,0.0
YOR006C,0.0,0.0,0.0,0,0.0
YOR214C,0.0,0.0,0.0,0,0.0
YOR313C,0.0,0.0,0.0,0,0.0
YPL218W,0.1772222222222222,2.063492063492064,2.25,1,0.1772222222222222
YDL019C,0.07906926406926407,1.2727272727272727,1.0,0,0.07906926406926407
YDL022W,0.0,0.0,0.0,0,0.0
YDL023C,0.0,0.0,0.0,0,0.0
YDL024C,0.0,0.0,0.0,0,0.0
YEL017W,0.4087412587412588,0.0,7.666666666666666,0,0.4087412587412588
YGR016W,0.0,0.0,0.0,0,0.0
YHR009C,0.0,0.0,0.0,1,0.0
YLR002C,0.8970334564028772,25.38690476190476,17.0,1,0.8970334564028772
YOR294W,0.38371686792739423,3.142857142857143,8.5,1,0.38371686792739423
YDL026W,0.0,0.0,0.0,0,0.0
YDL027C,0.0,0.0,0.0,0,0.0
YER018C,0.25411255411255407,6.0,2.25,1,0.25411255411255407
YGL093W,0.0928030303030303,0.0,0.0,1,0.0
YIR010W,0.0,0.0,0.0,1,0.0
YJR112W,1.638687761347048,12.780158730158732,24.583333333333332,1,1.638687761347048
YKL042W,1.3228609072087334,41.25,20.611111111111114,1,1.3228609072087334
YKL089W,0.16849816849816848,2.8166666666666664,2.9166666666666665,1,0.16849816849816848
YOL069W,2.5118300149199984,44.583333333333336,52.375,1,2.5118300149199984
YOR257W,0.644022644022644,5.978896103896104,5.8625,1,0.644022644022644
YOR373W,0.49523809523809526,0.0,3.2777777777777777,1,0.49523809523809526
YFL016C,1.1356552635262782,42.07726162726164,239.38333333333335,0,1.1356552635262782
YJR029W,0.0,0.0,0.0,0,0.0
YKL211C,0.0,0.0,0.0,0,0.0
YLR309C,0.026515151515151516,2.0404040404040407,0.6666666666666666,0,0.026515151515151516
YDL044C,0.0,0.0,0.0,0,0.0
YDR421W,0.0,0.0,0.0,0,0.0
YDR485C,0.7340434419381787,18.25,22.5,0,0.7340434419381787
YML104C,0.0,0.0,0.0,0,0.0
YDL031W,0.9355798473350767,21.237910618792974,16.5,1,0.9355798473350767
YDL036C,0.0,0.0,0.0,0,0.0
YDL037C,0.0,0.0,0.0,0,0.0
YDL041W,0.0,0.0,0.0,0,0.0
YDR363W,0.0,0.0,0.0,0,0.0
YJR057W,0.28296717171717173,7.111111111111112,0.0,1,0.28296717171717173
YLL001W,0.03404438698556345,0.0,3.111111111111111,0,0.03404438698556345
YMR307W,0.0,0.0,0.0,0,0.0
YDR409W,0.28328068816178953,2.0723981900452486,5.0,0,0.28328068816178953
YER113C,0.0,0.0,0.0,0,0.0
YJL146W,0.0,0.0,0.0,0,0.0
YLL014W,0.0,0.0,0.0,0,0.0
YLR058C,0.09916891156491196,8.241666666666667,7.583333333333333,0,0.09916891156491196
YML028W,0.05748826662447924,2.0,4.944444444444445,0,0.05748826662447924
YMR302C,0.0,0.0,0.0,0,0.0
YNL023C,0.028182157521463233,0.0,1.0,0,0.028182157521463233
YNL286W,0.0,0.0,0.0,0,0.0
YPR121W,0.0,0.0,0.0,0,0.0
YDR505C,0.0,0.0,0.0,1,0.0
YGR056W,0.0,0.0,0.0,0,0.0
YDL045C,0.0,0.0,0.0,1,0.0
YDL046W,0.0,0.0,0.0,0,0.0
YDL219W,0.0,0.0,0.0,0,0.0
YFR019W,0.0,0.0,0.0,0,0.0
YGL246C,0.022073984232868403,5.333333333333333,4.5,0,0.022073984232868403
YKL029C,0.0,0.0,0.0,0,0.0
YKL195W,0.0,0.0,0.0,1,0.0
YKR028W,0.20170613700025464,2.5,10.833333333333334,0,0.20170613700025464
YMR028W,0.18658365410283567,7.800000000000001,0.0,1,0.18658365410283567
YMR196W,0.0,0.0,0.0,0,0.0
YNL187W,0.0,0.0,0.0,0,0.0
YMR289W,0.0,0.0,0.0,0,0.0
YOR311C,0.0,0.0,0.0,0,0.0
YDL050C,0.0,0.0,0.0,0,0.0
YDL051W,0.22237896913814542,13.0,5.166666666666667,0,0.22237896913814542
YNL016W,0.982205513784461,20.810714285714287,31.083333333333336,0,0.982205513784461
YDL052C,0.40096990586960135,0.0,15.833333333333334,0,0.40096990586960135
YFR009W,0.32336527427691525,0.0,0.0,0,0.0
YJL057C,0.12794612794612795,2.6095238095238096,0.0,0,0.12794612794612795
YER140W,0.0,0.0,0.0,0,0.0
YMR013C,0.0,0.0,0.0,1,0.0
YDR266C,0.0613359023763648,1.5,4.5,0,0.0613359023763648
YJR042W,2.8986771843955577,35.785714285714285,16.84166666666667,1,2.8986771843955577
YDL056W,0.0,0.0,0.0,0,0.0
YHR206W,0.2222222222222222,0.0,0.0,0,0.0
YDL130W,0.37662337662337664,7.2,4.0,0,0.37662337662337664
YER031C,0.6380417956656347,5.286842105263158,12.791666666666666,0,0.6380417956656347
YER052C,0.04206349206349206,3.5,0.0,0,0.04206349206349206
YER062C,0.02528560548362529,3.333333333333333,2.9166666666666665,0,0.02528560548362529
YFL045C,0.03495419309372798,0.0,9.333333333333334,1,0.03495419309372798
YGR049W,0.0,0.0,0.0,0,0.0
YIL053W,0.08903896546211537,0.0,1.0,0,0.08903896546211537
YKL127W,0.0,0.0,0.0,0,0.0
YER006W,2.5850038137588762,32.97857142857143,112.0,1,2.5850038137588762
YOR145C,0.1967921268124108,4.4,4.111111111111112,1,0.1967921268124108
YDL061C,0.0,0.0,0.0,0,0.0
YDL062W,0.0,0.0,0.0,0,0.0
YPL131W,0.09469089961566021,4.800000000000001,4.916666666666667,1,0.09469089961566021
YMR168C,0.648608316566063,0.0,7.333333333333334,1,0.648608316566063
YDR244W,1.1368666056166057,7.55,12.399999999999999,0,1.1368666056166057
YGR242W,0.0,0.0,0.0,0,0.0
YJL210W,0.05384615384615385,2.0,10.133333333333335,0,0.05384615384615385
YLR063W,0.05512820512820513,2.128571428571429,12.6,0,0.05512820512820513
YML042W,0.14957264957264957,2.5,3.3777777777777778,0,0.14957264957264957
YNL214W,1.2560297005861523,4.65,11.322222222222223,0,1.2560297005861523
YOL147C,0.0,0.0,0.0,0,0.0
YDL066W,0.0,0.0,0.0,0,0.0
YPL109C,0.0,0.0,0.0,0,0.0
YDL067C,0.0,0.0,0.0,1,0.0
YHR051W,0.0,0.0,0.0,0,0.0
YNL052W,0.0,0.0,0.0,0,0.0
YDL069C,0.0,0.0,0.0,0,0.0
YLR399C,0.7340434419381787,9.833333333333334,22.5,0,0.7340434419381787
YOL131W,0.0,0.0,0.0,0,0.0
YDL071C,0.0,0.0,0.0,0,0.0
YDR183W,0.0,0.0,0.0,0,0.0
YGR269W,0.0,0.0,0.0,0,0.0
YNL155W,0.0,0.0,0.0,0,0.0
YDL072C,0.0,0.0,0.0,0,0.0
YDL073W,0.0,0.0,0.0,0,0.0
YDL074C,1.1449802371541502,3.708333333333333,23.333333333333332,0,1.1449802371541502
YDR295C,0.9588105344005173,10.291666666666666,19.0,0,0.9588105344005173
YNL153C,0.375,2.583333333333333,0.0,0,0.375
YPL055C,0.0,0.0,0.0,0,0.0
YDL075W,0.0,0.0,0.0,0,0.0
YER088C,0.0,0.0,0.0,0,0.0
YMR263W,0.3588235294117647,11.958333333333334,8.5,0,0.3588235294117647
YDL077C,1.2555555555555555,0.0,10.916666666666666,0,1.2555555555555555
YDL079C,0.0,0.0,0.0,0,0.0
YDR081C,0.0,0.0,0.0,1,0.0
YDL081C,0.0167601683029453,3.0,4.5,0,0.0167601683029453
YEL054C,0.18253968253968253,0.0,2.0,0,0.18253968253968253
YGR209C,0.0,0.0,0.0,0,0.0
YPR078C,0.0,0.0,0.0,0,0.0
YDL082W,0.0,0.0,0.0,0,0.0
YER063W,0.18992248062015504,0.0,0.0,0,0.0
YMR314W,2.783323572303526,50.45,8.0,1,2.783323572303526
YDL085W,0.0,0.0,0.0,0,0.0
YGR139W,0.0,0.0,0.0,0,0.0
YDL087C,5.961815976242931,93.4,204.16666666666666,1,5.961815976242931
YDL088C,0.28703703703703703,15.142857142857142,2.3625,0,0.28703703703703703
YML031W,0.28703703703703703,22.0,1.6,1,0.28703703703703703
YMR153W,0.647359058565955,15.110714285714286,14.820833333333335,0,0.647359058565955
YDR233C,0.0,0.0,0.0,1,0.0
YLR324W,0.469554925361377,0.0,9.75,0,0.469554925361377
YDL090C,0.0,0.0,0.0,0,0.0
YKL019W,0.0,0.0,0.0,1,0.0
YIL022W,0.38748661956754443,0.0,6.25,1,0.38748661956754443
YDL092W,1.0769230769230769,3.0,2.25,1,1.0769230769230769
YKL122C,1.0769230769230769,4.5,2.25,1,1.0769230769230769
YDL094C,0.0,0.0,0.0,0,0.0
YDL196W,0.0,0.0,0.0,1,0.0
YDL095W,0.0,0.0,0.0,0,0.0
YDL096C,0.0,0.0,0.0,0,0.0
YDL099W,0.0,0.0,0.0,0,0.0
YKL050C,0.0,0.0,0.0,0,0.0
YDL121C,0.0,0.0,0.0,0,0.0
YDR304C,0.0,0.0,0.0,0,0.0
YDR415C,0.0,0.0,0.0,0,0.0
YDR431W,0.0,0.0,0.0,0,0.0
YDR513W,0.0,0.0,0.0,0,0.0
YER083C,0.0,0.0,0.0,0,0.0
YGL020C,0.0,0.0,0.0,0,0.0
YGR189C,0.0,0.0,0.0,0,0.0
YHR057C,0.0,0.0,0.0,0,0.0
YHR128W,0.0,0.0,0.0,1,0.0
YHR180W,0.0,0.0,0.0,0,0.0
YJL075C,0.0,0.0,0.0,0,0.0
YKL062W,0.0,0.0,0.0,0,0.0
YKR100C,0.0,0.0,0.0,0,0.0
YML101C,0.0,0.0,0.0,0,0.0
YNL199C,0.0253441802252816,0.0,4.5,0,0.0253441802252816
YOL111C,0.0,0.0,0.0,0,0.0
YOL159C,0.0,0.0,0.0,0,0.0
YOR164C,0.09741784037558684,4.333333333333333,5.833333333333333,0,0.09741784037558684
YPL252C,0.0,0.0,0.0,1,0.0
YPR037C,0.0,0.0,0.0,0,0.0
YDR051C,0.0,0.0,0.0,0,0.0
YFL030W,0.0,0.0,0.0,0,0.0
YGR130C,0.07204968944099378,0.0,0.0,0,0.0
YLR234W,0.24761904761904763,0.0,0.0,0,0.0
YMR031C,0.0,0.0,0.0,0,0.0
YMR086W,0.0,0.0,0.0,0,0.0
YPL269W,0.0,0.0,0.0,0,0.0
YDL102W,0.8333333333333333,0.0,2.0,1,0.8333333333333333
YJR006W,0.8333333333333333,0.0,2.0,1,0.8333333333333333
YDL103C,0.0,0.0,0.0,1,0.0
YDR288W,0.0,0.0,0.0,1,0.0
YDL104C,0.0,0.0,0.0,0,0.0
YHR216W,0.15557537069261113,10.6,21.916666666666664,0,0.15557537069261113
YKR099W,0.0,0.0,0.0,0,0.0
YDL108W,0.6660303594826588,2.0588235294117645,7.0,1,0.6660303594826588
YDR460W,0.4361933025444712,9.8,6.0,1,0.4361933025444712
YGL134W,1.315702189966896,11.75,17.333333333333332,0,1.315702189966896
YLR005W,0.16624423963133642,1.8888888888888888,6.5,1,0.16624423963133642
YOR299W,0.0,0.0,0.0,0,0.0
YDL110C,0.0,0.0,0.0,0,0.0
YKL015W,0.0,0.0,0.0,0,0.0
YLR125W,0.0,0.0,0.0,0,0.0
YDL111C,3.336530447559859,16.7999444999445,17.916666666666668,1,3.336530447559859
YDL114W,0.0,0.0,0.0,0,0.0
YDL123W,0.06439024390243903,0.0,0.0,0,0.0
YLR040C,0.0,0.0,0.0,0,0.0
YDL115C,0.0,0.0,0.0,0,0.0
YDR335W,2.2347579052877786,30.31748529248529,0.0,0,2.2347579052877786
YGL092W,3.1272168922144274,26.424908424908427,24.008333333333333,1,3.1272168922144274
YGL179C,0.05253623188405797,1.5,0.0,0,0.05253623188405797
YGL263W,0.0,0.0,0.0,0,0.0
YKL057C,2.785761506384438,26.612637362637365,15.841666666666667,0,2.785761506384438
YKR082W,2.3716194119097675,24.505586080586085,12.416666666666668,0,2.3716194119097675
YOL014W,0.0,0.0,0.0,0,0.0
YOR180C,0.3125,2.083333333333333,9.333333333333334,0,0.3125
YPL091W,0.0,0.0,0.0,0,0.0
YDR104C,0.03796169630642955,0.0,0.0,0,0.0
YDR208W,0.0,0.0,0.0,1,0.0
YGL144C,0.020413620966304155,1.25,0.0,0,0.020413620966304155
YGR233C,0.42215219421101774,2.2,4.0,0,0.42215219421101774
YGR276C,0.0,0.0,0.0,0,0.0
YJL083W,0.0,0.0,0.0,0,0.0
YKR027W,0.037340320995741895,3.6666666666666665,2.9166666666666665,0,0.037340320995741895
YLR073C,0.0,0.0,0.0,0,0.0
YLR142W,0.0,0.0,0.0,0,0.0
YLR410W,0.0,0.0,0.0,0,0.0
YNL277W-A,0.0,0.0,0.0,0,0.0
YOL095C,0.0,0.0,0.0,0,0.0
YPL009C,0.0,0.0,0.0,0,0.0
YDL118W,0.0,0.0,0.0,0,0.0
YDL119C,0.0,0.0,0.0,0,0.0
YMR305C,0.0,0.0,0.0,0,0.0
YDL125C,0.0,0.0,0.0,0,0.0
YDR049W,0.0936426116838488,4.0,0.8,0,0.0936426116838488
YER007W,0.0,0.0,0.0,0,0.0
YGR078C,1.3472222222222223,7.999999999999999,0.0,0,1.3472222222222223
YJR017C,0.38773374843830694,7.275613275613276,6.666666666666667,1,0.38773374843830694
YML068W,0.0,0.0,0.0,1,0.0
YPR015C,0.01608962517132471,0.0,0.0,1,0.0
YDL127W,0.0,0.0,0.0,0,0.0
YER005W,0.6562465863075618,7.166666666666667,16.25,1,0.6562465863075618
YKL102C,0.0,0.0,0.0,0,0.0
YDL129W,0.0,0.0,0.0,0,0.0
YDR367W,0.0,0.0,0.0,1,0.0
YDR399W,0.0,0.0,0.0,0,0.0
YJL208C,0.0,0.0,0.0,0,0.0
YJR012C,0.0,0.0,0.0,1,0.0
YJR108W,0.0,0.0,0.0,0,0.0
YLR051C,0.3435374149659864,2.0,4.666666666666667,1,0.3435374149659864
YLR287C,0.11688311688311688,5.0,2.0,0,0.11688311688311688
YDL131W,0.0,0.0,0.0,0,0.0
YDR054C,0.5379456178089562,11.812885154061624,11.666666666666666,1,0.5379456178089562
YDR139C,0.47171185157519,10.427100840336134,0.0,0,0.47171185157519
YDR274C,0.0,0.0,0.0,0,0.0
YER156C,0.0,0.0,0.0,0,0.0
YFL009W,0.8297292351120269,18.1,19.333333333333332,1,0.8297292351120269
YGL249W,0.0,0.0,0.0,0,0.0
YGR171C,0.0,0.0,0.0,0,0.0
YHR073W,0.029236022193768675,2.7403846153846154,5.833333333333333,0,0.029236022193768675
YHR124W,0.025052505250525055,3.6,4.0,0,0.025052505250525055
YJL149W,0.029236022193768675,2.5955882352941178,0.0,0,0.029236022193768675
YLR100W,0.0,0.0,0.0,1,0.0
YLR352W,0.09941356368916811,7.973529411764705,0.0,0,0.09941356368916811
YLR368W,0.09093957685506981,8.4,2.9166666666666665,0,0.09093957685506981
YML088W,0.029236022193768675,4.166666666666667,0.0,0,0.029236022193768675
YMR297W,0.0,0.0,0.0,0,0.0
YNL015W,0.07827402458555716,18.666666666666668,5.166666666666666,0,0.07827402458555716
YOR057W,0.529546871823778,32.06666666666667,0.0,1,0.529546871823778
YMR052W,0.41284440197483674,7.666666666666667,0.0,0,0.41284440197483674
YER159C-A,0.05877616747181964,2.017857142857143,0.0,0,0.05877616747181964
YGR142W,0.0,0.0,0.0,0,0.0
YHR075C,0.05877616747181964,2.017857142857143,0.0,0,0.05877616747181964
YPR040W,0.05877616747181964,7.5,0.0,1,0.05877616747181964
YDL135C,0.0,0.0,0.0,0,0.0
YDL137W,0.15135316985645933,13.0,17.0,0,0.15135316985645933
YDR007W,0.0,0.0,0.0,0,0.0
YEL026W,0.06227106227106227,0.875,2.25,1,0.06227106227106227
YJL186W,0.0,0.0,0.0,0,0.0
YLL015W,0.0,0.0,0.0,0,0.0
YMR035W,0.0,0.0,0.0,0,0.0
YPL145C,0.0,0.0,0.0,0,0.0
YPR077C,0.0,0.0,0.0,0,0.0
YJL164C,2.6559562260921448,53.58333333333334,27.75,1,2.6559562260921448
YJR110W,0.43799069081441405,6.776785714285714,34.75,0,0.43799069081441405
YKR062W,0.3647186147186147,1.3333333333333333,3.0,1,0.3647186147186147
YNL251C,1.1105263157894736,14.818333333333332,25.0,1,1.1105263157894736
YNL266W,0.0,0.0,0.0,0,0.0
YOL005C,1.6136230265946487,60.66666666666667,18.5,1,1.6136230265946487
YOR210W,1.3021987781109587,18.331746031746032,15.0,1,1.3021987781109587
YPL228W,0.07644110275689223,0.0,2.0,1,0.07644110275689223
YPR187W,1.0498393169199758,3.4222222222222216,16.75,1,1.0498393169199758
YGL119W,0.0,0.0,0.0,0,0.0
YDL144C,0.0,0.0,0.0,0,0.0
YDR088C,0.08193979933110368,1.6,2.0,1,0.08193979933110368
YER122C,0.3940909090909091,5.595238095238096,19.7,0,0.3940909090909091
YFR051C,3.222690225974101,29.06547619047619,31.770833333333332,1,3.222690225974101
YPL010W,1.1189588189588189,24.75,10.9375,1,1.1189588189588189
YPL222W,0.0,0.0,0.0,0,0.0
YKL070W,0.0,0.0,0.0,0,0.0
YDR179C,0.6212765957446809,4.666666666666667,2.9166666666666665,0,0.6212765957446809
YDR201W,0.9702263635767472,9.666666666666666,11.75,1,0.9702263635767472
YDR341C,0.0,0.0,0.0,1,0.0
YJL001W,0.5575102725727685,10.066666666666666,4.0,1,0.5575102725727685
YDL149W,0.026289682539682536,0.0,0.0,0,0.0
YKL064W,0.0,0.0,0.0,0,0.0
YLR065C,0.0,0.0,0.0,0,0.0
YDL150W,1.5565247252747252,8.541666666666666,16.5,1,1.5565247252747252
YDR040C,0.0,0.0,0.0,0,0.0
YDR269C,0.0,0.0,0.0,0,0.0
YDR422C,0.15107279539317203,9.04945054945055,4.875,0,0.15107279539317203
YFL001W,0.0,0.0,0.0,0,0.0
YGL250W,0.0,0.0,0.0,0,0.0
YGR160W,0.0,0.0,0.0,0,0.0
YGR290W,0.0,0.0,0.0,0,0.0
YHR203C,0.0,0.0,0.0,0,0.0
YJL175W,0.0,0.0,0.0,0,0.0
YNL280C,0.0,0.0,0.0,0,0.0
YOL118C,0.0,0.0,0.0,0,0.0
YOR252W,0.0,0.0,0.0,0,0.0
YOR309C,0.0,0.0,0.0,0,0.0
YOR314W,0.0,0.0,0.0,0,0.0
YOR321W,0.0,0.0,0.0,0,0.0
YPR029C,1.1525722339675828,4.633333333333333,16.033333333333335,0,1.1525722339675828
YGL170C,0.06370753679920638,4.0,4.916666666666666,0,0.06370753679920638
YMR224C,0.39535330261136714,2.355555555555556,0.0,0,0.39535330261136714
YER107C,0.12946749429788856,8.285714285714286,2.458333333333333,0,0.12946749429788856
YIL115C,1.2757172856796717,21.073809523809523,18.458333333333336,1,1.2757172856796717
YDL158C,0.0,0.0,0.0,0,0.0
YLR113W,0.7034940982732568,5.798290598290598,1.0,0,0.7034940982732568
YMR276W,0.8712114790395465,42.25,8.0,1,0.8712114790395465
YDL159W-A,0.0,0.0,0.0,0,0.0
YGR178C,0.0680161943319838,0.0,2.5277777777777777,0,0.0680161943319838
YDL161W,0.1978799483115703,3.2285714285714286,8.625,0,0.1978799483115703
YOR111W,0.0,0.0,0.0,0,0.0
YDL162C,0.0,0.0,0.0,0,0.0
YOR378W,0.0,0.0,0.0,0,0.0
YDL168W,0.0,0.0,0.0,0,0.0
YER117W,0.024868705591597158,3.157142857142857,2.0,0,0.024868705591597158
YDL172C,0.0,0.0,0.0,0,0.0
YEL070W,0.0,0.0,0.0,0,0.0
YMR303C,0.08473557692307693,1.6,13.3,0,0.08473557692307693
YOR204W,0.0,0.0,0.0,1,0.0
YDL178W,0.0,0.0,0.0,0,0.0
YDL180W,0.0,0.0,0.0,0,0.0
YLR452C,0.06837606837606837,10.0,0.0,0,0.06837606837606837
YGR089W,0.15458937198067632,0.0,2.9166666666666665,0,0.15458937198067632
YKR054C,0.267287784679089,2.05,6.0,0,0.267287784679089
YDL183C,0.0,0.0,0.0,0,0.0
YNL313C,0.0,0.0,0.0,1,0.0
YDL186W,0.0,0.0,0.0,0,0.0
YML092C,3.189698896453953,60.8,36.125,1,3.189698896453953
YML126C,0.04395475356854296,9.833333333333334,0.0,1,0.04395475356854296
YNL085W,0.23378039443033,116.0,0.0,0,0.23378039443033
YOR157C,0.9124196180055667,14.866666666666664,9.5,1,0.9124196180055667
YOR362C,1.594330027995404,21.63809523809524,13.5,1,1.594330027995404
YPL003W,0.0,0.0,0.0,0,0.0
YER057C,0.0,0.0,0.0,0,0.0
YDL191W,0.3111322377325491,2.225,14.0,0,0.3111322377325491
YPR176C,0.0,0.0,0.0,1,0.0
YFL022C,0.0,0.0,0.0,1,0.0
YGR062C,0.0,0.0,0.0,0,0.0
YOR026W,0.0,0.0,0.0,0,0.0
YDL195W,1.422910970608339,9.8,20.527777777777775,1,1.422910970608339
YIL109C,1.898288378288378,4.23015873015873,17.3125,1,1.898288378288378
YPR181C,2.278374421342251,6.358730158730159,33.77083333333333,1,2.278374421342251
YEL024W,0.0,0.0,0.0,0,0.0
YKL073W,0.022291021671826623,4.333333333333333,0.0,0,0.022291021671826623
YLR109W,0.18253968253968253,3.8,0.0,0,0.18253968253968253
YDL201W,0.0,0.0,0.0,0,0.0
YDL202W,0.0,0.0,0.0,0,0.0
YER009W,0.9155436053681608,49.5,45.166666666666664,1,0.9155436053681608
YGR058W,0.08966244725738397,0.0,3.111111111111111,0,0.08966244725738397
YMR110C,0.0,0.0,0.0,0,0.0
YOL065C,0.10712250712250712,8.0,8.583333333333334,0,0.10712250712250712
YDL207W,0.7833333333333333,9.075,4.0,1,0.7833333333333333
YOR206W,2.0536071350748184,41.75,25.5,1,2.0536071350748184
YLR426W,0.0,0.0,0.0,0,0.0
YGL230C,0.0,0.0,0.0,0,0.0
YNL238W,0.15448740694642335,9.633333333333333,7.166666666666666,0,0.15448740694642335
YDR194C,0.1679030910609858,2.355555555555556,6.0,0,0.1679030910609858
YEL055C,0.2189327485380117,9.11111111111111,0.0,1,0.2189327485380117
YFR032C,0.0,0.0,0.0,0,0.0
YGL068W,0.0,0.0,0.0,1,0.0
YGR198W,0.0,0.0,0.0,1,0.0
YHL038C,0.0,0.0,0.0,0,0.0
YJR041C,0.0,0.0,0.0,1,0.0
YKR024C,0.14110503531556162,2.0,7.0,0,0.14110503531556162
YLL027W,0.0,0.0,0.0,0,0.0
YMR229C,0.66703273088101,12.922222222222222,9.75,1,0.66703273088101
YEL013W,0.0,0.0,0.0,0,0.0
YML011C,0.0,0.0,0.0,0,0.0
YDL215C,0.0,0.0,0.0,0,0.0
YMR025W,0.4696400625978091,4.662271062271062,5.833333333333333,0,0.4696400625978091
YOL117W,0.4739854971412634,12.166666666666668,5.833333333333333,0,0.4739854971412634
YDL218W,0.0,0.0,0.0,0,0.0
YGL044C,0.5575410097149227,2.083333333333333,21.333333333333332,1,0.5575410097149227
YDR082W,0.473015873015873,3.8666666666666663,5.5,1,0.473015873015873
YLR010C,0.38888888888888884,2.2666666666666666,1.0,1,0.38888888888888884
YDL221W,0.0,0.0,0.0,1,0.0
YDL223C,0.0,0.0,0.0,0,0.0
YDL224C,0.0,0.0,0.0,0,0.0
YJR070C,0.03611793611793612,2.6666666666666665,8.125,0,0.03611793611793612
YDR264C,0.3576420625028851,6.375,1.9444444444444444,0,0.3576420625028851
YKL126W,0.45324675324675323,1.4,5.03,0,0.45324675324675323
YKR088C,0.2159090909090909,0.0,2.9166666666666665,0,0.2159090909090909
YOL129W,0.0,0.0,0.0,0,0.0
YOR327C,0.39090909090909093,4.083333333333334,2.25,0,0.39090909090909093
YPR113W,0.0,0.0,0.0,1,0.0
YPR183W,0.18707482993197277,0.1666666666666666,1.0,1,0.18707482993197277
YHR117W,0.0,0.0,0.0,0,0.0
YGL226C-A,3.225238050412199,2.083333333333333,7.0,0,3.225238050412199
YOR085W,2.8760317012058496,2.083333333333333,7.0,0,2.8760317012058496
YOR103C,3.225238050412199,7.999999999999999,7.0,1,3.225238050412199
YDL233W,0.0,0.0,0.0,0,0.0
YDL235C,0.0,0.0,0.0,1,0.0
YDL236W,0.0,0.0,0.0,0,0.0
YDL237W,0.0,0.0,0.0,0,0.0
YLR085C,0.0,0.0,0.0,0,0.0
YPR148C,0.0,0.0,0.0,0,0.0
YDR273W,0.0,0.0,0.0,0,0.0
YKL192C,0.0,0.0,0.0,1,0.0
YLR072W,0.0,0.0,0.0,0,0.0
YNR012W,0.11724608043626449,0.0,0.0,0,0.0
YOR324C,0.051742919389978215,0.0,2.25,0,0.051742919389978215
YDL241W,0.0,0.0,0.0,0,0.0
YDL243C,0.0,0.0,0.0,0,0.0
YNL331C,0.05898528465822393,2.5,0.0,0,0.05898528465822393
YDL245C,0.0,0.0,0.0,0,0.0
YDL246C,0.9408457261218576,9.9,0.0,0,0.9408457261218576
YJR037W,0.20465116279069767,0.0,0.0,0,0.0
YJR159W,0.8035416508867479,19.5,0.0,0,0.8035416508867479
YDL248W,0.0,0.0,0.0,0,0.0
YFL004W,0.0,0.0,0.0,0,0.0
YLR270W,0.0,0.0,0.0,0,0.0
YMR235C,0.27142857142857146,4.390151515151515,5.5,1,0.27142857142857146
YDR003W,0.0,0.0,0.0,0,0.0
YDR004W,0.2609163576381106,22.50952380952381,20.5,0,0.2609163576381106
YJL023C,0.0,0.0,0.0,0,0.0
YDR005C,0.042045767852219466,0.0,0.0,0,0.0
YDR006C,0.0,0.0,0.0,0,0.0
YOR242C,0.0,0.0,0.0,0,0.0
YDR009W,0.0,0.0,0.0,0,0.0
YDR012W,0.0,0.0,0.0,0,0.0
YDR013W,0.0,0.0,0.0,1,0.0
YDR016C,1.1482905982905982,7.285714285714286,6.0,1,1.1482905982905982
YKL052C,0.325,2.333333333333333,2.0,1,0.325
YKR037C,0.7771186950764415,8.666666666666666,6.5625,1,0.7771186950764415
YDR017C,0.024489795918367346,3.0,0.0,0,0.024489795918367346
YDR018C,0.0,0.0,0.0,0,0.0
YDR479C,0.0,0.0,0.0,0,0.0
YDR020C,0.0,0.0,0.0,0,0.0
YDR021W,0.0,0.0,0.0,1,0.0
YDR024W,0.0,0.0,0.0,0,0.0
YDR484W,1.3521088861076347,7.857142857142857,10.020833333333332,0,1.3521088861076347
YJL029C,1.4800420168067228,5.3896103896103895,11.86111111111111,0,1.4800420168067228
YDR031W,0.0,0.0,0.0,0,0.0
YDR438W,0.0,0.0,0.0,0,0.0
YER038C,0.0,0.0,0.0,1,0.0
YER044C,0.0,0.0,0.0,0,0.0
YER064C,0.0,0.0,0.0,0,0.0
YFR055W,0.0,0.0,0.0,0,0.0
YGL125W,0.0,0.0,0.0,0,0.0
YGL169W,0.0,0.0,0.0,1,0.0
YGL223C,0.9227272727272726,13.25,5.0,0,0.9227272727272726
YGR111W,0.0,0.0,0.0,0,0.0
YGR124W,0.0,0.0,0.0,0,0.0
YHR060W,0.5251227495908347,1.7999999999999998,0.0,0,0.5251227495908347
YIL145C,0.0,0.0,0.0,0,0.0
YIR026C,0.5354376349480865,6.809920634920635,0.0,0,0.5354376349480865
YJL185C,0.0,0.0,0.0,0,0.0
YJR075W,1.2857142857142856,8.0,5.25,0,1.2857142857142856
YLR328W,0.3744657638380539,7.0,8.0,0,0.3744657638380539
YMR064W,0.0,0.0,0.0,0,0.0
YMR187C,0.0,0.0,0.0,0,0.0
YOR009W,0.0,0.0,0.0,0,0.0
YPL102C,0.0,0.0,0.0,0,0.0
YPL114W,0.0,0.0,0.0,0,0.0
YPR136C,0.0,0.0,0.0,1,0.0
YMR188C,0.08739495798319327,2.333333333333333,2.0,0,0.08739495798319327
YPR056W,0.0,0.0,0.0,1,0.0
YDR038C,0.0,0.0,0.0,0,0.0
YDR380W,0.0,0.0,0.0,0,0.0
YDR042C,0.0,0.0,0.0,0,0.0
YLR413W,0.0,0.0,0.0,0,0.0
YDR044W,0.0,0.0,0.0,1,0.0
YDR077W,0.0,0.0,0.0,0,0.0
YDR045C,0.3864468864468864,0.0,1.5,1,0.3864468864468864
YDR050C,0.0,0.0,0.0,1,0.0
YDR055W,0.0,0.0,0.0,0,0.0
YDR056C,0.0,0.0,0.0,0,0.0
YLR221C,0.0,0.0,0.0,0,0.0
YOL077C,0.7794156224919316,14.226190476190476,15.416666666666668,1,0.7794156224919316
YPL024W,0.0,0.0,0.0,0,0.0
YDR063W,0.0,0.0,0.0,0,0.0
YGL239C,0.0,0.0,0.0,1,0.0
YDR066C,0.0,0.0,0.0,0,0.0
YDR067C,0.0,0.0,0.0,0,0.0
YDR068W,0.0,0.0,0.0,0,0.0
YDR070C,0.0,0.0,0.0,0,0.0
YER089C,0.2285714285714286,0.0,0.0,0,0.0
YER019C-A,0.0,0.0,0.0,1,0.0
YHR011W,0.0,0.0,0.0,0,0.0
YIL152W,0.0,0.0,0.0,0,0.0
YLR376C,0.41666666666666663,2.05,2.0,0,0.41666666666666663
YDR079C-A,0.0,0.0,0.0,0,0.0
YPL122C,0.28694083694083694,6.438153594771242,9.0,1,0.28694083694083694
YDR079W,0.0,0.0,0.0,0,0.0
YJL099W,0.0,0.0,0.0,0,0.0
YDR084C,0.10263157894736842,2.0,2.25,0,0.10263157894736842
YDR441C,0.0,0.0,0.0,0,0.0
YDR442W,0.0,0.0,0.0,0,0.0
YER011W,0.06694915254237288,2.0,2.0,0,0.06694915254237288
YDR086C,0.0,0.0,0.0,1,0.0
YGR175C,0.0,0.0,0.0,1,0.0
YER013W,0.09090909090909091,0.0,4.5,1,0.09090909090909091
YGR006W,0.0,0.0,0.0,0,0.0
YHR195W,0.0,0.0,0.0,0,0.0
YGL087C,0.08421052631578947,0.0,0.0,0,0.0
YDR095C,0.0,0.0,0.0,0,0.0
YDR096W,0.0,0.0,0.0,0,0.0
YDR098C,0.0,0.0,0.0,0,0.0
YGL071W,0.0,0.0,0.0,0,0.0
YGL220W,0.0,0.0,0.0,0,0.0
YGL252C,0.0,0.0,0.0,0,0.0
YGR214W,0.0,0.0,0.0,0,0.0
YMR137C,0.05255102040816326,0.0,0.0,0,0.0
YNL293W,0.08377659574468085,7.642857142857143,0.0,0,0.08377659574468085
YOR298C-A,0.0,0.0,0.0,0,0.0
YPL095C,0.48289473684210527,6.333333333333333,0.0,0,0.48289473684210527
YDR102C,0.0,0.0,0.0,0,0.0
YER132C,0.2570568706080342,91.0,10.333333333333334,0,0.2570568706080342
YDR105C,0.0,0.0,0.0,0,0.0
YNL160W,0.0,0.0,0.0,0,0.0
YDR106W,0.0,0.0,0.0,0,0.0
YHR129C,0.2564935064935065,2.583333333333333,6.666666666666667,0,0.2564935064935065
YOL015W,0.0,0.0,0.0,0,0.0
YIR040C,0.0,0.0,0.0,0,0.0
YGR098C,0.0,0.0,0.0,1,0.0
YDR115W,0.0,0.0,0.0,0,0.0
YKL142W,0.0,0.0,0.0,0,0.0
YNL041C,0.9227272727272726,16.0,6.75,0,0.9227272727272726
YDR116C,0.0,0.0,0.0,0,0.0
YJL041W,1.5843479343350217,126.5,20.75,1,1.5843479343350217
YNL185C,0.0,0.0,0.0,0,0.0
YDR119W,0.0,0.0,0.0,0,0.0
YHR078W,0.0,0.0,0.0,0,0.0
YKL188C,0.0,0.0,0.0,0,0.0
YHL020C,0.0,0.0,0.0,0,0.0
YDR126W,0.0,0.0,0.0,0,0.0
YNR051C,0.0,0.0,0.0,0,0.0
YEL062W,0.23182684973302822,2.2727272727272725,2.9166666666666665,0,0.23182684973302822
YER182W,0.0,0.0,0.0,0,0.0
YGL205W,0.0,0.0,0.0,0,0.0
YHR134W,0.0,0.0,0.0,0,0.0
YIL063C,0.5567670369213146,21.916666666666664,19.333333333333336,1,0.5567670369213146
YDR132C,0.11363636363636365,0.0,3.0,0,0.11363636363636365
YJL218W,0.037384969325153374,15.0,0.0,0,0.037384969325153374
YDR133C,0.0,0.0,0.0,0,0.0
YDR135C,0.0,0.0,0.0,0,0.0
YDR136C,0.0,0.0,0.0,0,0.0
YDR137W,0.39215686274509803,2.207792207792208,5.833333333333333,0,0.39215686274509803
YGR003W,0.17656765676567657,2.5,0.0,0,0.17656765676567657
YHR160C,0.38221153846153844,4.333333333333333,2.6111111111111107,0,0.38221153846153844
YPL226W,0.0,0.0,0.0,0,0.0
YPL113C,0.0,0.0,0.0,0,0.0
YDR144C,0.0,0.0,0.0,0,0.0
YLR390W-A,0.0,0.0,0.0,0,0.0
YMR019W,0.0,0.0,0.0,0,0.0
YPL121C,0.0,0.0,0.0,0,0.0
YFR016C,0.3140897435897436,5.333333333333333,0.0,0,0.3140897435897436
YFR049W,0.10192307692307692,2.0,2.0,0,0.10192307692307692
YLR410W-B,0.0,0.0,0.0,0,0.0
YNL092W,0.11144137224782387,6.333333333333334,0.0,0,0.11144137224782387
YDR150W,0.6295998445998445,4.083333333333334,17.0,0,0.6295998445998445
YIR005W,0.0,0.0,0.0,0,0.0
YDR156W,0.0,0.0,0.0,0,0.0
YDR159W,0.0,0.0,0.0,0,0.0
YMR031W-A,0.0,0.0,0.0,0,0.0
YNL093W,1.622816906376747,35.857142857142854,41.361111111111114,0,1.622816906376747
YKR014C,1.2549180509781728,7.571428571428571,23.416666666666668,0,1.2549180509781728
YNR049C,0.0,0.0,0.0,0,0.0
YPL232W,0.7984848484848486,3.345238095238096,4.0,0,0.7984848484848486
YLR228C,0.0,0.0,0.0,0,0.0
YPL089C,0.021600315333070556,1.0,6.0,0,0.021600315333070556
YDR169C,0.0,0.0,0.0,0,0.0
YFR044C,0.0,0.0,0.0,0,0.0
YKR021W,0.08166509037410677,0.0,26.633333333333333,0,0.08166509037410677
YDR300C,0.0,0.0,0.0,0,0.0
YHR015W,0.0,0.0,0.0,0,0.0
YOR069W,1.5769230769230766,4.257142857142857,4.3125,0,1.5769230769230766
YPL190C,1.0342105263157895,3.708333333333333,20.5,1,1.0342105263157895
YMR042W,0.9259259259259259,4.357142857142858,10.5,0,0.9259259259259259
YIL013C,0.0,0.0,0.0,0,0.0
YPR104C,0.09796888954223781,1.875,6.0,1,0.09796888954223781
YGL013C,0.0,0.0,0.0,0,0.0
YJR080C,0.0,0.0,0.0,0,0.0
YKL168C,0.0,0.0,0.0,0,0.0
YDR178W,0.0,0.0,0.0,0,0.0
YDR181C,1.6318181818181818,12.6,12.5,0,1.6318181818181818
YMR127C,1.6318181818181818,10.658333333333331,2.0,0,1.6318181818181818
YOR213C,1.3818181818181818,11.0,12.5,0,1.3818181818181818
YDR184C,0.0,0.0,0.0,0,0.0
YOR230W,0.46491729722750946,12.989285714285714,16.375,0,0.46491729722750946
YMR316W,0.0,0.0,0.0,0,0.0
YNL239W,0.0,0.0,0.0,0,0.0
YJR069C,0.0,0.0,0.0,0,0.0
YNL049C,0.4896484168166896,0.0,11.75,0,0.4896484168166896
YOR134W,0.0,0.0,0.0,0,0.0
YDR196C,0.0,0.0,0.0,1,0.0
YDR198C,0.0,0.0,0.0,0,0.0
YFR008W,0.4170446312209938,24.0,0.0,0,0.4170446312209938
YMR029C,0.13846153846153847,2.0,2.25,0,0.13846153846153847
YHR083W,0.0,0.0,0.0,1,0.0
YKL179C,0.0,0.0,0.0,0,0.0
YDR205W,0.0,0.0,0.0,0,0.0
YKL221W,0.0,0.0,0.0,0,0.0
YNR039C,0.0,0.0,0.0,0,0.0
YJL030W,0.1611111111111111,2.428571428571429,2.0,0,0.1611111111111111
YJR094C,0.14814814814814814,0.0,0.0,0,0.0
YOR260W,2.315867699079523,15.78030303030303,0.0,1,2.315867699079523
YLR030W,0.0,0.0,0.0,0,0.0
YPL180W,1.8995909054983462,16.555555555555557,29.380000000000003,0,1.8995909054983462
YDR213W,0.0,0.0,0.0,0,0.0
YOL052C,0.0,0.0,0.0,0,0.0
YDR215C,0.0,0.0,0.0,0,0.0
YPL175W,0.0,0.0,0.0,1,0.0
YOL001W,0.32857794280502894,2.4783549783549783,4.916666666666667,0,0.32857794280502894
YDR218C,0.07777777777777778,6.095238095238096,0.0,0,0.07777777777777778
YDR219C,0.0,0.0,0.0,0,0.0
YDR221W,0.0,0.0,0.0,0,0.0
YMR151W,0.0,0.0,0.0,0,0.0
YHL001W,0.0,0.0,0.0,0,0.0
YLR385C,1.0069256474519632,59.5,31.5,0,1.0069256474519632
YFL007W,0.09347826086956522,2.033333333333333,2.0,0,0.09347826086956522
YMR219W,0.0,0.0,0.0,0,0.0
YDR229W,0.06434393421148388,5.0,3.7916666666666665,0,0.06434393421148388
YOR165W,0.0,0.0,0.0,0,0.0
YOR285W,0.18707482993197277,6.0,4.5,0,0.18707482993197277
YJR131W,0.0,0.0,0.0,0,0.0
YDR236C,0.0,0.0,0.0,1,0.0
YDR245W,1.5285714285714285,6.166666666666666,5.5,0,1.5285714285714285
YJL183W,1.2857142857142856,5.75,5.25,0,1.2857142857142856
YER183C,0.0,0.0,0.0,0,0.0
YGR200C,3.098809523809524,9.807142857142855,8.0,0,3.098809523809524
YNL210W,0.0,0.0,0.0,0,0.0
YNL295W,0.0,0.0,0.0,0,0.0
YOL116W,0.0,0.0,0.0,0,0.0
YOR028C,0.0,0.0,0.0,0,0.0
YPL086C,3.723809523809524,8.407142857142858,8.0,0,3.723809523809524
YDR250C,0.0,0.0,0.0,0,0.0
YDR251W,0.08897243107769423,12.0,0.0,0,0.08897243107769423
YPL057C,0.0,0.0,0.0,0,0.0
YDR252W,0.0,0.0,0.0,0,0.0
YHR193C,0.05646176825426932,3.571428571428572,0.0,0,0.05646176825426932
YJR055W,0.0,0.0,0.0,0,0.0
YDR253C,0.0,0.0,0.0,0,0.0
YNL103W,0.4010822510822511,0.0,11.833333333333334,1,0.4010822510822511
YEL077C,0.0,0.0,0.0,0,0.0
YDR256C,0.021600315333070556,1.4285714285714286,6.0,0,0.021600315333070556
YGR066C,0.0,0.0,0.0,0,0.0
YOR303W,0.04050925925925926,1.5,0.0,0,0.04050925925925926
YFL002W-B,0.0,0.0,0.0,0,0.0
YDR262W,0.0,0.0,0.0,0,0.0
YDR454C,0.0,0.0,0.0,1,0.0
YDR263C,0.0,0.0,0.0,0,0.0
YJR086W,0.12835249042145594,3.833333333333333,0.0,0,0.12835249042145594
YKL178C,0.0,0.0,0.0,0,0.0
YER098W,0.0,0.0,0.0,0,0.0
YHR044C,0.0,0.0,0.0,0,0.0
YDR268W,0.0,0.0,0.0,0,0.0
YDR270W,0.0,0.0,0.0,0,0.0
YNL259C,0.0,0.0,0.0,0,0.0
YDR509W,0.0,0.0,0.0,0,0.0
YOR244W,3.084609533492405,30.19803921568628,0.0,1,3.084609533492405
YDR275W,0.0,0.0,0.0,0,0.0
YOR060C,0.08995584988962473,0.0,2.5277777777777777,1,0.08995584988962473
YDR279W,0.0,0.0,0.0,0,0.0
YLR154C,0.0,0.0,0.0,0,0.0
YOL142W,0.890893665158371,14.30952380952381,8.583333333333332,1,0.890893665158371
YOR076C,2.4506975867269984,21.11111111111111,49.75,1,2.4506975867269984
YPR189W,0.0,0.0,0.0,0,0.0
YDR281C,0.0,0.0,0.0,0,0.0
YNL213C,0.0,0.0,0.0,0,0.0
YHL017W,0.0,0.0,0.0,0,0.0
YPL147W,0.0,0.0,0.0,0,0.0
YDR286C,0.0,0.0,0.0,0,0.0
YDR287W,0.0,0.0,0.0,0,0.0
YHR163W,0.0,0.0,0.0,0,0.0
YDR289C,0.0,0.0,0.0,0,0.0
YDR290W,0.0,0.0,0.0,0,0.0
YDR291W,0.0,0.0,0.0,0,0.0
YDR293C,0.0,0.0,0.0,0,0.0
YGL086W,0.1611111111111111,2.428571428571429,2.0,0,0.1611111111111111
YDR296W,0.0,0.0,0.0,0,0.0
YGR125W,0.0,0.0,0.0,0,0.0
YOL003C,1.2074152167875887,37.0,21.0,0,1.2074152167875887
YHR056C,0.0,0.0,0.0,0,0.0
YDR305C,0.0,0.0,0.0,0,0.0
YIR017C,0.38434848219753304,2.2403846153846154,8.916666666666666,0,0.38434848219753304
YER145C,0.0540045766590389,2.333333333333333,0.0,0,0.0540045766590389
YJL091C,0.1901888438764891,8.0,21.583333333333336,1,0.1901888438764891
YGR207C,0.0,0.0,0.0,0,0.0
YKL007W,0.29525210084033615,6.583333333333333,0.0,0,0.29525210084033615
YMR238W,0.14583333333333331,3.5,2.0,0,0.14583333333333331
YDR310C,0.47619047619047616,2.321428571428571,4.5,0,0.47619047619047616
YOR279C,0.47619047619047616,3.75,4.5,0,0.47619047619047616
YGR258C,0.09689711486118673,2.0,2.0,0,0.09689711486118673
YHR113W,0.07987711213517665,0.0,1.0,0,0.07987711213517665
YKL028W,0.29545454545454547,0.75,2.0,1,0.29545454545454547
YKR050W,0.0,0.0,0.0,0,0.0
YMR294W,0.4138607883344726,11.75,22.25,0,0.4138607883344726
YPL170W,0.0,0.0,0.0,0,0.0
YDR312W,0.0,0.0,0.0,0,0.0
YDR313C,0.0,0.0,0.0,0,0.0
YDR314C,0.0,0.0,0.0,0,0.0
YDR315C,0.0,0.0,0.0,0,0.0
YLR323C,0.0,0.0,0.0,1,0.0
YFL053W,0.0,0.0,0.0,0,0.0
YDR317W,0.0,0.0,0.0,0,0.0
YDR455C,0.0,0.0,0.0,0,0.0
YDR478W,0.0,0.0,0.0,1,0.0
YDR542W,0.0,0.0,0.0,0,0.0
YER035W,0.0,0.0,0.0,0,0.0
YER084W,0.0,0.0,0.0,0,0.0
YFL015C,0.0,0.0,0.0,0,0.0
YGR018C,0.0,0.0,0.0,0,0.0
YGR036C,0.0,0.0,0.0,0,0.0
YGR146C,0.0,0.0,0.0,0,0.0
YJR060W,0.9042124542124541,0.4166666666666667,6.499999999999999,0,0.9042124542124541
YLL033W,0.0,0.0,0.0,0,0.0
YDR319C,0.0,0.0,0.0,0,0.0
YDR320C,0.3492063492063492,0.0,1.3333333333333333,0,0.3492063492063492
YGR167W,0.49007936507936506,0.0,7.416666666666667,0,0.49007936507936506
YDR321W,0.037384969325153374,7.5,0.0,0,0.037384969325153374
YDR323C,0.0,0.0,0.0,1,0.0
YDR326C,0.0,0.0,0.0,0,0.0
YER007C-A,0.0,0.0,0.0,0,0.0
YDR327W,0.0,0.0,0.0,1,0.0
YGL149W,0.0,0.0,0.0,0,0.0
YGL186C,0.0,0.0,0.0,0,0.0
YGR140W,1.0495975855130786,2.5955882352941178,3.666666666666667,1,1.0495975855130786
YHR205W,0.023985497141263423,27.0,0.0,0,0.023985497141263423
YJL204C,0.0,0.0,0.0,0,0.0
YLR224W,0.16307000418351694,16.0,0.0,0,0.16307000418351694
YOL098C,0.0,0.0,0.0,0,0.0
YPR036W,0.8676073535228465,22.0,0.0,0,0.8676073535228465
YGL053W,0.26430766180989196,13.464285714285714,5.0,0,0.26430766180989196
YJR158W,0.0,0.0,0.0,0,0.0
YMR074C,0.0,0.0,0.0,0,0.0
YDR333C,0.0,0.0,0.0,0,0.0
YML041C,0.5407518796992481,19.5,12.5,0,0.5407518796992481
YFR002W,1.692352658483694,31.75,20.375,1,1.692352658483694
YML103C,0.6284164792160971,4.067857142857143,4.229166666666666,0,0.6284164792160971
YOR359W,0.0,0.0,0.0,0,0.0
YPR084W,0.0,0.0,0.0,0,0.0
YGL006W,0.0,0.0,0.0,0,0.0
YDR340W,0.0,0.0,0.0,0,0.0
YER048C,0.0,0.0,0.0,0,0.0
YGL042C,0.11948051948051948,0.0,4.0,0,0.11948051948051948
YDR344C,0.0,0.0,0.0,0,0.0
YDR345C,0.0,0.0,0.0,0,0.0
YDR346C,0.0,0.0,0.0,0,0.0
YLR077W,0.0,0.0,0.0,0,0.0
YDR349C,0.0,0.0,0.0,0,0.0
YLR099C,0.0,0.0,0.0,0,0.0
YDR350C,0.0,0.0,0.0,0,0.0
YDR351W,0.0,0.0,0.0,0,0.0
YNL070W,0.0,0.0,0.0,0,0.0
YDR357C,0.0,0.0,0.0,0,0.0
YGL079W,0.0,0.0,0.0,0,0.0
YDR359C,1.6570354870589177,44.0,18.0,0,1.6570354870589177
YFL024C,3.7085499504895365,98.9,55.5,1,3.7085499504895365
YDR361C,0.0,0.0,0.0,1,0.0
YJL207C,0.0,0.0,0.0,0,0.0
YDR366C,0.0,0.0,0.0,0,0.0
YHR065C,0.0,0.0,0.0,1,0.0
YDR370C,0.0,0.0,0.0,0,0.0
YDR371W,0.0,0.0,0.0,0,0.0
YJL053W,1.7034632034632033,8.742857142857144,0.0,0,1.7034632034632033
YDR373W,0.0,0.0,0.0,1,0.0
YDR374C,0.0,0.0,0.0,0,0.0
YIR024C,0.0,0.0,0.0,0,0.0
YGL251C,0.0,0.0,0.0,0,0.0
YJL139C,0.0,0.0,0.0,0,0.0
YLR053C,0.0,0.0,0.0,0,0.0
YMR221C,0.0,0.0,0.0,0,0.0
YOR320C,0.20259740259740258,10.666666666666666,4.944444444444445,0,0.20259740259740258
YOR382W,0.0,0.0,0.0,0,0.0
YKL214C,0.3135477573495906,3.333333333333333,19.333333333333332,0,0.3135477573495906
YOL104C,0.0,0.0,0.0,0,0.0
YPL002C,0.5833333333333333,2.25,2.0,0,0.5833333333333333
YNR060W,0.0,0.0,0.0,0,0.0
YFR001W,0.17733142037302724,6.477722277722278,13.166666666666668,0,0.17733142037302724
YGR264C,0.0,0.0,0.0,1,0.0
YHR143W-A,0.1196492565764392,8.0485347985348,2.25,1,0.1196492565764392
YML074C,0.19835162446353266,2.0,2.9166666666666665,0,0.19835162446353266
YNL024C,0.0,0.0,0.0,0,0.0
YPL108W,0.0,0.0,0.0,0,0.0
YPL127C,0.04642857142857143,0.0,1.0,0,0.04642857142857143
YDR387C,0.0,0.0,0.0,0,0.0
YOR292C,0.0,0.0,0.0,0,0.0
YDR515W,0.0,0.0,0.0,0,0.0
YGL026C,0.014141613924050632,8.0,0.0,0,0.014141613924050632
YGL226W,0.0,0.0,0.0,0,0.0
YJL085W,0.0,0.0,0.0,1,0.0
YJL133W,0.06439024390243903,2.5,2.0,0,0.06439024390243903
YJL195C,0.0,0.0,0.0,1,0.0
YLR243W,0.020413620966304155,2.5,0.0,1,0.020413620966304155
YLR436C,0.0,0.0,0.0,0,0.0
YMR003W,0.0,0.0,0.0,0,0.0
YMR068W,0.7500941252839988,26.25,11.091666666666669,0,0.7500941252839988
YMR162C,0.04169676381190774,0.0,2.75,0,0.04169676381190774
YOR004W,0.0,0.0,0.0,1,0.0
YOR042W,0.020413620966304155,1.6666666666666667,2.0,0,0.020413620966304155
YPL135C-A,0.0,0.0,0.0,0,0.0
YPR081C,0.020413620966304155,1.25,2.0,0,0.020413620966304155
YPR095C,0.0,0.0,0.0,0,0.0
YDR390C,0.36187423687423687,5.7681818181818185,0.0,1,0.36187423687423687
YPR180W,0.16346153846153846,2.75,0.0,1,0.16346153846153846
YDR392W,0.8058363711526175,15.533823529411766,15.0,0,0.8058363711526175
YGL074C,0.0,0.0,0.0,1,0.0
YDR397C,0.0,0.0,0.0,1,0.0
YER159C,0.0,0.0,0.0,1,0.0
YLR336C,0.0,0.0,0.0,1,0.0
YPL216W,0.0,0.0,0.0,0,0.0
YDR403W,0.0,0.0,0.0,0,0.0
YKR053C,0.0,0.0,0.0,0,0.0
YGR063C,0.13392857142857142,0.6,2.0,0,0.13392857142857142
YDR405W,0.0,0.0,0.0,0,0.0
YDR410C,0.06068376068376069,2.6,4.5,0,0.06068376068376069
YDR412W,0.020178274071897345,3.5,2.0,1,0.020178274071897345
YDR413C,0.0,0.0,0.0,1,0.0
YGR151C,0.0,0.0,0.0,0,0.0
YDR503C,0.0,0.0,0.0,0,0.0
YEL004W,0.0529616724738676,0.8,2.25,0,0.0529616724738676
YFL040W,0.04878048780487805,2.0,0.0,0,0.04878048780487805
YGL259W,0.04878048780487805,0.0,0.0,0,0.0
YJL193W,0.0,0.0,0.0,0,0.0
YLL056C,0.06786850477200423,4.5,0.0,0,0.06786850477200423
YMR292W,0.06786850477200423,2.05,4.5,0,0.06786850477200423
YNL326C,0.0,0.0,0.0,0,0.0
YNR026C,0.06786850477200423,9.0,3.0,1,0.06786850477200423
YOL075C,0.0,0.0,0.0,0,0.0
YOR305W,0.0,0.0,0.0,0,0.0
YGR129W,1.5094239094239095,2.017857142857143,16.0,0,1.5094239094239095
YJR050W,1.5094239094239095,3.5,8.25,0,1.5094239094239095
YPL077C,0.0,0.0,0.0,0,0.0
YPR101W,1.079956715250833,12.333333333333334,14.5,1,1.079956715250833
YDR424C,0.0,0.0,0.0,0,0.0
YPL280W,0.0,0.0,0.0,0,0.0
YNR059W,0.0,0.0,0.0,0,0.0
YDR428C,0.0,0.0,0.0,0,0.0
YDR433W,0.0,0.0,0.0,0,0.0
YDR435C,0.0,0.0,0.0,0,0.0
YFR003C,0.15656565656565657,0.5,0.0,1,0.15656565656565657
YKL088W,0.15656565656565657,0.0,0.0,1,0.0
YKR072C,0.15656565656565657,0.4444444444444444,0.0,0,0.15656565656565657
YMR311C,0.15656565656565657,1.0,0.0,0,0.15656565656565657
YOR054C,0.15656565656565657,0.0,0.0,0,0.0
YPR005C,0.15656565656565657,1.3333333333333333,0.0,0,0.15656565656565657
YML022W,0.0,0.0,0.0,0,0.0
YDR445C,0.0,0.0,0.0,0,0.0
YDR446W,0.0,0.0,0.0,0,0.0
YFL031W,0.0,0.0,0.0,0,0.0
YDR450W,0.0,0.0,0.0,0,0.0
YDR452W,0.0,0.0,0.0,0,0.0
YIL039W,0.0,0.0,0.0,0,0.0
YOR031W,0.0,0.0,0.0,0,0.0
YLL046C,0.0,0.0,0.0,0,0.0
YLR173W,0.0,0.0,0.0,0,0.0
YNR056C,0.0,0.0,0.0,0,0.0
YPL092W,0.0,0.0,0.0,0,0.0
YDR464W,0.0,0.0,0.0,1,0.0
YJR021C,0.0,0.0,0.0,0,0.0
YHR088W,1.3558638397887892,34.33333333333333,18.75,1,1.3558638397887892
YOR201C,0.08897243107769423,3.333333333333333,0.0,0,0.08897243107769423
YEL005C,0.0,0.0,0.0,0,0.0
YDR475C,0.0,0.0,0.0,0,0.0
YJL089W,0.21678187403993854,1.25,23.583333333333332,0,0.21678187403993854
YNL218W,0.0,0.0,0.0,0,0.0
YHR039C,0.0,0.0,0.0,0,0.0
YGL028C,0.0,0.0,0.0,0,0.0
YDR483W,0.0,0.0,0.0,0,0.0
YDR487C,0.0,0.0,0.0,1,0.0
YIL135C,0.0,0.0,0.0,0,0.0
YOR172W,0.0,0.0,0.0,0,0.0
YFR043C,0.0,0.0,0.0,0,0.0
YJL072C,0.0,0.0,0.0,1,0.0
YDR490C,0.20202020202020202,2.5,0.0,0,0.20202020202020202
YHR207C,0.0,0.0,0.0,0,0.0
YLR466W,0.0,0.0,0.0,0,0.0
YDR492W,0.0,0.0,0.0,0,0.0
YJR067C,0.0,0.0,0.0,1,0.0
YDR498C,0.5273809523809524,4.527777777777778,3.9166666666666665,1,0.5273809523809524
YGL145W,0.34285714285714286,1.3333333333333333,2.0,1,0.34285714285714286
YDR500C,0.0,0.0,0.0,0,0.0
YPL125W,0.10401673740252462,4.152380952380953,8.0,1,0.10401673740252462
YER049W,0.0,0.0,0.0,0,0.0
YNR074C,0.0,0.0,0.0,0,0.0
YDR504C,0.0,0.0,0.0,0,0.0
YMR211W,0.0,0.0,0.0,1,0.0
YOL034W,0.0,0.0,0.0,1,0.0
YOR156C,0.07777777777777778,5.843137254901961,0.0,0,0.07777777777777778
YDR511W,0.0,0.0,0.0,0,0.0
YDR512C,0.0,0.0,0.0,0,0.0
YDR514C,0.0,0.0,0.0,0,0.0
YNL173C,0.0,0.0,0.0,0,0.0
YGR169C,0.0,0.0,0.0,0,0.0
YDR517W,0.0,0.0,0.0,0,0.0
YKR034W,0.5132275132275133,5.0,37.2,0,0.5132275132275133
YDR524C,0.0,0.0,0.0,0,0.0
YDR526C,0.0,0.0,0.0,1,0.0
YDR527W,0.0,0.0,0.0,1,0.0
YDR528W,0.0,0.0,0.0,0,0.0
YDR530C,0.0,0.0,0.0,0,0.0
YDR531W,0.0,0.0,0.0,1,0.0
YHR079C,0.0,0.0,0.0,0,0.0
YKL194C,0.0,0.0,0.0,0,0.0
YDR533C,0.0,0.0,0.0,0,0.0
YMR010W,0.0,0.0,0.0,0,0.0
YDR534C,0.0,0.0,0.0,0,0.0
YDR536W,0.0,0.0,0.0,0,0.0
YDR538W,0.0,0.0,0.0,0,0.0
YDR541C,0.0,0.0,0.0,0,0.0
YOR187W,0.0,0.0,0.0,0,0.0
YDR545W,0.0,0.0,0.0,0,0.0
YPR011C,0.0,0.0,0.0,0,0.0
YEL003W,0.4444444444444444,0.0,0.0,0,0.0
YLR200W,0.9615929705215418,5.976190476190476,4.5,0,0.9615929705215418
YML094W,1.4166666666666665,6.155844155844156,0.0,0,1.4166666666666665
YGR107W,0.0,0.0,0.0,0,0.0
YEL006W,0.0,0.0,0.0,0,0.0
YEL008W,0.0,0.0,0.0,0,0.0
YHR145C,0.0,0.0,0.0,0,0.0
YEL011W,0.0,0.0,0.0,0,0.0
YEL012W,0.0,0.0,0.0,0,0.0
YLR254C,0.0,0.0,0.0,0,0.0
YPR185W,0.4059467918622848,6.285714285714286,21.333333333333336,0,0.4059467918622848
YGR116W,0.3707402739379484,4.347619047619047,2.0,1,0.3707402739379484
YJR140C,0.0,0.0,0.0,0,0.0
YEL016C,0.0,0.0,0.0,0,0.0
YMR299C,0.0,0.0,0.0,0,0.0
YGR121C,0.14090909090909093,0.0,4.0,0,0.14090909090909093
YKL063C,0.0,0.0,0.0,0,0.0
YPL244C,0.0,0.0,0.0,0,0.0
YEL018W,0.10772357723577236,0.0,2.0,0,0.10772357723577236
YEL019C,0.0,0.0,0.0,1,0.0
YEL020C,0.0,0.0,0.0,0,0.0
YHR174W,0.0,0.0,0.0,0,0.0
YLR207W,0.4841269841269841,2.2976190476190474,3.583333333333333,0,0.4841269841269841
YHR080C,0.0,0.0,0.0,0,0.0
YPL050C,0.0,0.0,0.0,0,0.0
YER143W,0.052380952380952375,1.3636363636363635,1.3333333333333333,0,0.052380952380952375
YER162C,0.6011904761904763,7.625,6.0,0,0.6011904761904763
YIL143C,0.3072553017572994,4.0,11.5,1,0.3072553017572994
YLR441C,0.0,0.0,0.0,0,0.0
YEL038W,0.0,0.0,0.0,0,0.0
YEL039C,0.0,0.0,0.0,0,0.0
YJR049C,0.0,0.0,0.0,1,0.0
YER073W,0.0,0.0,0.0,0,0.0
YJL152W,0.33904761904761904,2.017857142857143,2.0,0,0.33904761904761904
YLR250W,0.0,0.0,0.0,0,0.0
YEL046C,0.0,0.0,0.0,0,0.0
YNL220W,0.0,0.0,0.0,0,0.0
YEL048C,0.0,0.0,0.0,0,0.0
YIL136W,0.0,0.0,0.0,0,0.0
YEL049W,0.0,0.0,0.0,0,0.0
YOL039W,0.0,0.0,0.0,0,0.0
YEL057C,0.0,0.0,0.0,0,0.0
YEL058W,0.0,0.0,0.0,1,0.0
YEL059W,0.0,0.0,0.0,0,0.0
YJR130C,0.0,0.0,0.0,0,0.0
YLR454W,0.0,0.0,0.0,1,0.0
YOR138C,0.0,0.0,0.0,0,0.0
YGR057C,0.0,0.0,0.0,0,0.0
YOR161C,0.0,0.0,0.0,0,0.0
YOR345C,0.0,0.0,0.0,0,0.0
YIR034C,0.18639710356577827,4.511111111111111,10.5,0,0.18639710356577827
YEL066W,0.05898528465822393,25.0,3.0,0,0.05898528465822393
YPL112C,0.0,0.0,0.0,0,0.0
YLR225C,0.0,0.0,0.0,0,0.0
YEL071W,0.0,0.0,0.0,0,0.0
YEL072W,0.0,0.0,0.0,0,0.0
YEL074W,0.0,0.0,0.0,0,0.0
YEL075C,0.0,0.0,0.0,0,0.0
YER002W,0.069121021902737,11.333333333333332,7.416666666666667,0,0.069121021902737
YER004W,0.0,0.0,0.0,0,0.0
YJR014W,0.0,0.0,0.0,0,0.0
YJL120W,0.0,0.0,0.0,0,0.0
YOR349W,0.0,0.0,0.0,0,0.0
YER010C,0.0,0.0,0.0,0,0.0
YOR274W,0.0,0.0,0.0,0,0.0
YKL206C,0.0,0.0,0.0,0,0.0
YLR199C,0.0,0.0,0.0,0,0.0
YKR066C,0.38888888888888884,1.6,2.0,0,0.38888888888888884
YMR089C,0.38888888888888884,0.625,2.0,0,0.38888888888888884
YER104W,0.0,0.0,0.0,1,0.0
YPR065W,0.0,0.0,0.0,0,0.0
YOR371C,0.23333333333333334,12.1,9.333333333333334,0,0.23333333333333334
YPL036W,0.0,0.0,0.0,0,0.0
YFR038W,0.0,0.0,0.0,0,0.0
YGL027C,0.20925925925925926,0.0,2.25,0,0.20925925925925926
YGR243W,0.0,0.0,0.0,0,0.0
YHL005C,0.0,0.0,0.0,0,0.0
YHL044W,0.0,0.0,0.0,0,0.0
YHL045W,0.0,0.0,0.0,0,0.0
YHR116W,0.0,0.0,0.0,0,0.0
YIL078W,0.03051537070524412,0.0,9.0,1,0.03051537070524412
YJL142C,0.0,0.0,0.0,0,0.0
YJR148W,0.06808278867102396,0.6666666666666666,0.0,0,0.06808278867102396
YKL051W,0.0,0.0,0.0,0,0.0
YKR093W,0.0,0.0,0.0,0,0.0
YLL020C,0.0,0.0,0.0,0,0.0
YLL065W,0.023544973544973542,0.0,0.0,0,0.0
YML082W,0.0,0.0,0.0,0,0.0
YMR039C,0.0,0.0,0.0,0,0.0
YMR087W,0.0,0.0,0.0,0,0.0
YMR114C,0.0,0.0,0.0,0,0.0
YMR118C,0.0,0.0,0.0,0,0.0
YMR293C,0.0,0.0,0.0,0,0.0
YNL073W,0.0,0.0,0.0,0,0.0
YNL159C,0.0,0.0,0.0,0,0.0
YNL211C,0.0,0.0,0.0,0,0.0
YNL235C,0.0,0.0,0.0,0,0.0
YNL301C,0.019463340891912317,0.0,2.0,0,0.019463340891912317
YNR024W,0.0,0.0,0.0,0,0.0
YOL022C,0.0,0.0,0.0,1,0.0
YOL042W,0.0,0.0,0.0,0,0.0
YOL106W,0.0,0.0,0.0,0,0.0
YOR072W,0.0,0.0,0.0,0,0.0
YOR143C,0.0,0.0,0.0,1,0.0
YOR334W,0.0,0.0,0.0,0,0.0
YOR336W,0.0,0.0,0.0,1,0.0
YPL053C,0.0,0.0,0.0,0,0.0
YPL098C,0.022246272246272247,1.25,4.5,0,0.022246272246272247
YLR215C,0.25765389082462253,6.2,2.0,1,0.25765389082462253
YLR220W,0.0,0.0,0.0,1,0.0
YER030W,0.0,0.0,0.0,0,0.0
YNL146W,0.0,0.0,0.0,0,0.0
YOR070C,0.0,0.0,0.0,0,0.0
YLR456W,0.0,0.0,0.0,0,0.0
YER033C,0.13027344157870113,0.0,5.666666666666667,0,0.13027344157870113
YGR206W,0.0,0.0,0.0,0,0.0
YNL142W,0.0,0.0,0.0,0,0.0
YER037W,0.0,0.0,0.0,0,0.0
YML023C,0.0,0.0,0.0,1,0.0
YPL051W,0.0,0.0,0.0,0,0.0
YER045C,0.0,0.0,0.0,0,0.0
YGR247W,0.0,0.0,0.0,0,0.0
YOR059C,0.0,0.0,0.0,0,0.0
YPL205C,0.0,0.0,0.0,0,0.0
YGR271W,0.0,0.0,0.0,0,0.0
YER051W,0.0,0.0,0.0,0,0.0
YLR121C,0.0,0.0,0.0,0,0.0
YKR079C,0.0,0.0,0.0,1,0.0
YLR326W,0.0,0.0,0.0,0,0.0
YER055C,0.0,0.0,0.0,0,0.0
YER058W,0.0,0.0,0.0,0,0.0
YMR165C,0.0,0.0,0.0,0,0.0
YOR392W,0.0,0.0,0.0,0,0.0
YER061C,0.0,0.0,0.0,0,0.0
YPL073C,0.0,0.0,0.0,0,0.0
YHL032C,0.0,0.0,0.0,0,0.0
YPL201C,0.0,0.0,0.0,0,0.0
YOR333C,0.18992248062015504,0.0,0.0,0,0.0
YPL172C,0.0,0.0,0.0,0,0.0
YPL212C,0.03807471264367816,0.0,4.0,0,0.03807471264367816
YPR125W,0.0,0.0,0.0,1,0.0
YER065C,0.0,0.0,0.0,0,0.0
YER066W,0.0,0.0,0.0,0,0.0
YMR154C,0.1356382978723404,0.0,0.0,0,0.0
YER069W,0.0,0.0,0.0,0,0.0
YER070W,0.07670454545454546,13.0,4.5,1,0.07670454545454546
YOR171C,0.0,0.0,0.0,0,0.0
YPL032C,0.0,0.0,0.0,0,0.0
YPL257W,0.0,0.0,0.0,0,0.0
YER076C,0.0,0.0,0.0,0,0.0
YER077C,0.0,0.0,0.0,0,0.0
YFL027C,0.0,0.0,0.0,0,0.0
YML036W,0.7005649717514124,9.2,3.9166666666666665,0,0.7005649717514124
YER079W,0.11204819277108434,0.0,0.0,0,0.0
YFR017C,0.0,0.0,0.0,0,0.0
YGL039W,0.0,0.0,0.0,0,0.0
YGL096W,0.05699177438307873,2.5,4.5,0,0.05699177438307873
YGL110C,0.0,0.0,0.0,0,0.0
YGR293C,0.0,0.0,0.0,0,0.0
YHR215W,0.0,0.0,0.0,0,0.0
YIL044C,0.0,0.0,0.0,0,0.0
YIL074C,0.0,0.0,0.0,0,0.0
YKR073C,0.0,0.0,0.0,0,0.0
YLR151C,0.0,0.0,0.0,0,0.0
YNR042W,0.0,0.0,0.0,0,0.0
YOR189W,0.0,0.0,0.0,0,0.0
YOR222W,0.0,0.0,0.0,0,0.0
YOR246C,0.0,0.0,0.0,0,0.0
YOR258W,0.0,0.0,0.0,0,0.0
YOR263C,0.0,0.0,0.0,0,0.0
YOR300W,0.0,0.0,0.0,0,0.0
YOR318C,0.0,0.0,0.0,0,0.0
YOR387C,0.0,0.0,0.0,0,0.0
YPL229W,0.0,0.0,0.0,0,0.0
YPR046W,0.0,0.0,0.0,0,0.0
YPR134W,0.0,0.0,0.0,0,0.0
YPR137C-B,0.0,0.0,0.0,0,0.0
YPR149W,0.0,0.0,0.0,0,0.0
YJL135W,0.0,0.0,0.0,0,0.0
YPR112C,0.0,0.0,0.0,1,0.0
YMR038C,0.0,0.0,0.0,0,0.0
YOR383C,0.0,0.0,0.0,0,0.0
YMR233W,0.0,0.0,0.0,0,0.0
YPL238C,0.0,0.0,0.0,1,0.0
YER096W,0.0,0.0,0.0,0,0.0
YER099C,0.5277777777777778,3.083333333333333,2.0,0,0.5277777777777778
YKL205W,0.07919254658385093,5.9,8.125,1,0.07919254658385093
YGL065C,0.0,0.0,0.0,1,0.0
YPR001W,0.0,0.0,0.0,0,0.0
YHL008C,0.0,0.0,0.0,0,0.0
YER109C,0.0,0.0,0.0,0,0.0
YOL127W,0.0,0.0,0.0,1,0.0
YER111C,0.26315789473684215,4.587301587301587,0.0,0,0.26315789473684215
YIL029C,0.0,0.0,0.0,0,0.0
YKL209C,0.0512987012987013,1.8,4.5,0,0.0512987012987013
YLL032C,0.0,0.0,0.0,0,0.0
YLR269C,0.03624078624078624,2.1666666666666665,4.0,0,0.03624078624078624
YNL091W,0.0,0.0,0.0,0,0.0
YOR219C,0.0,0.0,0.0,0,0.0
YPL272C,0.0,0.0,0.0,0,0.0
YGL085W,0.0,0.0,0.0,0,0.0
YGR257C,0.0,0.0,0.0,0,0.0
YHR143W,0.0,0.0,0.0,0,0.0
YJL062W,0.0,0.0,0.0,0,0.0
YMR065W,0.13636363636363635,0.0,1.9444444444444444,0,0.13636363636363635
YNR033W,0.0,0.0,0.0,0,0.0
YER119C,0.0,0.0,0.0,0,0.0
YKL055C,0.0,0.0,0.0,0,0.0
YLR305C,0.0,0.0,0.0,1,0.0
YNL027W,0.2222222222222222,0.0,0.0,0,0.0
YER121W,0.0,0.0,0.0,0,0.0
YER176W,0.0,0.0,0.0,0,0.0
YHR003C,0.0,0.0,0.0,0,0.0
YFR022W,0.0,0.0,0.0,0,0.0
YHR097C,0.0,0.0,0.0,0,0.0
YKL020C,0.0,0.0,0.0,0,0.0
YKR018C,0.0,0.0,0.0,0,0.0
YLR392C,0.019977672013631823,0.0,0.0,0,0.0
YML111W,0.1334033613445378,0.0,9.333333333333334,0,0.1334033613445378
YMR171C,0.0,0.0,0.0,0,0.0
YMR275C,0.06401249024199844,5.571428571428571,4.0,0,0.06401249024199844
YOR018W,0.0656084656084656,4.880952380952381,0.0,0,0.0656084656084656
YOR340C,0.08193979933110368,0.0,2.0,1,0.08193979933110368
YOR385W,0.0,0.0,0.0,0,0.0
YHR204W,0.0,0.0,0.0,0,0.0
YER128W,0.0,0.0,0.0,0,0.0
YPR173C,0.26785714285714285,0.5,4.5,0,0.26785714285714285
YLR420W,0.0,0.0,0.0,0,0.0
YER131W,0.0,0.0,0.0,0,0.0
YLR435W,0.0,0.0,0.0,0,0.0
YHR100C,0.0,0.0,0.0,0,0.0
YOR227W,0.05596557913631084,19.0,13.333333333333334,0,0.05596557913631084
YPL137C,0.0,0.0,0.0,1,0.0
YFL005W,0.7193387881468377,65.5,16.0,1,0.7193387881468377
YGL210W,0.21145510835913311,0.0,6.5,0,0.21145510835913311
YER137C,0.0,0.0,0.0,0,0.0
YER139C,0.0,0.0,0.0,0,0.0
YOR034C,0.0,0.0,0.0,0,0.0
YIL056W,0.0,0.0,0.0,0,0.0
YFL066C,0.07619047619047618,0.0,0.0,0,0.0
YPL090C,0.0,0.0,0.0,0,0.0
YKL058W,0.7840579710144927,16.5,6.25,1,0.7840579710144927
YNL039W,0.6177840434419383,24.33368983957219,5.0,1,0.6177840434419383
YOR194C,0.7840579710144927,10.65,6.25,1,0.7840579710144927
YIL040W,0.0,0.0,0.0,0,0.0
YKL034W,0.0,0.0,0.0,0,0.0
YER152C,0.0,0.0,0.0,0,0.0
YJL107C,0.0,0.0,0.0,0,0.0
YER153C,0.0,0.0,0.0,0,0.0
YGR222W,0.0,0.0,0.0,0,0.0
YJL170C,0.0,0.0,0.0,0,0.0
YOR121C,0.0,0.0,0.0,0,0.0
YGR080W,0.0,0.0,0.0,0,0.0
YHL031C,0.14090909090909093,2.0,2.9166666666666665,0,0.14090909090909093
YPR105C,0.5448356807511737,11.88034188034188,6.333333333333333,1,0.5448356807511737
YPL253C,0.0,0.0,0.0,0,0.0
YLR389C,0.0,0.0,0.0,0,0.0
YLR167W,0.0,0.0,0.0,1,0.0
YER163C,0.0,0.0,0.0,0,0.0
YNL255C,0.0,0.0,0.0,0,0.0
YER166W,0.0,0.0,0.0,0,0.0
YGR229C,0.0,0.0,0.0,0,0.0
YER168C,0.0,0.0,0.0,1,0.0
YER169W,0.0,0.0,0.0,0,0.0
YPL071C,0.0,0.0,0.0,0,0.0
YER170W,0.0,0.0,0.0,0,0.0
YOR142W,0.0,0.0,0.0,0,0.0
YHR156C,0.0641025641025641,0.0,2.0,0,0.0641025641025641
YHR079C-A,0.0,0.0,0.0,0,0.0
YER174C,0.18361581920903955,2.225,0.0,0,0.18361581920903955
YER175C,0.0,0.0,0.0,0,0.0
YLR158C,0.20806451612903226,2.083333333333333,0.0,0,0.20806451612903226
YIL028W,0.0,0.0,0.0,0,0.0
YKL140W,0.018607442977190875,0.0,0.0,0,0.0
YKL124W,0.0,0.0,0.0,0,0.0
YGR085C,0.0,0.0,0.0,0,0.0
YJL125C,0.0,0.0,0.0,1,0.0
YNL013C,0.0,0.0,0.0,0,0.0
YER180C,0.0,0.0,0.0,0,0.0
YER181C,0.0,0.0,0.0,0,0.0
YER184C,0.0,0.0,0.0,0,0.0
YER186C,0.0,0.0,0.0,0,0.0
YER188W,0.0,0.0,0.0,0,0.0
YFL002C,0.09824604540611426,3.2,3.0,1,0.09824604540611426
YNL272C,0.0,0.0,0.0,1,0.0
YKL159C,0.0,0.0,0.0,0,0.0
YPL059W,0.16025641025641024,1.5555555555555556,6.0,0,0.16025641025641024
YFL011W,0.0,0.0,0.0,0,0.0
YFL012W,0.08263736263736264,2.023809523809524,0.0,0,0.08263736263736264
YJR084W,0.0,0.0,0.0,0,0.0
YPR057W,0.05756578947368421,3.0,9.333333333333334,0,0.05756578947368421
YJR051W,0.0,0.0,0.0,0,0.0
YGR072W,0.20535714285714285,0.0,4.5,0,0.20535714285714285
YFL021W,0.08966861598440545,0.0,0.0,0,0.0
YLR068W,0.0,0.0,0.0,0,0.0
YLR060W,0.0,0.0,0.0,1,0.0
YFL026W,0.0,0.0,0.0,0,0.0
YGR141W,0.0,0.0,0.0,0,0.0
YIL077C,0.0,0.0,0.0,0,0.0
YIR016W,0.0946843853820598,2.05,0.0,0,0.0946843853820598
YFL034W,0.0,0.0,0.0,0,0.0
YFL036W,0.0,0.0,0.0,0,0.0
YMR228W,0.0,0.0,0.0,0,0.0
YOR265W,0.01400089605734767,0.0,0.0,0,0.0
YIL138C,0.0,0.0,0.0,0,0.0
YOR122C,0.12126315789473684,2.0296052631578947,10.333333333333334,1,0.12126315789473684
YLR349W,0.0,0.0,0.0,0,0.0
YMR266W,0.0,0.0,0.0,0,0.0
YFL042C,0.08473557692307693,2.225,0.9,0,0.08473557692307693
YFL044C,0.0,0.0,0.0,0,0.0
YOL152W,0.0,0.0,0.0,0,0.0
YFL050C,0.0,0.0,0.0,0,0.0
YFL051C,0.0,0.0,0.0,0,0.0
YKL026C,0.0,0.0,0.0,0,0.0
YNL316C,0.0,0.0,0.0,0,0.0
YFL052W,0.0,0.0,0.0,0,0.0
YOR366W,0.0,0.0,0.0,0,0.0
YFL054C,0.0,0.0,0.0,0,0.0
YFL056C,0.0,0.0,0.0,0,0.0
YFL060C,0.3111111111111111,3.5,0.0,0,0.3111111111111111
YMR095C,0.9079365079365079,4.1,0.0,0,0.9079365079365079
YMR096W,1.873015873015873,6.200000000000001,0.0,0,1.873015873015873
YMR322C,0.9079365079365079,2.9,0.0,0,0.9079365079365079
YNL334C,0.25396825396825395,0.0,0.0,0,0.0
YFL061W,0.0,0.0,0.0,0,0.0
YOR071C,0.0,0.0,0.0,0,0.0
YOR079C,0.0,0.0,0.0,0,0.0
YOR092W,0.0,0.0,0.0,0,0.0
YFL063W,0.0,0.0,0.0,0,0.0
YFL065C,0.0,0.0,0.0,0,0.0
YLR415C,0.0,0.0,0.0,0,0.0
YFL067W,0.0,0.0,0.0,0,0.0
YIL149C,0.0,0.0,0.0,0,0.0
YLR178C,0.30263157894736836,4.964285714285714,12.0,0,0.30263157894736836
YIL064W,0.0,0.0,0.0,0,0.0
YOR147W,0.0,0.0,0.0,0,0.0
YPL179W,0.2557142857142857,1.75,0.0,0,0.2557142857142857
YIR011C,0.0,0.0,0.0,1,0.0
YFR006W,0.0,0.0,0.0,0,0.0
YLR395C,0.0,0.0,0.0,0,0.0
YFR011C,0.0,0.0,0.0,0,0.0
YKL119C,0.18333333333333335,1.0,0.0,0,0.18333333333333335
YJL137C,0.4401515151515151,8.0,0.0,0,0.4401515151515151
YPL219W,0.29754901960784313,1.3333333333333333,0.0,0,0.29754901960784313
YOR010C,0.0,0.0,0.0,0,0.0
YJL212C,0.0,0.0,0.0,0,0.0
YFR018C,0.0,0.0,0.0,0,0.0
YLR094C,0.0,0.0,0.0,0,0.0
YNL242W,0.0,0.0,0.0,0,0.0
YGR241C,0.2725572119743156,0.0,2.75,0,0.2725572119743156
YHL027W,0.0,0.0,0.0,0,0.0
YHR182W,0.0,0.0,0.0,0,0.0
YJL045W,0.0,0.0,0.0,0,0.0
YLR422W,0.0,0.0,0.0,0,0.0
YNL065W,0.0,0.0,0.0,0,0.0
YOL107W,0.0,0.0,0.0,0,0.0
YOR247W,0.12056142559456562,2.5,2.0,0,0.12056142559456562
YPR097W,0.0,0.0,0.0,0,0.0
YFR026C,0.0,0.0,0.0,0,0.0
YMR076C,0.0,0.0,0.0,1,0.0
YKL001C,0.04071969696969697,0.0,0.0,0,0.0
YKL150W,0.0,0.0,0.0,0,0.0
YNL001W,0.026289682539682536,0.0,0.0,0,0.0
YOR032C,0.0,0.0,0.0,0,0.0
YOR093C,0.02796052631578947,0.0,10.133333333333335,0,0.02796052631578947
YPR042C,0.0,0.0,0.0,0,0.0
YPR069C,0.0,0.0,0.0,0,0.0
YFR029W,0.0,0.0,0.0,1,0.0
YFR033C,0.0,0.0,0.0,0,0.0
YJR031C,0.0,0.0,0.0,0,0.0
YML127W,0.0,0.0,0.0,1,0.0
YFR039C,0.0,0.0,0.0,0,0.0
YFR042W,0.0,0.0,0.0,1,0.0
YNR025C,0.0,0.0,0.0,0,0.0
YFR045W,0.0,0.0,0.0,0,0.0
YKR067W,0.08601398601398602,1.1428571428571428,8.0,0,0.08601398601398602
YJR133W,0.0,0.0,0.0,0,0.0
YGL005C,0.0,0.0,0.0,0,0.0
YNL328C,0.0,0.0,0.0,0,0.0
YGL009C,0.0,0.0,0.0,0,0.0
YGL010W,0.0,0.0,0.0,0,0.0
YPL144W,1.3762626262626265,11.2,16.0,0,1.3762626262626265
YGL014W,0.0,0.0,0.0,1,0.0
YNL231C,0.0,0.0,0.0,0,0.0
YGL015C,0.0,0.0,0.0,0,0.0
YGL017W,0.0,0.0,0.0,0,0.0
YGL018C,0.0,0.0,0.0,1,0.0
YMR172W,0.43587301587301586,10.244444444444444,0.0,0,0.43587301587301586
YNL087W,0.0,0.0,0.0,0,0.0
YGL021W,0.0,0.0,0.0,0,0.0
YLR133W,0.05555555555555555,7.333333333333333,0.0,0,0.05555555555555555
YGL023C,0.0,0.0,0.0,0,0.0
YGL024W,0.0,0.0,0.0,0,0.0
YNR002C,0.0,0.0,0.0,0,0.0
YGL029W,0.0,0.0,0.0,1,0.0
YGL030W,0.0,0.0,0.0,1,0.0
YGL032C,0.0,0.0,0.0,0,0.0
YPL025C,0.0,0.0,0.0,0,0.0
YGL037C,0.08865517612068657,2.2222222222222223,4.555555555555555,0,0.08865517612068657
YGL038C,0.0,0.0,0.0,0,0.0
YGL040C,0.021600315333070556,3.333333333333333,0.0,1,0.021600315333070556
YGR004W,0.2663980463980464,0.0,6.666666666666666,0,0.2663980463980464
YGL045W,0.0,0.0,0.0,0,0.0
YGL047W,0.0,0.0,0.0,1,0.0
YLL034C,0.2166740106938444,6.199999999999999,7.166666666666666,1,0.2166740106938444
YGL050W,0.0,0.0,0.0,0,0.0
YMR011W,0.0,0.0,0.0,0,0.0
YJL134W,0.0,0.0,0.0,0,0.0
YKL153W,0.0,0.0,0.0,1,0.0
YOL080C,0.0,0.0,0.0,0,0.0
YGL059W,0.0,0.0,0.0,0,0.0
YIL042C,0.0,0.0,0.0,0,0.0
YIR004W,0.0,0.0,0.0,1,0.0
YJL179W,0.0,0.0,0.0,0,0.0
YGL064C,0.0,0.0,0.0,0,0.0
YGL069C,0.0,0.0,0.0,1,0.0
YJL182C,0.0,0.0,0.0,0,0.0
YJL190C,0.0,0.0,0.0,0,0.0
YJR162C,0.0,0.0,0.0,0,0.0
YKL036C,0.0,0.0,0.0,1,0.0
YKL086W,0.0,0.0,0.0,0,0.0
YKL190W,0.0,0.0,0.0,0,0.0
YGL072C,0.0,0.0,0.0,0,0.0
YGL073W,0.0,0.0,0.0,1,0.0
YGL077C,0.0,0.0,0.0,0,0.0
YGL083W,0.0,0.0,0.0,0,0.0
YGL084C,0.0,0.0,0.0,1,0.0
YLR308W,0.0,0.0,0.0,0,0.0
YOL081W,0.0,0.0,0.0,0,0.0
YOR220W,0.04756335282651072,3.8777777777777778,0.0,0,0.04756335282651072
YHR036W,0.0,0.0,0.0,1,0.0
YGL094C,0.0,0.0,0.0,0,0.0
YKL025C,0.0,0.0,0.0,0,0.0
YOR364W,0.0,0.0,0.0,0,0.0
YLR440C,0.0,0.0,0.0,1,0.0
YGL102C,0.0,0.0,0.0,1,0.0
YHR194W,0.0,0.0,0.0,0,0.0
YGL225W,0.045714285714285714,4.166666666666667,1.125,1,0.045714285714285714
YPL270W,0.0,0.0,0.0,0,0.0
YJL222W-B,0.0,0.0,0.0,0,0.0
YMR227C,0.2944557133198107,4.564102564102564,3.0,1,0.2944557133198107
YGL113W,0.0,0.0,0.0,1,0.0
YGL114W,0.0,0.0,0.0,0,0.0
YJL114W,0.0,0.0,0.0,0,0.0
YML110C,0.0,0.0,0.0,0,0.0
YGL117W,0.0,0.0,0.0,0,0.0
YIL002C,0.0,0.0,0.0,0,0.0
YNL224C,0.0,0.0,0.0,0,0.0
YIL092W,0.0,0.0,0.0,0,0.0
YGL126W,0.0,0.0,0.0,0,0.0
YGL157W,0.0,0.0,0.0,0,0.0
YHR130C,0.0,0.0,0.0,0,0.0
YIL025C,0.0,0.0,0.0,0,0.0
YJL032W,0.0,0.0,0.0,1,0.0
YKL137W,0.0,0.0,0.0,0,0.0
YML133C,0.0,0.0,0.0,0,0.0
YMR072W,0.0,0.0,0.0,0,0.0
YMR202W,0.0,0.0,0.0,0,0.0
YNR028W,0.0,0.0,0.0,0,0.0
YOR162C,0.0,0.0,0.0,0,0.0
YOR289W,0.0,0.0,0.0,0,0.0
YOR377W,0.0,0.0,0.0,0,0.0
YPL064C,0.0,0.0,0.0,0,0.0
YKR058W,0.0,0.0,0.0,0,0.0
YGR202C,0.0,0.0,0.0,0,0.0
YHR018C,0.0,0.0,0.0,0,0.0
YKL204W,0.042123738481790254,2.2666666666666666,0.0,0,0.042123738481790254
YNL181W,0.0,0.0,0.0,1,0.0
YGL138C,0.0,0.0,0.0,0,0.0
YGL139W,0.0,0.0,0.0,0,0.0
YGL142C,0.0,0.0,0.0,1,0.0
YGL146C,0.0,0.0,0.0,0,0.0
YGL147C,0.0,0.0,0.0,0,0.0
YGL148W,0.0,0.0,0.0,0,0.0
YLR284C,0.34988496932515334,7.666666666666666,9.333333333333334,0,0.34988496932515334
YOL105C,0.0,0.0,0.0,0,0.0
YGL254W,0.0,0.0,0.0,0,0.0
YGL155W,0.0,0.0,0.0,1,0.0
YGL156W,0.6063285779428049,8.666666666666668,15.666666666666666,0,0.6063285779428049
YGR071C,0.2785714285714286,4.083333333333334,0.0,0,0.2785714285714286
YPL128C,0.2785714285714286,2.083333333333333,0.0,1,0.2785714285714286
YNL304W,0.21145510835913311,0.0,3.25,0,0.21145510835913311
YGL165C,0.0,0.0,0.0,0,0.0
YGL166W,0.0,0.0,0.0,1,0.0
YJL154C,1.7625291375291376,8.784415584415585,24.0,0,1.7625291375291376
YGL168W,0.0,0.0,0.0,0,0.0
YLL024C,0.22438733383592813,6.392765567765569,8.527777777777779,0,0.22438733383592813
YGL174W,0.0,0.0,0.0,0,0.0
YGL177W,0.0,0.0,0.0,0,0.0
YIL010W,0.0,0.0,0.0,0,0.0
YIL052C,0.0,0.0,0.0,0,0.0
YIL057C,0.0,0.0,0.0,0,0.0
YNR068C,0.0,0.0,0.0,0,0.0
YOR331C,0.0,0.0,0.0,0,0.0
YOR384W,0.0,0.0,0.0,0,0.0
YPL188W,0.0,0.0,0.0,0,0.0
YGL183C,0.0,0.0,0.0,0,0.0
YGL184C,0.0,0.0,0.0,0,0.0
YGL189C,0.01635258358662614,1.4,2.0,1,0.01635258358662614
YHR108W,0.057539682539682536,0.5714285714285714,4.5,0,0.057539682539682536
YJL050W,0.0,0.0,0.0,1,0.0
YGR138C,0.0,0.0,0.0,0,0.0
YGL204C,0.0,0.0,0.0,0,0.0
YMR209C,0.0,0.0,0.0,0,0.0
YPL106C,0.0,0.0,0.0,0,0.0
YGR231C,0.0,0.0,0.0,0,0.0
YMR053C,0.0,0.0,0.0,0,0.0
YGL214W,0.0,0.0,0.0,0,0.0
YGL217C,0.0,0.0,0.0,0,0.0
YLL029W,0.0,0.0,0.0,0,0.0
YGL221C,0.0,0.0,0.0,0,0.0
YGL222C,0.0,0.0,0.0,0,0.0
YJL178C,0.0,0.0,0.0,0,0.0
YJL211C,0.0,0.0,0.0,0,0.0
YKL110C,0.9166666666666665,5.2,3.0,0,0.9166666666666665
YOR090C,0.0,0.0,0.0,0,0.0
YOR298W,0.0,0.0,0.0,0,0.0
YGL236C,0.2557142857142857,2.321428571428571,0.0,1,0.2557142857142857
YMR023C,0.0,0.0,0.0,0,0.0
YGR267C,0.22766726724162517,4.424786324786325,0.0,1,0.22766726724162517
YNL063W,0.0,0.0,0.0,0,0.0
YPL166W,0.0,0.0,0.0,0,0.0
YPR085C,0.0,0.0,0.0,1,0.0
YGL242C,0.0,0.0,0.0,0,0.0
YOR048C,0.0,0.0,0.0,1,0.0
YGL247W,0.0,0.0,0.0,1,0.0
YLR146C,0.0,0.0,0.0,0,0.0
YGL258W,0.0,0.0,0.0,0,0.0
YJR020W,0.0,0.0,0.0,0,0.0
YHR090C,0.604691842175796,8.137254901960784,8.5,0,0.604691842175796
YLR297W,0.0,0.0,0.0,0,0.0
YMR183C,0.0,0.0,0.0,0,0.0
YGR010W,0.35286544850498336,4.5,9.833333333333332,0,0.35286544850498336
YIL009W,0.0,0.0,0.0,0,0.0
YGR017W,0.0,0.0,0.0,0,0.0
YGR021W,0.0,0.0,0.0,0,0.0
YGR023W,0.0,0.0,0.0,0,0.0
YLR460C,0.0,0.0,0.0,0,0.0
YGR024C,0.0,0.0,0.0,1,0.0
YIL082W,0.0,0.0,0.0,0,0.0
YGR026W,0.0,0.0,0.0,0,0.0
YGR028W,0.0,0.0,0.0,0,0.0
YLR067C,0.0,0.0,0.0,0,0.0
YGR029W,0.0,0.0,0.0,1,0.0
YKL084W,0.0,0.0,0.0,0,0.0
YGR031W,0.0,0.0,0.0,0,0.0
YOR118W,0.0,0.0,0.0,0,0.0
YPL251W,0.0,0.0,0.0,1,0.0
YGR042W,0.0,0.0,0.0,0,0.0
YGR045C,0.0,0.0,0.0,0,0.0
YOR271C,0.0,0.0,0.0,1,0.0
YGR046W,0.0,0.0,0.0,1,0.0
YLR257W,0.0,0.0,0.0,0,0.0
YJL086C,0.0,0.0,0.0,1,0.0
YPL060W,0.0,0.0,0.0,0,0.0
YGR053C,0.0,0.0,0.0,0,0.0
YOR097C,0.0,0.0,0.0,0,0.0
YJL129C,0.0,0.0,0.0,0,0.0
YJL202C,0.0,0.0,0.0,1,0.0
YGR064W,0.0,0.0,0.0,0,0.0
YGR065C,0.0,0.0,0.0,1,0.0
YJL199C,0.08312772294834178,4.533333333333333,0.0,0,0.08312772294834178
YHR109W,0.0,0.0,0.0,0,0.0
YIL008W,0.0,0.0,0.0,0,0.0
YKL149C,0.0,0.0,0.0,0,0.0
YGR073C,0.0,0.0,0.0,1,0.0
YKL183W,0.0,0.0,0.0,0,0.0
YGR076C,0.0,0.0,0.0,0,0.0
YGR079W,0.0,0.0,0.0,0,0.0
YNL081C,0.0,0.0,0.0,0,0.0
YNL138W-A,0.0,0.0,0.0,1,0.0
YNL003C,0.0,0.0,0.0,0,0.0
YNL131W,0.6428571428571428,4.683333333333334,3.0,1,0.6428571428571428
YGR251W,0.0,0.0,0.0,1,0.0
YGR088W,0.0,0.0,0.0,0,0.0
YLR003C,0.0,0.0,0.0,0,0.0
YKL170W,0.0,0.0,0.0,0,0.0
YNL241C,0.0,0.0,0.0,1,0.0
YHR081W,0.779040404040404,9.682983682983682,20.916666666666664,0,0.779040404040404
YGR100W,0.0,0.0,0.0,0,0.0
YGR101W,0.0,0.0,0.0,0,0.0
YJL213W,0.0,0.0,0.0,0,0.0
YPR143W,0.07186692506459948,15.000000000000002,0.0,1,0.07186692506459948
YOR368W,0.08712715855572999,0.0,4.5,0,0.08712715855572999
YGR110W,0.0,0.0,0.0,0,0.0
YOL151W,0.0,0.0,0.0,0,0.0
YJL064W,0.0,0.0,0.0,0,0.0
YLR329W,0.0,0.0,0.0,0,0.0
YPR045C,0.0,0.0,0.0,0,0.0
YGR114C,0.0,0.0,0.0,1,0.0
YGR115C,0.0,0.0,0.0,1,0.0
YPR133C,0.18992248062015504,1.7142857142857142,0.0,1,0.18992248062015504
YPR083W,0.11722488038277512,3.333333333333333,0.0,0,0.11722488038277512
YGR122W,0.0,0.0,0.0,0,0.0
YMR008C,0.0,0.0,0.0,0,0.0
YMR021C,0.0,0.0,0.0,0,0.0
YNL011C,0.0,0.0,0.0,0,0.0
YGR126W,0.0,0.0,0.0,0,0.0
YGR131W,0.0,0.0,0.0,0,0.0
YGR255C,0.0,0.0,0.0,0,0.0
YIL108W,0.0,0.0,0.0,0,0.0
YLR149C,0.0,0.0,0.0,0,0.0
YNL082W,0.12955465587044535,0.0,2.0,0,0.12955465587044535
YOL024W,0.0,0.0,0.0,0,0.0
YOR113W,0.0,0.0,0.0,0,0.0
YIL121W,0.0,0.0,0.0,0,0.0
YGR148C,0.0,0.0,0.0,0,0.0
YGR149W,0.0,0.0,0.0,0,0.0
YNL219C,0.0,0.0,0.0,0,0.0
YGR153W,0.0,0.0,0.0,0,0.0
YMR260C,0.0,0.0,0.0,1,0.0
YGR161C-D,0.0,0.0,0.0,0,0.0
YML121W,0.30952380952380953,2.0,2.0,0,0.30952380952380953
YGR168C,0.0,0.0,0.0,0,0.0
YGR177C,0.0,0.0,0.0,0,0.0
YOL103W,0.0,0.0,0.0,0,0.0
YJL035C,0.0,0.0,0.0,1,0.0
YJR135W-A,0.6111111111111112,2.033333333333333,2.0,0,0.6111111111111112
YPL177C,0.0,0.0,0.0,0,0.0
YGR185C,0.0,0.0,0.0,1,0.0
YLR283W,0.0,0.0,0.0,0,0.0
YGR194C,0.0,0.0,0.0,0,0.0
YGR197C,0.0,0.0,0.0,0,0.0
YHR187W,3.458333333333333,8.314285714285715,6.0,0,3.458333333333333
YJR127C,0.0,0.0,0.0,0,0.0
YMR312W,2.966666666666667,4.0,5.0,0,2.966666666666667
YPL101W,2.966666666666667,3.0,5.0,0,2.966666666666667
YGR208W,0.0,0.0,0.0,0,0.0
YKL177W,0.0,0.0,0.0,0,0.0
YGR211W,0.0,0.0,0.0,1,0.0
YGR213C,0.0,0.0,0.0,0,0.0
YGR217W,0.0,0.0,0.0,0,0.0
YJR134C,0.022007131940906775,10.0,7.583333333333333,0,0.022007131940906775
YLL060C,0.0,0.0,0.0,0,0.0
YLL067W-A,0.0,0.0,0.0,0,0.0
YML120C,0.0,0.0,0.0,0,0.0
YMR180C,0.0,0.0,0.0,0,0.0
YNL164C,0.0,0.0,0.0,0,0.0
YOR184W,0.0,0.0,0.0,0,0.0
YPL056C,0.0,0.0,0.0,0,0.0
YKL167C,0.0,0.0,0.0,0,0.0
YKR006C,0.0,0.0,0.0,0,0.0
YML009C,0.0,0.0,0.0,0,0.0
YMR193W,0.0,0.0,0.0,0,0.0
YMR225C,0.0,0.0,0.0,0,0.0
YPL183W-A,0.0,0.0,0.0,0,0.0
YNR045W,0.0,0.0,0.0,0,0.0
YGR223C,0.0,0.0,0.0,0,0.0
YGR228W,0.0,0.0,0.0,0,0.0
YGR236C,0.0,0.0,0.0,0,0.0
YOR389W,0.07906926406926407,14.0,3.0,0,0.07906926406926407
YNL045W,0.0,0.0,0.0,0,0.0
YGR244C,0.0,0.0,0.0,1,0.0
YOL063C,0.08682406702208682,17.0,0.0,0,0.08682406702208682
YOR225W,0.0,0.0,0.0,0,0.0
YNR036C,0.0,0.0,0.0,0,0.0
YGR256W,0.0,0.0,0.0,0,0.0
YIL047C,0.0,0.0,0.0,0,0.0
YKR052C,0.0,0.0,0.0,0,0.0
YMR150C,0.0,0.0,0.0,0,0.0
YMR257C,0.0,0.0,0.0,0,0.0
YKR038C,0.5502824858757063,3.6583333333333337,3.9166666666666665,1,0.5502824858757063
YLR174W,0.0,0.0,0.0,0,0.0
YOR073W,0.0,0.0,0.0,0,0.0
YGR263C,0.0,0.0,0.0,0,0.0
YGR266W,0.0,0.0,0.0,0,0.0
YOR124C,0.0,0.0,0.0,0,0.0
YOR302W,0.15147774492771293,0.0,0.0,0,0.0
YKL201C,0.0,0.0,0.0,0,0.0
YGR275W,0.0,0.0,0.0,0,0.0
YNR015W,0.0,0.0,0.0,0,0.0
YGR279C,0.0,0.0,0.0,0,0.0
YPR021C,0.0,0.0,0.0,0,0.0
YGR283C,0.0,0.0,0.0,0,0.0
YGR291C,0.0,0.0,0.0,0,0.0
YLR054C,0.0,0.0,0.0,0,0.0
YGR294W,0.0,0.0,0.0,1,0.0
YHL018W,0.04574275362318841,2.033333333333333,0.0,0,0.04574275362318841
YJL056C,0.0,0.0,0.0,0,0.0
YKR009C,0.0,0.0,0.0,0,0.0
YMR189W,0.0,0.0,0.0,0,0.0
YNR005C,0.0,0.0,0.0,0,0.0
YNR006W,0.04199134199134199,0.75,1.9444444444444444,0,0.04199134199134199
YOR067C,0.0,0.0,0.0,0,0.0
YMR158W,0.0,0.0,0.0,0,0.0
YLR046C,0.0,0.0,0.0,0,0.0
YHL009C,0.011273679346989064,10.0,3.7916666666666665,0,0.011273679346989064
YHL015W,0.0,0.0,0.0,1,0.0
YOR350C,0.0,0.0,0.0,0,0.0
YLR170C,1.3192389006342493,9.333333333333334,9.016666666666666,0,1.3192389006342493
YOR107W,0.0,0.0,0.0,0,0.0
YHL024W,0.0,0.0,0.0,0,0.0
YHL026C,0.0,0.0,0.0,0,0.0
YOR275C,0.26785714285714285,2.0,4.5,0,0.26785714285714285
YHL033C,0.0,0.0,0.0,0,0.0
YHL036W,0.0,0.0,0.0,0,0.0
YPR163C,0.20806451612903226,0.75,0.0,0,0.20806451612903226
YHL039W,0.0,0.0,0.0,0,0.0
YNL329C,0.0,0.0,0.0,0,0.0
YHL043W,0.0,0.0,0.0,0,0.0
YKR035C,0.0,0.0,0.0,0,0.0
YHL046C,0.0,0.0,0.0,0,0.0
YHL047C,0.0,0.0,0.0,0,0.0
YKL079W,0.0,0.0,0.0,0,0.0
YHL049C,0.0,0.0,0.0,0,0.0
YOL099C,0.0,0.0,0.0,0,0.0
YHR001W,0.0,0.0,0.0,0,0.0
YMR069W,0.0,0.0,0.0,0,0.0
YPR004C,0.0,0.0,0.0,0,0.0
YHR012W,1.149891774891775,10.6,0.0,0,1.149891774891775
YKL109W,0.0,0.0,0.0,0,0.0
YPR052C,0.0,0.0,0.0,0,0.0
YPR188C,0.0,0.0,0.0,0,0.0
YHR024C,0.4756944444444444,4.765873015873016,6.0,1,0.4756944444444444
YHR025W,0.0,0.0,0.0,0,0.0
YIL088C,0.0,0.0,0.0,0,0.0
YLR346C,0.0,0.0,0.0,0,0.0
YPR047W,0.0,0.0,0.0,0,0.0
YHR035W,0.0,0.0,0.0,0,0.0
YHR038W,0.0,0.0,0.0,0,0.0
YHR040W,0.0,0.0,0.0,1,0.0
YJL015C,0.0,0.0,0.0,1,0.0
YLR164W,0.0,0.0,0.0,0,0.0
YLR344W,0.0,0.0,0.0,0,0.0
YPR203W,0.0,0.0,0.0,0,0.0
YHR043C,0.0,0.0,0.0,0,0.0
YHR045W,0.0,0.0,0.0,0,0.0
YHR046C,0.0,0.0,0.0,0,0.0
YHR047C,0.0,0.0,0.0,0,0.0
YNL192W,0.0,0.0,0.0,0,0.0
YHR049W,0.0,0.0,0.0,0,0.0
YHR050W,0.10817307692307693,0.0,2.0,0,0.10817307692307693
YHR053C,0.0,0.0,0.0,0,0.0
YHR063C,0.0,0.0,0.0,0,0.0
YHR067W,0.0,0.0,0.0,0,0.0
YHR068W,0.122938689217759,2.9,0.0,1,0.122938689217759
YHR071W,0.0,0.0,0.0,0,0.0
YHR074W,0.0,0.0,0.0,1,0.0
YHR085W,0.04020496649586125,2.017857142857143,4.5,1,0.04020496649586125
YLR356W,0.0,0.0,0.0,0,0.0
YHR087W,0.0,0.0,0.0,0,0.0
YMR239C,0.0,0.0,0.0,1,0.0
YHR091C,0.0,0.0,0.0,0,0.0
YOL088C,0.0,0.0,0.0,0,0.0
YHR092C,0.0,0.0,0.0,0,0.0
YJR048W,0.0,0.0,0.0,0,0.0
YNL136W,0.0,0.0,0.0,0,0.0
YLR365W,0.0,0.0,0.0,0,0.0
YHR106W,0.0,0.0,0.0,0,0.0
YMR198W,0.24471003134796238,4.666666666666667,3.4444444444444446,1,0.24471003134796238
YPL241C,0.0,0.0,0.0,0,0.0
YJL010C,0.0,0.0,0.0,1,0.0
YHR112C,0.0,0.0,0.0,0,0.0
YPR145W,0.0,0.0,0.0,0,0.0
YIR021W,0.0,0.0,0.0,0,0.0
YJL174W,0.0,0.0,0.0,1,0.0
YKR032W,0.0,0.0,0.0,0,0.0
YLL054C,0.0,0.0,0.0,0,0.0
YLR081W,0.02,3.2,0.0,0,0.02
YLR112W,0.0,0.0,0.0,0,0.0
YLR136C,0.0,0.0,0.0,0,0.0
YLR461W,0.0,0.0,0.0,0,0.0
YML131W,0.0,0.0,0.0,0,0.0
YOL002C,0.0,0.0,0.0,0,0.0
YOR175C,0.0,0.0,0.0,0,0.0
YPL063W,0.6111111111111112,0.7142857142857143,2.0,1,0.6111111111111112
YPL277C,0.07906926406926407,0.0,0.0,0,0.0
YPR094W,0.0,0.0,0.0,1,0.0
YOR215C,0.0,0.0,0.0,0,0.0
YHR127W,0.0,0.0,0.0,0,0.0
YJR008W,0.0,0.0,0.0,0,0.0
YHR132C,0.0,0.0,0.0,0,0.0
YPL171C,0.0,0.0,0.0,0,0.0
YHR136C,0.0,0.0,0.0,0,0.0
YMR152W,0.0,0.0,0.0,0,0.0
YHR138C,0.0,0.0,0.0,0,0.0
YIL023C,0.0,0.0,0.0,0,0.0
YJL131C,0.0,0.0,0.0,0,0.0
YOR316C,0.0,0.0,0.0,0,0.0
YHR144C,0.0,0.0,0.0,0,0.0
YLR448W,0.0,0.0,0.0,0,0.0
YHR151C,0.0,0.0,0.0,0,0.0
YNL193W,0.0,0.0,0.0,0,0.0
YLR132C,0.0,0.0,0.0,1,0.0
YOR173W,0.0,0.0,0.0,0,0.0
YHR154W,0.0,0.0,0.0,0,0.0
YJR010W,0.0,0.0,0.0,0,0.0
YHR157W,0.0,0.0,0.0,0,0.0
YJR122W,0.0,0.0,0.0,0,0.0
YKR044W,0.0,0.0,0.0,0,0.0
YLR451W,0.0,0.0,0.0,0,0.0
YKL075C,0.0,0.0,0.0,0,0.0
YKL134C,0.0,0.0,0.0,0,0.0
YNL212W,0.0,0.0,0.0,0,0.0
YIL091C,0.0,0.0,0.0,1,0.0
YHR175W,0.0,0.0,0.0,0,0.0
YMR020W,0.0,0.0,0.0,0,0.0
YNL252C,0.0,0.0,0.0,0,0.0
YLR185W,0.0,0.0,0.0,0,0.0
YHR190W,0.0,0.0,0.0,1,0.0
YOR065W,0.0,0.0,0.0,0,0.0
YLR009W,0.04020496649586125,2.5,2.25,1,0.04020496649586125
YLR075W,0.0,0.0,0.0,1,0.0
YMR142C,0.0,0.0,0.0,0,0.0
YOR063W,0.0,0.0,0.0,1,0.0
YHR198C,0.0,0.0,0.0,0,0.0
YNL095C,0.0,0.0,0.0,0,0.0
YNL034W,0.0,0.0,0.0,0,0.0
YHR209W,0.0,0.0,0.0,0,0.0
YHR211W,0.0,0.0,0.0,0,0.0
YOR360C,0.0,0.0,0.0,0,0.0
YHR212W-A,0.0,0.0,0.0,0,0.0
YHR214C-B,0.0,0.0,0.0,0,0.0
YHR214W-A,0.0,0.0,0.0,0,0.0
YIL001W,0.0,0.0,0.0,0,0.0
YIL166C,0.0,0.0,0.0,0,0.0
YIL009C-A,0.0,0.0,0.0,0,0.0
YIL011W,0.0,0.0,0.0,0,0.0
YIL014W,0.0,0.0,0.0,0,0.0
YMR222C,0.0,0.0,0.0,0,0.0
YIL019W,0.0,0.0,0.0,1,0.0
YIL020C,0.0,0.0,0.0,0,0.0
YIL024C,0.0,0.0,0.0,0,0.0
YOR352W,0.0,0.0,0.0,0,0.0
YIL032C,0.0,0.0,0.0,0,0.0
YOR295W,0.0,0.0,0.0,1,0.0
YPL037C,0.0,0.0,0.0,0,0.0
YIL037C,0.0,0.0,0.0,0,0.0
YPL231W,0.0,0.0,0.0,1,0.0
YNL245C,0.0,0.0,0.0,1,0.0
YOR087W,0.0,0.0,0.0,0,0.0
YJL165C,0.0,0.0,0.0,0,0.0
YIL054W,0.0,0.0,0.0,0,0.0
YIL055C,0.0,0.0,0.0,0,0.0
YLR017W,0.0,0.0,0.0,0,0.0
YLR213C,0.0,0.0,0.0,0,0.0
YMR044W,0.0,0.0,0.0,0,0.0
YOR346W,0.0,0.0,0.0,0,0.0
YIL065C,0.053584229390681005,0.5,0.0,0,0.053584229390681005
YJL112W,0.0,0.0,0.0,0,0.0
YNL134C,0.0,0.0,0.0,0,0.0
YIL072W,0.0,0.0,0.0,0,0.0
YIL082W-A,0.0,0.0,0.0,0,0.0
YIL085C,0.0,0.0,0.0,0,0.0
YIL086C,0.0,0.0,0.0,0,0.0
YNR040W,0.0,0.0,0.0,0,0.0
YIL096C,0.0,0.0,0.0,0,0.0
YIL098C,0.0,0.0,0.0,0,0.0
YIL103W,0.0,0.0,0.0,0,0.0
YKL191W,0.0,0.0,0.0,0,0.0
YPL187W,0.13852813852813853,0.0,0.0,0,0.0
YIL117C,0.0,0.0,0.0,0,0.0
YLR114C,0.0,0.0,0.0,0,0.0
YIL119C,0.0,0.0,0.0,0,0.0
YPL191C,0.0,0.0,0.0,0,0.0
YIL130W,0.0,0.0,0.0,0,0.0
YJL197W,0.0,0.0,0.0,0,0.0
YIL137C,0.0,0.0,0.0,1,0.0
YIL139C,0.0,0.0,0.0,0,0.0
YPL260W,0.0,0.0,0.0,0,0.0
YOR142W-A,0.0,0.0,0.0,0,0.0
YNL327W,0.0,0.0,0.0,0,0.0
YIL153W,0.0,0.0,0.0,0,0.0
YIL157C,0.0,0.0,0.0,0,0.0
YIL158W,0.0,0.0,0.0,0,0.0
YIL163C,0.0,0.0,0.0,0,0.0
YKL217W,0.0,0.0,0.0,0,0.0
YMR057C,0.0,0.0,0.0,0,0.0
YNL036W,0.0,0.0,0.0,1,0.0
YNL165W,0.0,0.0,0.0,0,0.0
YOR011W,0.0,0.0,0.0,0,0.0
YLR202C,0.0,0.0,0.0,0,0.0
YIR012W,0.0,0.0,0.0,1,0.0
YJR004C,0.0,0.0,0.0,0,0.0
YIR013C,0.0,0.0,0.0,0,0.0
YJL102W,0.0,0.0,0.0,0,0.0
YLR437C,0.0,0.0,0.0,0,0.0
YNL314W,0.28703703703703703,2.5,0.0,0,0.28703703703703703
YIR025W,0.0,0.0,0.0,0,0.0
YPR164W,0.08682406702208682,3.4,4.0,0,0.08682406702208682
YIR027C,0.0,0.0,0.0,0,0.0
YIR028W,0.0,0.0,0.0,0,0.0
YIR035C,0.0,0.0,0.0,0,0.0
YIR036C,0.0,0.0,0.0,0,0.0
YIR037W,0.0,0.0,0.0,0,0.0
YMR119W,0.0,0.0,0.0,0,0.0
YIR042C,0.0,0.0,0.0,0,0.0
YML019W,0.0,0.0,0.0,0,0.0
YJL006C,0.13333333333333333,2.433333333333333,3.0,0,0.13333333333333333
YJL011C,1.2357657967032967,13.416666666666666,20.0,1,1.2357657967032967
YJR143C,0.0,0.0,0.0,0,0.0
YJR152W,0.0,0.0,0.0,0,0.0
YJL118W,0.0,0.0,0.0,0,0.0
YJR023C,0.0,0.0,0.0,1,0.0
YJR047C,0.0,0.0,0.0,0,0.0
YJR149W,0.0,0.0,0.0,0,0.0
YMR184W,0.0,0.0,0.0,0,0.0
YPL202C,0.02105496453900709,0.0,4.5,0,0.02105496453900709
YLR316C,0.0,0.0,0.0,1,0.0
YLR312W-A,0.0,0.0,0.0,0,0.0
YPL207W,0.0,0.0,0.0,1,0.0
YJL048C,0.0,0.0,0.0,0,0.0
YOR132W,0.8214285714285714,2.0,4.0625,0,0.8214285714285714
YJL055W,0.0,0.0,0.0,0,0.0
YJL143W,0.4502247912652536,3.666666666666667,4.0,1,0.4502247912652536
YNR029C,0.0,0.0,0.0,0,0.0
YJL067W,0.0,0.0,0.0,0,0.0
YML093W,0.0,0.0,0.0,1,0.0
YJL078C,0.0,0.0,0.0,0,0.0
YJL082W,0.0,0.0,0.0,0,0.0
YLR014C,0.0,0.0,0.0,0,0.0
YMR280C,0.03737725688945201,1.2857142857142858,9.333333333333334,0,0.03737725688945201
YJL094C,0.0,0.0,0.0,0,0.0
YLR193C,0.0,0.0,0.0,0,0.0
YJL209W,0.0,0.0,0.0,0,0.0
YJL100W,0.0,0.0,0.0,0,0.0
YPL040C,0.0,0.0,0.0,0,0.0
YMR100W,0.0,0.0,0.0,0,0.0
YOR099W,0.0,0.0,0.0,0,0.0
YJL123C,0.0,0.0,0.0,1,0.0
YNL163C,0.0,0.0,0.0,1,0.0
YNL276C,0.0,0.0,0.0,0,0.0
YLR256W-A,0.0,0.0,0.0,0,0.0
YPL247C,0.053558844256518676,1.2,0.0,0,0.053558844256518676
YJL158C,0.0,0.0,0.0,0,0.0
YJL163C,0.0,0.0,0.0,0,0.0
YOR380W,0.0,0.0,0.0,0,0.0
YJL181W,0.0,0.0,0.0,0,0.0
YMR204C,0.0,0.0,0.0,0,0.0
YJL189W,0.0,0.0,0.0,0,0.0
YJL191W,0.0,0.0,0.0,0,0.0
YJL192C,0.0,0.0,0.0,0,0.0
YJL198W,0.0,0.0,0.0,1,0.0
YLR198C,0.0,0.0,0.0,1,0.0
YJL200C,0.0,0.0,0.0,0,0.0
YMR285C,0.0,0.0,0.0,0,0.0
YOL136C,0.0,0.0,0.0,0,0.0
YKL222C,0.0,0.0,0.0,0,0.0
YJL215C,0.0,0.0,0.0,0,0.0
YJL222W-A,0.0,0.0,0.0,0,0.0
YJL225C,0.0,0.0,0.0,0,0.0
YNR075W,0.0,0.0,0.0,0,0.0
YJR003C,0.0,0.0,0.0,1,0.0
YML053C,0.0,0.0,0.0,0,0.0
YJR011C,0.0,0.0,0.0,0,0.0
YJR016C,0.0,0.0,0.0,1,0.0
YJR019C,0.0,0.0,0.0,0,0.0
YLR143W,0.0,0.0,0.0,0,0.0
YNL050C,0.0,0.0,0.0,0,0.0
YNR050C,0.0,0.0,0.0,0,0.0
YOL031C,0.0,0.0,0.0,0,0.0
YOL140W,0.0,0.0,0.0,0,0.0
YJR024C,0.0,0.0,0.0,0,0.0
YJR025C,0.0,0.0,0.0,0,0.0
YJR027W,0.0,0.0,0.0,0,0.0
YJR028W,0.0,0.0,0.0,0,0.0
YJR034W,0.0,0.0,0.0,0,0.0
YMR318C,0.0,0.0,0.0,0,0.0
YJR038C,0.0,0.0,0.0,0,0.0
YPL046C,0.0,0.0,0.0,0,0.0
YPL193W,0.0,0.0,0.0,0,0.0
YNL148C,0.0,0.0,0.0,0,0.0
YLR406C,0.0,0.0,0.0,0,0.0
YOR262W,0.0,0.0,0.0,1,0.0
YJR074W,0.1468253968253968,5.666666666666666,2.0,0,0.1468253968253968
YOR084W,0.0,0.0,0.0,0,0.0
YJR079W,0.0,0.0,0.0,0,0.0
YLR217W,0.0,0.0,0.0,0,0.0
YNL051W,0.0,0.0,0.0,0,0.0
YOR354C,0.0,0.0,0.0,0,0.0
YPR096C,0.0,0.0,0.0,0,0.0
YJR119C,0.0,0.0,0.0,0,0.0
YJR123W,0.0,0.0,0.0,1,0.0
YKL076C,0.0,0.0,0.0,0,0.0
YKL111C,0.0,0.0,0.0,1,0.0
YKL117W,0.2865478581547692,10.77142857142857,0.0,0,0.2865478581547692
YKL138C,0.0,0.0,0.0,0,0.0
YKL160W,0.0,0.0,0.0,0,0.0
YKL224C,0.0,0.0,0.0,0,0.0
YKR040C,0.0,0.0,0.0,0,0.0
YKR087C,0.0,0.0,0.0,0,0.0
YLL030C,0.0,0.0,0.0,0,0.0
YLR037C,0.0,0.0,0.0,0,0.0
YLR066W,0.0,0.0,0.0,1,0.0
YLR104W,0.0,0.0,0.0,0,0.0
YLR118C,0.0,0.0,0.0,0,0.0
YLR172C,0.0,0.0,0.0,0,0.0
YLR205C,0.0,0.0,0.0,0,0.0
YLR333C,0.0,0.0,0.0,0,0.0
YLR379W,0.0,0.0,0.0,1,0.0
YML013W,0.0,0.0,0.0,0,0.0
YMR067C,0.0,0.0,0.0,0,0.0
YMR160W,0.0,0.0,0.0,0,0.0
YMR278W,0.0,0.0,0.0,0,0.0
YNL109W,0.0,0.0,0.0,0,0.0
YNL215W,0.0,0.0,0.0,0,0.0
YOL072W,0.0,0.0,0.0,0,0.0
YOL101C,0.0,0.0,0.0,0,0.0
YOR008C,0.0,0.0,0.0,0,0.0
YOR033C,0.12955465587044535,0.0,2.0,0,0.12955465587044535
YOR379C,0.0,0.0,0.0,0,0.0
YPL052W,0.0,0.0,0.0,0,0.0
YPL088W,0.0,0.0,0.0,0,0.0
YPL159C,0.0,0.0,0.0,0,0.0
YPR114W,0.0,0.0,0.0,0,0.0
YPR130C,0.0,0.0,0.0,0,0.0
YML030W,0.0,0.0,0.0,0,0.0
YJR097W,0.0,0.0,0.0,0,0.0
YJR098C,0.0,0.0,0.0,0,0.0
YJR099W,0.0,0.0,0.0,0,0.0
YJR100C,0.0,0.0,0.0,0,0.0
YJR102C,1.0,5.3,3.7777777777777777,0,1.0
YLR417W,1.0833333333333333,3.95,3.7777777777777777,0,1.0833333333333333
YMR077C,0.5,3.0,2.0,0,0.5
YLR301W,0.0,0.0,0.0,0,0.0
YJR120W,0.0,0.0,0.0,0,0.0
YJR125C,0.0,0.0,0.0,0,0.0
YJR136C,0.0,0.0,0.0,1,0.0
YKL033W,0.0,0.0,0.0,1,0.0
YJR146W,0.0,0.0,0.0,0,0.0
YLR246W,0.0,0.0,0.0,0,0.0
YJR154W,0.0,0.0,0.0,0,0.0
YJR157W,0.0,0.0,0.0,0,0.0
YNR072W,0.0,0.0,0.0,0,0.0
YPR122W,0.0,0.0,0.0,0,0.0
YKL017C,0.0,0.0,0.0,0,0.0
YKL024C,0.0,0.0,0.0,1,0.0
YMR090W,0.0,0.0,0.0,0,0.0
YKL038W,0.0,0.0,0.0,0,0.0
YKL044W,0.0,0.0,0.0,0,0.0
YKL047W,0.0,0.0,0.0,0,0.0
YPL130W,0.0,0.0,0.0,0,0.0
YKL049C,0.0,0.0,0.0,1,0.0
YLR285W,0.0,0.0,0.0,0,0.0
YOR344C,0.0,0.0,0.0,0,0.0
YNL122C,0.0,0.0,0.0,0,0.0
YKL069W,0.0,0.0,0.0,0,0.0
YKL072W,0.0,0.0,0.0,0,0.0
YOR148C,0.0,0.0,0.0,1,0.0
YKL087C,0.0,0.0,0.0,0,0.0
YKL093W,0.0,0.0,0.0,0,0.0
YOR239W,0.0,0.0,0.0,0,0.0
YKL106W,0.0,0.0,0.0,0,0.0
YKL107W,0.0,0.0,0.0,0,0.0
YKL114C,0.0,0.0,0.0,0,0.0
YKR069W,0.03382034632034632,0.0,0.0,0,0.0
YML106W,0.0,0.0,0.0,0,0.0
YOL073C,0.0,0.0,0.0,0,0.0
YKL133C,0.0,0.0,0.0,0,0.0
YML043C,0.0,0.0,0.0,1,0.0
YMR210W,0.0,0.0,0.0,0,0.0
YNL178W,0.0,0.0,0.0,1,0.0
YKL147C,0.0,0.0,0.0,0,0.0
YKL163W,0.0,0.0,0.0,0,0.0
YKL164C,0.0,0.0,0.0,0,0.0
YLR012C,0.0,0.0,0.0,0,0.0
YKL176C,0.0,0.0,0.0,0,0.0
YKL180W,0.0,0.0,0.0,1,0.0
YNL104C,0.0,0.0,0.0,0,0.0
YKL186C,0.0,0.0,0.0,1,0.0
YPL163C,0.0,0.0,0.0,0,0.0
YKL197C,0.0,0.0,0.0,0,0.0
YOR198C,0.0,0.0,0.0,0,0.0
YOR003W,0.0,0.0,0.0,0,0.0
YNR034W,0.0,0.0,0.0,0,0.0
YKL208W,0.0,0.0,0.0,0,0.0
YKL216W,0.0,0.0,0.0,0,0.0
YKL219W,0.0,0.0,0.0,0,0.0
YOR221C,0.0,0.0,0.0,0,0.0
YKR005C,0.0,0.0,0.0,0,0.0
YKR016W,0.0,0.0,0.0,0,0.0
YLR388W,0.0,0.0,0.0,0,0.0
YLR289W,0.0724009900990099,6.5,0.0,0,0.0724009900990099
YMR269W,0.0,0.0,0.0,0,0.0
YOR190W,0.0,0.0,0.0,0,0.0
YLL002W,0.0,0.0,0.0,0,0.0
YKR051W,0.0,0.0,0.0,0,0.0
YKR061W,0.0,0.0,0.0,0,0.0
YKR063C,0.0,0.0,0.0,1,0.0
YKR064W,0.0,0.0,0.0,0,0.0
YKR065C,0.0,0.0,0.0,0,0.0
YLR036C,0.0,0.0,0.0,0,0.0
YKR070W,0.0,0.0,0.0,0,0.0
YKR071C,0.0,0.0,0.0,1,0.0
YKR074W,0.0,0.0,0.0,0,0.0
YKR080W,0.0,0.0,0.0,0,0.0
YKR084C,0.0,0.0,0.0,0,0.0
YLR462W,0.0,0.0,0.0,0,0.0
YPL023C,0.0,0.0,0.0,0,0.0
YPL067C,0.0,0.0,0.0,0,0.0
YPR177C,0.0,0.0,0.0,1,0.0
YKR095W-A,0.0,0.0,0.0,0,0.0
YNL246W,0.0,0.0,0.0,1,0.0
YOL009C,0.0,0.0,0.0,0,0.0
YOR112W,0.0,0.0,0.0,0,0.0
YLL012W,0.0,0.0,0.0,0,0.0
YOR095C,0.0,0.0,0.0,1,0.0
YOR282W,0.0,0.0,0.0,1,0.0
YOL112W,0.0,0.0,0.0,0,0.0
YLR459W,0.0,0.0,0.0,1,0.0
YLL038C,0.0,0.0,0.0,0,0.0
YLL047W,0.0,0.0,0.0,0,0.0
YLL059C,0.0,0.0,0.0,0,0.0
YOL143C,0.0,0.0,0.0,0,0.0
YLR001C,0.0,0.0,0.0,0,0.0
YNL019C,0.0,0.0,0.0,0,0.0
YLR007W,0.0,0.0,0.0,1,0.0
YLR008C,0.0,0.0,0.0,1,0.0
YLR011W,0.0,0.0,0.0,0,0.0
YLR021W,0.0,0.0,0.0,0,0.0
YLR027C,0.0,0.0,0.0,1,0.0
YLR028C,0.0,0.0,0.0,0,0.0
YLR038C,0.0,0.0,0.0,0,0.0
YML125C,0.0,0.0,0.0,1,0.0
YLR042C,0.0,0.0,0.0,0,0.0
YLR434C,0.0,0.0,0.0,0,0.0
YLR050C,0.0,0.0,0.0,0,0.0
YLR057W,0.0,0.0,0.0,0,0.0
YLR070C,0.0,0.0,0.0,0,0.0
YNL038W,0.0,0.0,0.0,1,0.0
YLR076C,0.0,0.0,0.0,1,0.0
YMR177W,0.05806451612903226,3.5,2.9166666666666665,0,0.05806451612903226
YPL162C,0.0,0.0,0.0,0,0.0
YLR087C,0.0,0.0,0.0,0,0.0
YOL138C,0.0,0.0,0.0,0,0.0
YLR110C,0.0,0.0,0.0,0,0.0
YPR137C-A,0.0,0.0,0.0,0,0.0
YLR124W,0.0,0.0,0.0,0,0.0
YMR030W,0.0,0.0,0.0,0,0.0
YLR261C,0.0,0.0,0.0,0,0.0
YOR390W,0.0,0.0,0.0,0,0.0
YLR141W,0.0,0.0,0.0,1,0.0
YMR088C,0.0,0.0,0.0,0,0.0
YPR014C,0.0,0.0,0.0,0,0.0
YPR066W,0.0,0.0,0.0,0,0.0
YLR168C,0.0,0.0,0.0,0,0.0
YLR171W,0.0,0.0,0.0,0,0.0
YLR330W,0.0,0.0,0.0,0,0.0
YML035C,0.0,0.0,0.0,0,0.0
YPR157W,0.0,0.0,0.0,0,0.0
YLR201C,0.0,0.0,0.0,0,0.0
YLR203C,0.0,0.0,0.0,0,0.0
YLR204W,0.0,0.0,0.0,0,0.0
YLR450W,0.39285714285714285,1.7142857142857142,1.3333333333333333,0,0.39285714285714285
YOL013C,0.5912698412698413,0.5833333333333334,3.583333333333333,0,0.5912698412698413
YLR209C,0.0,0.0,0.0,0,0.0
YLR211C,0.0,0.0,0.0,0,0.0
YOR154W,0.0,0.0,0.0,0,0.0
YLR227C,0.0,0.0,0.0,0,0.0
YLR239C,0.0,0.0,0.0,0,0.0
YOL110W,0.0,0.0,0.0,0,0.0
YLR251W,0.0,0.0,0.0,0,0.0
YLR252W,0.0,0.0,0.0,0,0.0
YLR266C,0.0,0.0,0.0,0,0.0
YLR271W,0.0,0.0,0.0,0,0.0
YLR281C,0.0,0.0,0.0,0,0.0
YLR290C,0.0,0.0,0.0,0,0.0
YNL158W,0.0,0.0,0.0,1,0.0
YNL190W,0.0,0.0,0.0,0,0.0
YLR294C,0.0,0.0,0.0,0,0.0
YLR455W,0.0167601683029453,3.75,4.5,0,0.0167601683029453
YML079W,0.0,0.0,0.0,0,0.0
YMR141C,0.0,0.0,0.0,0,0.0
YNL009W,0.0,0.0,0.0,0,0.0
YNL205C,0.0,0.0,0.0,0,0.0
YNL324W,0.0,0.0,0.0,0,0.0
YOL008W,0.0,0.0,0.0,0,0.0
YOL050C,0.0,0.0,0.0,0,0.0
YPR118W,0.0,0.0,0.0,0,0.0
YLR299W,0.0,0.0,0.0,0,0.0
YOL137W,0.0,0.0,0.0,0,0.0
YLR300W,0.0,0.0,0.0,0,0.0
YLR303W,0.0,0.0,0.0,0,0.0
YOR013W,0.0,0.0,0.0,0,0.0
YPL100W,0.0,0.0,0.0,0,0.0
YLR312C,0.0,0.0,0.0,0,0.0
YLR317W,0.0,0.0,0.0,1,0.0
YNL140C,0.0,0.0,0.0,0,0.0
YLR327C,0.0,0.0,0.0,0,0.0
YLR332W,0.0,0.0,0.0,0,0.0
YLR334C,0.0,0.0,0.0,0,0.0
YLR377C,0.021600315333070556,1.6666666666666667,0.0,0,0.021600315333070556
YLR351C,0.0,0.0,0.0,0,0.0
YLR358C,0.0,0.0,0.0,0,0.0
YNL145W,0.0,0.0,0.0,0,0.0
YLR363C,0.0,0.0,0.0,0,0.0
YLR366W,0.0,0.0,0.0,0,0.0
YOR312C,0.0,0.0,0.0,0,0.0
YLR369W,0.0,0.0,0.0,0,0.0
YPL107W,0.0,0.0,0.0,0,0.0
YLR387C,0.0,0.0,0.0,0,0.0
YOL056W,0.0,0.0,0.0,0,0.0
YLR393W,0.0,0.0,0.0,0,0.0
YOR338W,0.0,0.0,0.0,0,0.0
YOR025W,0.0,0.0,0.0,0,0.0
YLR412W,0.0,0.0,0.0,0,0.0
YLR416C,0.0,0.0,0.0,0,0.0
YPR135W,0.0,0.0,0.0,0,0.0
YMR017W,0.35,3.0,2.25,0,0.35
YPR179C,0.19548872180451127,2.0296052631578947,2.0,0,0.19548872180451127
YOR053W,0.0,0.0,0.0,0,0.0
YLR428C,0.0,0.0,0.0,0,0.0
YML107C,0.0,0.0,0.0,0,0.0
YOR096W,0.0,0.0,0.0,0,0.0
YLR465C,0.0,0.0,0.0,0,0.0
YNL028W,0.0,0.0,0.0,1,0.0
YPR006C,0.0,0.0,0.0,0,0.0
YNL072W,0.0,0.0,0.0,0,0.0
YNL133C,0.0,0.0,0.0,0,0.0
YNR009W,0.0,0.0,0.0,0,0.0
YPL034W,0.0,0.0,0.0,0,0.0
YPR071W,0.0,0.0,0.0,0,0.0
YML020W,0.0,0.0,0.0,0,0.0
YML037C,0.0,0.0,0.0,0,0.0
YNL046W,0.0,0.0,0.0,0,0.0
YNL300W,0.0333425951653237,8.0,1.5,0,0.0333425951653237
YML054C,0.6111111111111112,2.1142857142857143,2.0,0,0.6111111111111112
YML060W,0.0,0.0,0.0,0,0.0
YMR063W,0.0,0.0,0.0,0,0.0
YNL097C,0.07941176470588235,1.9230769230769231,4.5,0,0.07941176470588235
YML078W,0.0,0.0,0.0,0,0.0
YML070W,0.0,0.0,0.0,0,0.0
YML071C,0.0,0.0,0.0,0,0.0
YOR102W,0.0,0.0,0.0,1,0.0
YPR099C,0.0,0.0,0.0,0,0.0
YOL144W,0.0,0.0,0.0,1,0.0
YNL119W,0.0,0.0,0.0,0,0.0
YPR007C,0.0,0.0,0.0,0,0.0
YMR014W,0.0,0.0,0.0,0,0.0
YMR045C,0.0,0.0,0.0,0,0.0
YNL284C-B,0.0,0.0,0.0,0,0.0
YMR041C,0.0,0.0,0.0,0,0.0
YMR157C,0.0,0.0,0.0,0,0.0
YNL319W,0.0,0.0,0.0,0,0.0
YNR061C,0.0,0.0,0.0,0,0.0
YOL146W,0.0,0.0,0.0,1,0.0
YOR251C,0.0,0.0,0.0,0,0.0
YOR286W,0.0,0.0,0.0,0,0.0
YPL214C,0.0,0.0,0.0,0,0.0
YNR008W,0.0,0.0,0.0,0,0.0
YPL263C,0.0,0.0,0.0,0,0.0
YMR097C,0.0,0.0,0.0,0,0.0
YPR167C,0.0,0.0,0.0,0,0.0
YPL134C,0.0,0.0,0.0,0,0.0
YMR123W,0.0,0.0,0.0,0,0.0
YMR131C,0.0,0.0,0.0,1,0.0
YMR133W,0.0,0.0,0.0,0,0.0
YMR134W,0.0,0.0,0.0,1,0.0
YMR176W,0.0,0.0,0.0,0,0.0
YMR178W,0.0,0.0,0.0,0,0.0
YMR179W,0.0,0.0,0.0,1,0.0
YNR011C,0.0,0.0,0.0,1,0.0
YMR230W,0.0,0.0,0.0,0,0.0
YNL096C,0.0,0.0,0.0,0,0.0
YMR271C,0.0,0.0,0.0,0,0.0
YMR282C,0.0,0.0,0.0,0,0.0
YMR317W,0.0,0.0,0.0,0,0.0
YMR323W,0.0,0.0,0.0,0,0.0
YNR018W,0.0,0.0,0.0,0,0.0
YNL029C,0.0,0.0,0.0,0,0.0
YNL062C,0.0642512077294686,4.0,2.0,1,0.0642512077294686
YNL074C,0.0,0.0,0.0,0,0.0
YNL129W,0.0,0.0,0.0,0,0.0
YNL336W,0.0,0.0,0.0,0,0.0
YNL151C,0.23540521978021978,5.25,8.5,1,0.23540521978021978
YPR062W,0.0,0.0,0.0,0,0.0
YNL197C,0.0,0.0,0.0,1,0.0
YPL075W,0.0,0.0,0.0,1,0.0
YNL226W,0.0,0.0,0.0,0,0.0
YNL248C,0.051290760869565216,0.0,2.0,0,0.051290760869565216
YNL289W,0.0,0.0,0.0,0,0.0
YNL292W,0.0,0.0,0.0,0,0.0
YNL320W,0.0,0.0,0.0,0,0.0
YOR130C,0.0,0.0,0.0,0,0.0
YNR004W,0.0,0.0,0.0,0,0.0
YOL124C,0.0,0.0,0.0,0,0.0
YNR063W,0.0,0.0,0.0,0,0.0
YOL035C,0.0,0.0,0.0,0,0.0
YPL196W,0.0,0.0,0.0,0,0.0
YOL066C,0.0,0.0,0.0,1,0.0
YOL103W-B,0.0,0.0,0.0,0,0.0
YOR051C,0.0,0.0,0.0,0,0.0
YOR074C,0.0,0.0,0.0,1,0.0
YPL116W,0.0,0.0,0.0,0,0.0
YPR068C,0.0,0.0,0.0,0,0.0
YPR169W,0.0,0.0,0.0,1,0.0
YOR393W,0.0,0.0,0.0,0,0.0
YOR131C,0.0,0.0,0.0,0,0.0
YOR146W,0.0,0.0,0.0,1,0.0
YOR202W,0.0,0.0,0.0,0,0.0
YOR283W,0.0,0.0,0.0,0,0.0
YOR356W,0.0,0.0,0.0,0,0.0
YOR288C,0.0,0.0,0.0,0,0.0
YOR293W,0.0,0.0,0.0,1,0.0
YPR102C,0.0,0.0,0.0,0,0.0
YOR325W,0.0,0.0,0.0,0,0.0
YPL104W,0.0,0.0,0.0,0,0.0
YPR123C,0.0,0.0,0.0,0,0.0
YPR073C,0.0,0.0,0.0,0,0.0
YPL097W,0.0,0.0,0.0,0,0.0
YPL210C,0.0,0.0,0.0,1,0.0
YPL243W,0.0,0.0,0.0,1,0.0
YPL257W-B,0.0,0.0,0.0,0,0.0
YPR067W,0.0,0.0,0.0,0,0.0
