protein,ECC,GO_Nb,SL_Nb,essential,ES
MEL1,0.0,0.0,0.0,0,0.0
YJL092W,0.0,0.0,0.0,0,0.0
SSR1,0.0,0.0,0.0,0,0.0
YOL132W,0.0,0.0,0.0,0,0.0
YPL149W,0.16025641025641024,4.3358974358974365,2.25,0,0.16025641025641024
YAL001C,3.0130718954248366,6.316666666666666,2.5,1,3.0130718954248366
YBR123C,2.9575163398692808,5.623809523809523,17.5,1,2.9575163398692808
YDR362C,2.679738562091503,9.25,16.5,1,2.679738562091503
YGR047C,2.457516339869281,5.623809523809523,18.5,1,2.457516339869281
YOR110W,2.2931102265467596,25.47619047619048,42.0,1,2.2931102265467596
YPL007C,3.0130718954248366,7.8,16.5,1,3.0130718954248366
YAL003W,2.8539682539682536,9.1,0.0,1,2.8539682539682536
YBR025C,0.687689576505366,13.666666666666668,13.333333333333334,0,0.687689576505366
YBR118W,1.8186958874458874,13.0,0.0,0,1.8186958874458874
YKL081W,2.5928030303030303,24.666666666666668,15.833333333333334,0,2.5928030303030303
YKR084C,2.8,5.3,4.5,0,2.8
YOL139C,4.109715763318434,144.82500000000005,0.0,1,4.109715763318434
YPL048W,2.0785714285714283,0.8999999999999999,1.0,0,1.0
YPL226W,0.24285714285714285,0.3,0.0,0,0.24285714285714285
YPR080W,2.95,5.3,0.0,0,2.95
YAL004W,0.0,0.0,0.0,0,0.0
YGL181W,0.6425681959312708,2.1142857142857143,46.78333333333334,0,0.6425681959312708
YML109W,2.344827586206897,77.65119047619046,0.0,0,2.344827586206897
YAL005C,0.6156641265062603,6.248626373626372,11.888888888888888,0,0.6156641265062603
YAR002W,0.1967674210006459,0.0,8.194444444444445,0,0.1967674210006459
YDR192C,1.5343153786861843,32.653571428571425,29.27083333333333,0,1.5343153786861843
YHR069C,6.863572329516602,54.58528138528138,28.333333333333336,1,6.863572329516602
YLR310C,1.0509803921568628,25.196428571428573,20.166666666666664,1,1.0509803921568628
YLR335W,2.144949351369886,18.489210789210787,34.472222222222214,0,2.144949351369886
YLR347C,3.9534023796231756,119.98531746031752,74.72222222222224,1,3.9534023796231756
YNL007C,0.0,0.0,0.0,1,0.0
YNL064C,0.07448275862068965,0.5882352941176471,2.9166666666666665,0,0.07448275862068965
YOR098C,0.919388176932617,25.47344322344322,37.83333333333333,1,0.919388176932617
YOR160W,0.2577235772357724,1.1428571428571428,10.583333333333332,1,0.2577235772357724
YPL240C,1.6215686274509806,27.27087912087912,33.0,0,1.6215686274509806
YAL007C,0.25,2.3,3.0,0,0.25
YGL200C,4.295454545454546,19.05,37.19444444444444,0,4.295454545454546
YML012W,4.295454545454546,29.75,37.19444444444444,0,4.295454545454546
YAL011W,0.24285714285714285,0.0,0.0,0,0.0
YDL181W,8.923099114693208,63.66666666666666,22.0,0,8.923099114693208
YER081W,0.14893617021276592,12.0,0.0,0,0.14893617021276592
YHR158C,0.2,5.333333333333333,0.0,0,0.2
YIR018W,0.0,0.0,0.0,0,0.0
YOR127W,0.41666666666666663,7.195804195804195,0.0,0,0.41666666666666663
YOR269W,0.24285714285714285,0.0,0.0,0,0.0
YAL012W,0.7246753246753246,0.0,21.833333333333332,1,0.7246753246753246
YER003C,0.0,0.0,0.0,1,0.0
YGR061C,1.137012987012987,4.25,21.833333333333332,0,1.137012987012987
YGR204W,1.5779220779220777,4.25,9.166666666666666,0,1.5779220779220777
YJR091C,0.23208191126279853,27.086652236652235,0.0,0,0.23208191126279853
YMR101C,0.0,0.0,0.0,0,0.0
YMR205C,1.448510449183487,10.892857142857142,7.277777777777777,0,1.448510449183487
YAL013W,0.0,0.0,0.0,0,0.0
YDR207C,1.073529411764706,2.1022727272727275,46.333333333333336,0,1.073529411764706
YGL061C,0.7132791327913279,8.476190476190474,6.0,1,0.7132791327913279
YAL014C,0.0,0.0,0.0,0,0.0
YER133W,1.8670045901925287,21.281349206349205,42.891666666666666,1,1.8670045901925287
YIL034C,0.08585858585858586,0.5,0.0,0,0.08585858585858586
YAL016W,1.203448275862069,7.93452380952381,0.0,0,1.203448275862069
YDL134C,2.5118232946453296,61.99999999999999,0.0,0,2.5118232946453296
YDL188C,2.5532019704433497,27.125,0.0,0,2.5532019704433497
YGL190C,2.1426028921023357,13.58874458874459,0.0,0,2.1426028921023357
YMR109W,3.8762024043203533,36.82431457431458,94.49999999999999,0,3.8762024043203533
YNL127W,0.0,0.0,0.0,0,0.0
YAL017W,0.0,0.0,0.0,0,0.0
YAL029C,1.5397186147186148,4.330029619503304,27.5,0,1.5397186147186148
YCL027W,0.22727272727272724,8.166666666666666,17.333333333333332,0,0.22727272727272724
YAL018C,0.0,0.0,0.0,0,0.0
YLR264W,43.37878318862813,269.00000000000006,231.33333333333334,0,43.37878318862813
YAL019W,0.0,0.0,0.0,0,0.0
YJL124C,0.4006055511449431,23.821428571428573,10.916666666666666,0,0.4006055511449431
YAL021C,3.9106076255372932,33.69761904761905,117.725,0,3.9106076255372932
YDL160C,4.818181818181819,38.76785714285714,278.45,0,4.818181818181819
YDR443C,7.579521405138102,123.25,79.83333333333334,0,7.579521405138102
YFL028C,7.655829761054219,47.50595238095238,158.475,0,7.655829761054219
YGR092W,6.613390092879257,40.80119047619048,81.3,0,6.613390092879257
YIL106W,6.382408840729274,55.31428571428572,45.66666666666667,1,6.382408840729274
YJR122W,7.078562686883121,126.66666666666669,272.7833333333333,0,7.078562686883121
YKR036C,8.016788388769813,102.41666666666669,79.66666666666667,0,8.016788388769813
YLR180W,0.9642857142857142,8.873809523809523,0.0,0,0.9642857142857142
YNL025C,6.035416430598348,59.89285714285714,55.75,0,6.035416430598348
YNR052C,5.508977280857749,65.45952380952382,136.975,1,5.508977280857749
YPL042C,5.203609727643918,27.052380952380958,133.58333333333334,0,5.203609727643918
YAL022C,0.0,0.0,0.0,0,0.0
YGL132W,0.0,0.0,0.0,0,0.0
YAL024C,0.0,0.0,0.0,0,0.0
YIR009W,2.6185507571448454,69.5,116.16666666666666,0,2.6185507571448454
YAL025C,0.18693168533594065,2.6944444444444446,14.833333333333334,1,0.18693168533594065
YHR052W,43.70507639880868,1177.095238095238,927.5416666666666,1,43.70507639880868
YJR044C,0.0,0.0,0.0,0,0.0
YKR081C,43.096546823934126,735.4036269286269,693.2499999999999,1,43.096546823934126
YNL110C,41.58738106626065,1392.2499999999998,431.61111111111114,1,41.58738106626065
YOR272W,18.71486608311227,326.9997335997337,343.44166666666666,1,18.71486608311227
YAL026C,0.0,0.0,0.0,0,0.0
YDL192W,4.271375598086124,221.0,88.0,0,4.271375598086124
YOR153W,0.0,0.0,0.0,0,0.0
YPL146C,0.0,0.0,0.0,1,0.0
YAL028W,0.0,0.0,0.0,0,0.0
YBL050W,1.3142857142857145,23.33333333333334,111.5,1,1.3142857142857145
YDL239C,0.6922739244951712,26.263461538461534,17.555555555555557,0,0.6922739244951712
YLR233C,0.2222222222222222,0.0,0.0,0,0.0
YBR130C,0.4309523809523809,0.8571428571428571,5.25,0,0.4309523809523809
YFL039C,1.9015151515151518,41.0687134502924,111.66666666666666,1,1.9015151515151518
YGL106W,1.179112554112554,7.181818181818182,14.5,1,1.179112554112554
YHR023W,0.9837662337662338,2.30622009569378,0.0,1,0.9837662337662338
YKL130C,0.15671140939597317,32.333333333333336,5.166666666666667,0,0.15671140939597317
YOR326W,1.5048334370250593,19.65021244889329,86.33333333333334,1,1.5048334370250593
YAL030W,0.0,0.0,0.0,0,0.0
YDR468C,1.703412274000509,14.25,22.166666666666668,1,1.703412274000509
YGR009C,0.31973259873295196,7.166666666666667,0.0,1,0.31973259873295196
YAL031C,0.0,0.0,0.0,0,0.0
YAL032C,0.6008844534142184,14.083333333333332,23.333333333333332,1,0.6008844534142184
YBR017C,0.27350297608172247,4.303571428571429,5.944444444444444,0,0.27350297608172247
YDR416W,1.1289710289710289,17.857142857142858,15.0,1,1.1289710289710289
YER013W,1.6641166006336288,45.66666666666666,40.33333333333333,1,1.6641166006336288
YJL203W,20.541597115880563,598.1666666666666,357.0,1,20.541597115880563
YKL095W,0.1575757575757576,2.321428571428571,2.0,1,0.1575757575757576
YKL173W,2.4774074135151922,134.01785714285714,127.83333333333333,1,2.4774074135151922
YLR338W,0.0,0.0,0.0,0,0.0
YLR345W,0.09762050030506407,3.5,9.333333333333334,0,0.09762050030506407
YLR423C,1.0103901804955362,106.8923076923077,84.60833333333333,0,1.0103901804955362
YNL189W,1.0335570469798652,195.23055555555555,121.02777777777776,1,1.0335570469798652
YOR036W,0.8241645781119464,24.916666666666664,40.5,1,0.8241645781119464
YPL151C,2.9611184007562574,93.5,23.0,1,2.9611184007562574
YAL033W,6.805555555555555,7.870707070707071,12.25,1,6.805555555555555
YBL018C,6.805555555555555,7.870707070707071,24.0,1,6.805555555555555
YBR167C,6.805555555555555,10.588888888888889,24.0,1,6.805555555555555
YBR257W,7.055555555555555,11.333333333333334,24.0,1,7.055555555555555
YGR030C,7.055555555555555,10.123232323232322,24.0,1,7.055555555555555
YHR062C,6.805555555555555,10.588888888888889,24.0,1,6.805555555555555
YIR015W,7.055555555555555,7.870707070707071,0.0,1,7.055555555555555
YJR115W,0.09965034965034966,0.0,0.0,0,0.0
YNL221C,6.222222222222222,9.866666666666667,12.25,1,6.222222222222222
YNL282W,6.222222222222222,11.444444444444445,24.0,1,6.222222222222222
YAL034C,1.0339246809835045,52.0,0.0,0,1.0339246809835045
YBR198C,7.342641769981124,124.25,57.75,1,7.342641769981124
YDL140C,9.863799392399098,234.86432276873447,231.0,1,9.863799392399098
YDR044W,0.36834733893557425,12.083333333333334,9.333333333333334,1,0.36834733893557425
YLR055C,0.4492063492063492,2.5,2.0,0,0.4492063492063492
YML114C,1.5340545359726945,66.0,11.5,1,1.5340545359726945
YOL004W,1.3082642806036706,36.80727272727273,15.5,0,1.3082642806036706
YAL034WA,0.0,0.0,0.0,0,0.0
YGL172W,3.0284851858903785,51.19047619047618,34.625,1,3.0284851858903785
YGR120C,1.5744243605349262,41.900000000000006,27.96111111111111,1,1.5744243605349262
YKL103C,0.47898282986279334,17.952380952380953,16.958333333333332,0,0.47898282986279334
YAL035W,8.074436388208428,210.49854589854587,451.3333333333333,1,8.074436388208428
YBR009C,2.5339972527472527,13.683473389355742,0.0,1,2.5339972527472527
YBR079C,9.502125438027619,257.1781746031746,383.1666666666666,1,9.502125438027619
YBR086C,0.6002331002331003,15.142857142857142,1.3333333333333333,0,0.6002331002331003
YBR143C,3.967675106583557,90.75,59.5,1,3.967675106583557
YDL213C,34.38181870662694,590.6670995670995,556.4166666666666,0,34.38181870662694
YDR101C,41.54504603291206,1337.3666666666666,722.9999999999999,0,41.54504603291206
YDR429C,5.876581956775619,106.125,150.83333333333331,1,5.876581956775619
YDR496C,39.18642759741338,1050.9940476190477,449.888888888889,0,39.18642759741338
YGL049C,3.0945411550094217,46.43580031080031,19.833333333333332,0,3.0945411550094217
YGL099W,38.239745919925475,693.8653679653681,1312.1666666666665,1,38.239745919925475
YGR162W,8.994340154568556,224.10800865800863,493.3333333333333,0,8.994340154568556
YJL109C,48.08888888888889,1351.525246975247,683.0277777777779,1,48.08888888888889
YJR007W,7.458201914095975,112.10714285714286,0.0,1,7.458201914095975
YLR106C,35.61688172700737,672.2797535797534,685.9583333333333,1,35.61688172700737
YLR192C,0.9526195049082373,14.0,6.5,0,0.9526195049082373
YLR241W,0.0,0.0,0.0,0,0.0
YLR409C,39.651594948012004,2528.0,825.3749999999999,1,39.651594948012004
YMR012W,5.474593328112431,245.75000000000003,221.0,0,5.474593328112431
YMR049C,43.97420333783795,1327.2690476190471,811.7916666666665,1,43.97420333783795
YMR116C,41.48295625942682,104.94234654234654,216.5,0,41.48295625942682
YMR146C,5.758973948586625,76.78336940836941,24.5,1,5.758973948586625
YMR290C,43.87041799712258,947.4704545454548,769.7916666666666,1,43.87041799712258
YMR309C,24.809210054873333,698.3523809523809,718.5000000000001,1,24.809210054873333
YMR310C,5.991027069003004,112.08414918414918,210.0,0,5.991027069003004
YNL002C,44.95821003157666,860.8272755022753,834.0416666666665,1,44.95821003157666
YNL132W,48.03024169677266,953.3265900765904,982.2499999999999,1,48.03024169677266
YOL041C,45.94306871061406,2386.083333333333,1123.4583333333335,0,45.94306871061406
YOL077C,51.21224846894139,1900.5904761904756,1265.5416666666667,1,51.21224846894139
YOR206W,48.1111744934066,2252.083333333333,954.9166666666665,1,48.1111744934066
YOR361C,30.615380230309462,1562.333333333333,883.0833333333334,1,30.615380230309462
YPL012W,49.67407407407409,1327.6306748806749,874.0277777777776,1,49.67407407407409
YPL093W,39.41916742555998,1187.9702380952378,907.7916666666666,1,39.41916742555998
YPR041W,5.391473374043797,59.79606782106782,0.0,1,5.391473374043797
YAL036C,0.8979075233332199,50.133333333333326,62.71666666666667,0,0.8979075233332199
YCL037C,0.6669666346020436,42.0,18.666666666666664,0,0.6669666346020436
YCR038C,0.16025641025641024,7.5,12.6,0,0.16025641025641024
YDL051W,10.561233569353398,348.49999999999994,289.25,0,10.561233569353398
YDL065C,0.3138237669816984,4.8,3.766666666666667,0,0.3138237669816984
YDR152W,0.0,0.0,0.0,0,0.0
YGR250C,0.0,0.0,0.0,0,0.0
YJL138C,2.831407667067791,123.66666666666666,0.0,0,2.831407667067791
YLR150W,0.11458333333333333,0.5,0.6666666666666666,0,0.11458333333333333
YLR175W,34.74840998119916,623.3852980352978,246.02083333333337,1,34.74840998119916
YNR022C,0.0,0.0,0.0,0,0.0
YOR243C,1.2675101396648247,29.53333333333333,25.916666666666668,0,1.2675101396648247
YAL038W,0.0,0.0,0.0,1,0.0
YNL307C,0.0,0.0,0.0,0,0.0
YOR226C,0.0,0.0,0.0,0,0.0
YOR347C,0.0,0.0,0.0,0,0.0
YAL040C,0.15656565656565657,0.0,0.0,0,0.0
YBR160W,0.9090909090909091,14.35487012987013,0.0,1,0.9090909090909091
YJL013C,0.0,0.0,0.0,0,0.0
YJL157C,1.0446672608437313,25.74025974025974,0.0,1,1.0446672608437313
YJR132W,0.0,0.0,0.0,0,0.0
YLL021W,0.6342532467532467,6.438095238095238,0.0,0,0.6342532467532467
YPL014W,0.0,0.0,0.0,0,0.0
YAL041W,0.9235294117647058,20.348484848484848,0.0,1,0.9235294117647058
YER114C,0.7983550003073329,37.25,6.0,0,0.7983550003073329
YGL052W,0.0,0.0,0.0,0,0.0
YGL127C,0.3469793322734499,25.615476190476187,26.5,0,0.3469793322734499
YGL233W,4.149732620320855,5.583333333333334,11.888888888888888,1,4.149732620320855
YGR152C,0.4585561497326203,0.0,3.111111111111111,0,0.4585561497326203
YGR221C,0.0,0.0,0.0,0,0.0
YGR268C,0.1574606579143784,149.0,2.0,0,0.1574606579143784
YHL007C,1.120172311348782,15.352870813397129,6.444444444444445,0,1.120172311348782
YIL079C,0.0,0.0,0.0,0,0.0
YJL008C,4.5999900482659095,10.0,25.333333333333336,1,4.5999900482659095
YJL187C,0.0,1.4545454545454546,0.0,0,0.0
YLR206W,0.0,0.0,0.0,0,0.0
YLR229C,2.072794117647059,32.09985847485847,7.444444444444445,1,2.072794117647059
YMR298W,0.6666666666666666,1.2,2.0,1,0.6666666666666666
YOR212W,0.7302521008403362,11.345238095238097,0.0,0,0.7302521008403362
YPL161C,1.1,73.0,0.0,0,1.1
YAL042W,0.0,0.0,0.0,0,0.0
YAL043C,4.334127519653835,25.705952380952382,112.83333333333334,1,4.334127519653835
YDL014W,32.28042103391091,817.2892857142858,478.20833333333337,1,32.28042103391091
YDL195W,4.553836295283664,9.916666666666666,37.36111111111111,1,4.553836295283664
YDR301W,6.243661187740136,50.6,48.0,1,6.243661187740136
YDR311W,2.64324368358186,36.75336403792286,37.833333333333336,1,2.64324368358186
YGL044C,3.481481481481482,29.115476190476198,46.33333333333333,1,3.481481481481482
YGR156W,0.16233766233766234,0.0,9.333333333333334,1,0.16233766233766234
YJR093C,5.768499775078723,46.50000000000001,32.5,1,5.768499775078723
YKL018W,2.6163260715892296,22.9047619047619,10.0,1,2.6163260715892296
YKR002W,5.473977411477413,29.117857142857144,31.5,1,5.473977411477413
YLR115W,6.426456446765371,101.0,148.83333333333334,1,6.426456446765371
YLR277C,6.356793871562544,103.39285714285714,151.0,1,6.356793871562544
YMR182C,0.0,0.0,0.0,0,0.0
YNL317W,3.2896578257419007,48.08127705627705,135.83333333333334,1,3.2896578257419007
YNR054C,20.547279872720008,444.8428571428572,234.875,1,20.547279872720008
YOR250C,5.629814386393334,35.6,61.83333333333333,1,5.629814386393334
YAL044C,2.111111111111111,0.0,0.0,0,0.0
YDR019C,2.111111111111111,0.0,0.0,0,0.0
YFL018C,1.398234683281412,11.16984126984127,13.5,0,1.398234683281412
YMR189W,2.111111111111111,0.0,0.0,0,0.0
YAL045C,0.0,0.0,0.0,0,0.0
YJR063W,9.45548504409264,49.91468253968253,58.5,0,9.45548504409264
YAL047C,0.1775067157844999,0.0,6.791666666666666,0,0.1775067157844999
YCL032W,0.368305531167691,22.0,0.0,0,0.368305531167691
YEL061C,0.0,2.5,0.0,0,0.0
YGL212W,0.9349845201238391,12.11111111111111,53.25,0,0.9349845201238391
YGR218W,0.9302921394833576,36.41048118548119,68.48333333333335,1,0.9302921394833576
YHR172W,1.3626373626373627,5.313131313131313,6.694444444444444,1,1.3626373626373627
YIL026C,1.2046035805626598,10.0,6.0,1,1.2046035805626598
YIL061C,14.073601302948182,337.3,312.8333333333333,1,14.073601302948182
YLR045C,0.0,0.0,0.0,1,0.0
YLR429W,0.0,5.076923076923077,0.0,0,0.0
YMR047C,1.1275167785234903,97.52500000000002,87.72083333333335,1,1.1275167785234903
YNL126W,1.4626373626373628,4.666666666666667,6.694444444444445,1,1.4626373626373628
YNL188W,0.0,0.0,0.0,1,0.0
YAL049C,0.0,0.0,0.0,0,0.0
YNL094W,0.4955433253981348,0.0,42.45,0,0.4955433253981348
YAL051W,0.0,0.0,0.0,0,0.0
YOR363C,0.0,0.0,0.0,0,0.0
YAL054C,0.0,0.0,0.0,0,0.0
YHR041C,4.092056084665693,82.2334249084249,16.0,0,4.092056084665693
YLR049C,0.0,0.0,0.0,0,0.0
YAL055W,0.0,0.0,0.0,0,0.0
YAL056W,0.5,12.142857142857142,4.666666666666667,0,0.5
YER020W,1.0,12.90952380952381,1.8333333333333333,0,1.0
YGL121C,1.0,34.0,14.833333333333332,0,1.0
YAL058W,0.0,0.0,0.0,0,0.0
YOR236W,0.0,0.0,0.0,1,0.0
YAL059W,0.0,0.0,0.0,0,0.0
YER165W,1.247690239071915,14.581959706959706,27.208333333333332,1,1.247690239071915
YAL060W,0.0,0.0,0.0,0,0.0
YAL062W,0.0,0.0,0.0,0,0.0
YLR267W,0.0,0.0,0.0,0,0.0
YAL064W,0.0,0.0,0.0,0,0.0
YHR114W,0.3177570093457944,19.7,31.333333333333332,0,0.3177570093457944
YKR011C,0.0,0.0,0.0,0,0.0
YMR149W,5.776223776223777,4.583333333333334,8.0,1,5.776223776223777
YAL064WB,0.0,0.0,0.0,0,0.0
YPR126C,0.0,0.0,0.0,0,0.0
YAL066W,0.0,0.0,0.0,0,0.0
YAR002CA,0.0,0.0,0.0,0,0.0
YER110C,1.9414910557038885,42.36204481792718,51.138888888888886,0,1.9414910557038885
YDL229W,0.08689024390243902,13.0,3.0,0,0.08689024390243902
YDR385W,0.4202235772357723,0.0,0.0,0,0.0
YGL097W,0.5737502214610524,3.666666666666666,22.166666666666664,1,0.5737502214610524
YJL080C,0.0,0.0,0.0,0,0.0
YLR293C,1.592020054431772,31.3469696969697,61.5,1,1.592020054431772
YAR003W,2.0037851037851038,28.0,6.0,0,2.0037851037851038
YBL026W,0.9115942028985508,18.41812865497076,35.66666666666667,1,0.9115942028985508
YBR175W,1.9820512820512821,32.86666666666667,17.166666666666668,0,1.9820512820512821
YBR258C,2.3313492063492065,51.0,16.0,0,2.3313492063492065
YDR140W,0.0,0.0,0.0,0,0.0
YHR119W,2.747863247863248,16.975757575757573,19.166666666666664,0,2.747863247863248
YLR015W,3.1506410256410255,38.1,19.666666666666668,0,3.1506410256410255
YAR007C,3.6793650793650796,30.004847345636826,144.33333333333331,1,3.6793650793650796
YBR114W,2.44626554001554,17.799999999999997,15.5,0,2.44626554001554
YBR136W,1.4965277777777777,8.153634085213033,14.666666666666666,1,1.4965277777777777
YCR028CA,1.9035714285714285,2.056140350877193,0.0,0,1.9035714285714285
YCR092C,5.2429098679098685,8.788721804511278,64.83333333333334,0,5.2429098679098685
YDL007W,30.767458796761012,325.1608709273183,86.91666666666666,1,30.767458796761012
YDL097C,30.039621187216085,325.1608709273183,0.0,1,30.039621187216085
YDL225W,2.0332122083283073,28.163636363636364,15.166666666666668,0,2.0332122083283073
YDR034C,0.12903225806451613,8.200000000000001,27.633333333333333,0,0.12903225806451613
YDR097C,4.682393994893995,17.30889724310777,71.66666666666666,0,4.682393994893995
YDR499W,0.8564213564213564,32.4,4.166666666666667,1,0.8564213564213564
YER021W,30.71973152403374,761.3333333333333,0.0,1,30.71973152403374
YER095W,1.2515866873065014,20.554761904761904,8.25,0,1.2515866873065014
YHR164C,1.7535714285714286,2.056140350877193,1.5,1,1.7535714285714286
YJL026W,0.8416666666666668,29.425,9.222222222222221,1,0.8416666666666668
YJL173C,1.5952380952380953,11.4,20.833333333333332,1,1.5952380952380953
YLR033W,1.6368894700357552,19.05,20.5,1,1.6368894700357552
YML032C,3.4335839598997495,45.612987012987006,99.83333333333333,0,3.4335839598997495
YMR167W,3.982080419580419,7.761591478696742,66.33333333333334,0,3.982080419580419
YMR190C,4.121989121989121,4.041353383458647,5.833333333333332,0,4.121989121989121
YNL082W,4.679244366744366,14.947573479152426,70.66666666666667,0,4.679244366744366
YNL312W,1.9035714285714287,2.056140350877193,8.5,1,1.9035714285714287
YOL006C,1.6107059120217015,7.146052631578948,10.611111111111107,0,1.6107059120217015
YOL090W,3.620192307692308,13.45263157894737,53.333333333333336,0,3.620192307692308
YPL235W,3.70594123465958,212.59761904761908,244.83333333333331,1,3.70594123465958
YAR008W,1.4,1.2,3.0,1,1.4
YBL051C,0.0,0.0,0.0,0,0.0
YLR105C,1.2000000000000002,2.2666666666666666,3.0,1,1.2000000000000002
YMR059W,1.5666666666666667,6.666666666666667,3.0,1,1.5666666666666667
YPL083C,1.5666666666666667,2.2666666666666666,3.0,1,1.5666666666666667
YAR009C,0.0,0.0,0.0,0,0.0
YHL002W,0.3817997418403098,2.6666666666666665,7.666666666666666,0,0.3817997418403098
YNL118C,0.781053859943383,24.370734528629264,46.166666666666664,1,0.781053859943383
YAR014C,0.0,0.0,0.0,0,0.0
YDR195W,1.8470953786270337,32.18214285714286,51.0,0,1.8470953786270337
YER054C,1.6323232323232326,31.0,0.0,0,1.6323232323232326
YER158C,0.0,0.0,0.0,0,0.0
YIL045W,0.19090909090909092,2.321428571428571,0.0,0,0.19090909090909092
YMR071C,0.0,0.0,0.0,1,0.0
YNL333W,2.1317114093959733,14.3,0.0,0,2.1317114093959733
YOL154W,0.0,0.0,0.0,0,0.0
YAR018C,0.028381642512077296,2.0,0.0,0,0.028381642512077296
YBL106C,0.08635394456289978,4.564102564102564,0.0,0,0.08635394456289978
YGR285C,0.0,0.0,0.0,0,0.0
YML064C,0.5714285714285715,83.79761904761907,0.0,1,0.5714285714285715
YOR167C,45.191585120995285,240.6000000000002,231.33333333333334,0,45.191585120995285
YAR019C,0.0,0.0,0.0,1,0.0
YAR020C,0.0,0.0,0.0,0,0.0
YBR222C,0.0,0.0,0.0,0,0.0
YDR455C,0.0,0.0,0.0,0,0.0
YAR027W,0.0,0.0,0.0,0,0.0
YAR030C,0.0,0.0,0.0,0,0.0
YBR135W,0.4105314226003881,18.78181818181818,0.0,1,0.4105314226003881
YAR031W,0.0,0.0,0.0,0,0.0
YBR217W,0.5668097303878131,25.433333333333334,17.0,0,0.5668097303878131
YCR030C,0.39965608465608465,6.625,36.75,0,0.39965608465608465
YAR033W,0.0,0.0,0.0,0,0.0
YGL051W,0.0,0.0,0.0,0,0.0
YKL174C,0.0,0.0,0.0,0,0.0
YAR035W,0.0,0.0,0.0,0,0.0
YGR069W,0.0,0.0,0.0,0,0.0
YLR295C,1.553956834532374,74.75,44.54166666666667,0,1.553956834532374
YLR381W,0.0,0.0,0.0,0,0.0
YLR447C,1.9207920792079216,65.86623376623376,52.041666666666664,0,1.9207920792079216
YAR042W,1.25,2.0090909090909093,0.9722222222222222,0,1.25
YAR044W,0.6666666666666666,0.0,0.0,0,0.0
YDL019C,1.25,0.9090909090909092,6.222222222222222,0,1.25
YHL020C,0.5,1.1,6.75,0,0.5
YER120W,0.0,0.0,0.0,0,0.0
YLR191W,1.2946217604920678,5.333333333333333,8.083333333333334,0,1.2946217604920678
YAR047C,0.0,0.0,0.0,0,0.0
YAR060C,0.0,0.0,0.0,0,0.0
YKR019C,0.0,0.0,0.0,0,0.0
YAR061W,0.0,0.0,0.0,0,0.0
YJR086W,0.3825396825396825,8.5,0.0,0,0.3825396825396825
YAR064W,0.0,0.0,0.0,0,0.0
YBR109C,0.3241414625642814,22.57962037962038,25.375,1,0.3241414625642814
YGL070C,3.60655737704918,147.12857142857143,75.0,0,3.60655737704918
YAR066W,0.0,0.0,0.0,0,0.0
YDR074W,0.8460317460317459,2.033333333333333,7.0,0,0.8460317460317459
YLR145W,0.0,0.0,0.0,1,0.0
YPR086W,0.24132836587872553,28.444444444444446,51.5,1,0.24132836587872553
YAR069C,0.0,0.0,0.0,0,0.0
YPL215W,0.03453321627158326,2.1666666666666665,1.0,0,0.03453321627158326
YAR071W,0.0,0.0,0.0,0,0.0
YLR453C,0.09031816626753335,2.2,5.0,0,0.09031816626753335
YAR073W,0.47619047619047616,0.0,2.0,0,0.47619047619047616
YLR432W,0.5714285714285714,5.2,3.0,0,0.5714285714285714
YML056C,0.819047619047619,5.0,3.0,0,0.819047619047619
YBL001C,0.04671140939597315,2.0090909090909093,0.0,0,0.04671140939597315
YDR510W,0.3637959548296951,25.0,0.0,1,0.3637959548296951
YER067W,0.0,0.0,0.0,0,0.0
YPL068C,0.0,0.0,0.0,0,0.0
YBL002W,2.7431446430807043,4.357142857142858,3.0,0,2.7431446430807043
YBL003C,6.807372192369279,166.86666666666667,73.5,1,6.807372192369279
YBR010W,3.2693556443556444,16.004901960784316,0.0,0,3.2693556443556444
YCL066W,0.6624215577703949,0.0,0.0,0,0.0
YDR194C,10.685074388097904,37.98214285714286,36.0,0,10.685074388097904
YDR224C,3.3888611388611385,19.91428571428572,7.0,1,3.3888611388611385
YDR225W,3.2247603736574324,50.73333333333333,9.0,0,3.2247603736574324
YIL126W,5.462892497509371,32.15098039215686,53.666666666666664,1,5.462892497509371
YNL030W,6.2884574335831,111.86215794009912,0.0,0,6.2884574335831
YNL031C,2.481580919080919,4.357142857142858,0.0,0,2.481580919080919
YOL012C,0.39603729603729604,0.5,4.5,0,0.39603729603729604
YDL166C,28.383480832270877,296.4644993894994,259.91666666666663,1,28.383480832270877
YDR324C,37.17095377009278,901.2000000000002,434.6666666666667,1,37.17095377009278
YDR365C,38.048124326181735,424.9718226218226,447.7083333333333,1,38.048124326181735
YER127W,37.67835816854495,1495.3333333333337,455.33333333333337,1,37.67835816854495
YFR037C,4.574076617826617,46.17348187759953,91.53333333333333,1,4.574076617826617
YGR090W,42.325470027071226,993.1868353868356,887.5416666666666,1,42.325470027071226
YGR128C,39.12881841005163,453.3491563991564,479.83333333333337,1,39.12881841005163
YGR145W,38.39317787138847,556.8426684426687,639.3749999999999,1,38.39317787138847
YHR196W,38.825192503403365,845.9333333333334,465.58333333333337,1,38.825192503403365
YLR003C,30.35844384650983,289.5289987789988,717.5833333333333,0,30.35844384650983
YLR186W,37.36274120500119,609.5309385059387,482.41666666666663,1,37.36274120500119
YLR222C,36.777601083347015,503.36693861693857,502.66666666666663,1,36.777601083347015
YMR072W,0.0,0.0,0.0,0,0.0
YMR075W,0.0,0.0,0.0,0,0.0
YNL075W,39.34860259182443,791.5928571428574,484.08333333333337,1,39.34860259182443
YOR056C,28.304091780691504,345.95977633477634,120.62499999999999,1,28.304091780691504
YPL126W,38.04941755939068,929.9666666666672,498.41666666666663,1,38.04941755939068
YPR137W,39.4933781220959,848.016666666667,467.83333333333337,1,39.4933781220959
YBL004W,41.467949565450425,897.6972083472086,664.6944444444443,1,41.467949565450425
YBL088C,0.0,0.0,0.0,0,0.0
YBR084W,6.047007132308835,107.3595238095238,328.5,0,6.047007132308835
YBR142W,36.60952236693735,1519.3333333333337,357.5833333333334,1,36.60952236693735
YBR247C,9.950993038704022,140.16939726939728,76.05555555555553,1,9.950993038704022
YBR267W,41.24772892274014,1014.35,1091.4999999999998,0,41.24772892274014
YCL054W,38.01841235092451,787.6047619047621,367.8333333333334,1,38.01841235092451
YCL059C,36.10816887994366,910.5166666666668,574.5,1,36.10816887994366
YCR035C,7.005976243824541,59.0984126984127,30.111111111111114,1,7.005976243824541
YCR057C,23.077100718013813,417.1464285714287,175.25,1,23.077100718013813
YDL031W,38.646426394822605,531.2576645576645,579.6666666666665,1,38.646426394822605
YDL060W,38.6965197639032,1034.0,391.7500000000002,1,38.6965197639032
YDL111C,6.787635432249784,31.416694416694416,27.111111111111114,1,6.787635432249784
YDR087C,41.65132386885173,1668.9999999999995,625.6249999999999,1,41.65132386885173
YDR170C,0.2429361179361179,0.0,9.666666666666666,1,0.2429361179361179
YDR280W,7.644072900175547,77.5873015873016,45.13888888888889,1,7.644072900175547
YDR299W,24.3557062689655,712.0000000000001,236.87499999999994,1,24.3557062689655
YDR300C,0.21428571428571427,2.321428571428571,0.0,0,0.21428571428571427
YEL026W,14.261579245420466,358.6630952380952,264.3333333333333,1,14.261579245420466
YER006W,39.49153098272397,627.3984903984905,1460.5833333333333,1,39.49153098272397
YER126C,41.11971711424869,1328.3333333333333,624.8333333333334,1,41.11971711424869
YFL002C,34.48182256046646,666.4674603174601,453.1666666666667,1,34.48182256046646
YGL111W,39.96690174472824,1704.6666666666672,626.1666666666666,1,39.96690174472824
YGL120C,28.68523667341444,859.8499999999999,1047.4166666666665,1,28.68523667341444
YGL171W,36.42318983208239,623.9178571428572,436.1666666666667,1,36.42318983208239
YGL195W,1.4021314152218978,14.591666666666669,104.33333333333333,0,1.4021314152218978
YGR081C,30.993800424612935,567.3000000000001,404.50000000000006,0,30.993800424612935
YGR095C,6.591667798661436,73.00000000000001,25.750000000000004,1,6.591667798661436
YGR158C,6.558214089442964,57.269047619047605,31.111111111111114,1,6.558214089442964
YGR195W,6.699915616943763,36.52473082473082,28.44444444444445,1,6.699915616943763
YGR245C,31.265378944721476,423.0792957042957,441.25,1,31.265378944721476
YHR066W,27.84335304133858,438.4925796425797,309.66666666666674,0,27.84335304133858
YHR085W,40.96521551827043,835.6476190476192,1215.5,1,40.96521551827043
YHR088W,41.96381227028707,995.6833333333332,614.3333333333333,1,41.96381227028707
YHR089C,11.618868099522718,482.25,267.7916666666667,1,11.618868099522718
YHR148W,29.646122576503934,491.3666666666667,261.87499999999994,1,29.646122576503934
YHR169W,34.100311526784786,599.154761904762,402.6666666666667,1,34.100311526784786
YHR170W,41.048495045752816,1146.5666666666666,608.4166666666665,1,41.048495045752816
YHR197W,41.37710070220448,875.5476190476192,1258.333333333333,1,41.37710070220448
YJL033W,35.37908528247699,616.4964285714287,418.9166666666667,1,35.37908528247699
YJR002W,34.90975031354554,409.79811299811297,407.4166666666667,1,34.90975031354554
YKL014C,43.78425701094514,794.3869241869241,752.1249999999999,1,43.78425701094514
YKL143W,14.952583774110527,165.36556776556773,219.91666666666666,0,14.952583774110527
YKL172W,38.83847527695164,609.5318764568766,396.50000000000006,1,38.83847527695164
YKR086W,0.026866151866151863,0.0,7.583333333333333,1,0.026866151866151863
YLL008W,41.81222316105271,1094.6833333333332,691.8749999999999,1,41.81222316105271
YLL011W,33.067391594406615,356.1141636141636,395.4166666666667,1,33.067391594406615
YLL034C,38.611786226691564,1045.6833333333334,521.5833333333333,1,38.611786226691564
YLR002C,42.47104741228204,933.9309523809526,662.0833333333331,1,42.47104741228204
YLR009W,38.26454412088373,908.4333333333332,504.1666666666667,1,38.26454412088373
YLR074C,26.771836035523677,650.9976190476191,402.4166666666667,0,26.771836035523677
YLR129W,30.404687820116937,291.84340659340666,273.62499999999994,1,30.404687820116937
YLR276C,43.008606944817686,1041.1119047619052,801.0416666666666,1,43.008606944817686
YMR128W,8.391540318753886,124.44286546786547,147.75,1,8.391540318753886
YMR308C,2.7516518816779127,64.31708895679483,86.45833333333333,1,2.7516518816779127
YNL061W,38.91922461661451,897.0238095238093,641.6249999999999,1,38.91922461661451
YNL182C,41.179278458114496,650.8821262071261,1280.9999999999998,1,41.179278458114496
YNL207W,8.20303642622276,129.5,116.58333333333334,1,8.20303642622276
YNL232W,5.695311783216129,23.14990564990565,22.111111111111114,1,5.695311783216129
YNR053C,38.818741611196884,2808.0,576.0833333333333,1,38.818741611196884
YOL010W,29.18048083241568,440.5619047619047,268.12499999999994,1,29.18048083241568
YOL021C,22.650314948138522,370.0437368187368,173.27083333333331,1,22.650314948138522
YOL142W,7.344651336406526,82.3809523809524,35.77777777777778,1,7.344651336406526
YOR145C,38.87787670692215,791.5999999999999,315.8888888888889,1,38.87787670692215
YOR310C,22.743148962539582,473.2571428571428,356.1666666666667,1,22.743148962539582
YOR341W,36.91384487485786,652.009817959818,562.7666666666667,1,36.91384487485786
YPL043W,41.255394364918956,689.097089022089,547.4583333333333,1,41.255394364918956
YPL190C,0.0,0.0,0.0,1,0.0
YPL217C,38.9794249822447,630.2335914085915,430.02777777777794,1,38.9794249822447
YPL266W,35.10568770866609,378.4519536019536,270.0555555555555,1,35.10568770866609
YPR016C,35.86561602594,742.092821067821,335.05555555555554,1,35.86561602594
YPR110C,11.757101242562578,112.61666666666667,90.75,1,11.757101242562578
YPR112C,36.75432258230769,355.1147435897436,830.1666666666667,1,36.75432258230769
YBL005W,0.09965034965034966,2.142857142857143,2.0,0,0.09965034965034966
YCR009C,0.7607832312166676,7.4,19.5,0,0.7607832312166676
YDR176W,0.7310379515571535,2.6095238095238096,12.833333333333332,0,0.7310379515571535
YDR388W,1.9435828877005343,38.51119465329992,152.91666666666669,0,1.9435828877005343
YBL006C,0.0,0.0,0.0,0,0.0
YDR489W,0.0,0.0,0.0,1,0.0
YBL007C,2.4767838483355726,15.266269841269844,30.4,0,2.4767838483355726
YBR098W,0.08711433756805807,0.0,0.0,0,0.0
YBR205W,0.08711433756805807,0.0,0.0,0,0.0
YCL034W,0.06478578892371996,2.25,0.0,0,0.06478578892371996
YCR088W,1.4924029313094647,49.333333333333336,105.45,1,1.4924029313094647
YDR172W,0.327006327006327,0.0,4.5,1,0.327006327006327
YFR024C,1.5575045764882423,2.355555555555556,0.0,0,1.5575045764882423
YGL104C,0.08711433756805807,0.0,0.0,0,0.0
YGL206C,1.585956232301914,6.777777777777778,61.54166666666667,0,1.585956232301914
YIL095W,0.17733990147783252,0.0,9.45,0,0.17733990147783252
YIR006C,0.38842123056119,0.0,18.4375,1,0.38842123056119
YIR012W,0.0,0.0,0.0,1,0.0
YJL004C,0.08711433756805807,0.0,0.0,0,0.0
YJL151C,0.23483473574217675,3.6,0.0,0,0.23483473574217675
YKR030W,0.08711433756805807,0.0,0.0,0,0.0
YLR064W,0.0,0.0,0.0,0,0.0
YLR078C,4.681194168016664,56.79761904761904,51.583333333333336,1,4.681194168016664
YLR337C,2.6113763674418546,24.72222222222222,115.25,0,2.6113763674418546
YMR253C,0.08711433756805807,0.0,0.0,0,0.0
YNL084C,1.6963719097389105,24.166666666666668,32.5,0,1.6963719097389105
YNL138W,0.7280725022104333,8.479166666666666,29.2,1,0.7280725022104333
YNL152W,0.0,0.0,0.0,1,0.0
YNL243W,3.0355297432452604,35.273656898656895,46.2375,1,3.0355297432452604
YOR181W,3.0303030303030294,50.20833333333333,0.0,1,3.0303030303030294
YOR284W,1.2105072127477916,4.533333333333333,131.58333333333331,0,1.2105072127477916
YPL246C,0.23483473574217675,0.0,0.0,0,0.0
YPR159W,0.06478578892371996,1.2857142857142858,0.0,0,0.06478578892371996
YBL008W,1.6,0.0,2.0,0,1.6
YBR289W,4.146929824561402,17.22222222222222,72.83333333333334,0,4.146929824561402
YJL115W,0.9333333333333333,3.825,8.5,0,0.9333333333333333
YJL176C,3.8746186117467576,23.365079365079364,73.83333333333334,0,3.8746186117467576
YOR038C,1.6,0.0,12.5,0,1.6
YOR290C,4.2427631578947365,17.22222222222222,73.83333333333334,0,4.2427631578947365
YBL009W,0.0,0.0,0.0,0,0.0
YBL010C,0.0,0.0,0.0,0,0.0
YKR022C,0.0,0.0,0.0,1,0.0
YBL014C,1.1156070843570842,13.666666666666666,4.666666666666666,1,1.1156070843570842
YER148W,6.145048739941205,93.94772384478264,95.16666666666667,1,6.145048739941205
YHL004W,10.590682948891903,85.5,39.44444444444444,0,10.590682948891903
YJL025W,1.4477477477477476,16.25,7.666666666666667,1,1.4477477477477476
YML043C,1.2207207207207207,10.95,7.416666666666667,1,1.2207207207207207
YOR158W,15.42473710990502,152.5,44.38888888888889,0,15.42473710990502
YBL015W,0.0,0.0,0.0,0,0.0
YLR304C,0.3464646464646465,0.0,3.4444444444444446,0,0.3464646464646465
YMR105C,1.227849927849928,5.940476190476191,13.0,0,1.227849927849928
YMR303C,0.4633699633699634,3.8,6.0,0,0.4633699633699634
YBL016W,1.2252747252747254,7.692857142857142,7.5,0,1.2252747252747254
YDL159W,0.8955128205128206,2.1142857142857143,0.0,0,0.8955128205128206
YDR103W,1.02684766214178,8.721428571428572,4.0,0,1.02684766214178
YDR469W,0.325,3.4,4.5,0,0.325
YDR480W,1.0278610278610278,7.386904761904763,5.5,0,1.0278610278610278
YER075C,0.0,0.0,0.0,0,0.0
YGL057C,0.0,0.0,0.0,0,0.0
YGL178W,0.38247863247863245,12.214285714285715,4.0,0,0.38247863247863245
YGR040W,1.6604700854700853,14.05,7.5,0,1.6604700854700853
YHR005C,0.2857142857142857,5.0,0.0,1,0.2857142857142857
YHR168W,0.0,0.0,0.0,0,0.0
YIL169C,0.0,0.0,0.0,0,0.0
YLR362W,1.0387847446670975,22.573717948717952,0.0,0,1.0387847446670975
YNL053W,0.0,8.0,0.0,0,0.0
YPL049C,1.4063714063714063,21.39880952380952,12.0,0,1.4063714063714063
YBL017C,0.0,0.0,0.0,0,0.0
YDR432W,0.7646384499370269,17.625,7.75,1,0.7646384499370269
YMR197C,3.226470588235294,24.25,57.0,1,3.226470588235294
YBL019W,0.0,0.0,0.0,0,0.0
YEL009C,1.4269272380247138,16.452014652014654,9.0,0,1.4269272380247138
YBL020W,0.0,0.0,0.0,1,0.0
YBL021C,0.0,1.4285714285714286,0.0,0,0.0
YHL006C,0.3333333333333333,2.05,2.0,0,0.3333333333333333
YKL109W,0.0,0.0,0.0,0,0.0
YBL022C,0.04819976771196283,0.0,0.0,0,0.0
YHR200W,29.88459563254823,469.41666666666674,0.0,0,29.88459563254823
YLL039C,0.5454545454545454,6.183333333333334,0.0,0,0.5454545454545454
YOR136W,0.7235717498875394,7.066666666666667,11.0,0,0.7235717498875394
YBL023C,14.806998050682264,47.53102642971064,127.0,1,14.806998050682264
YBR060C,15.845370909707297,125.34415584415584,123.5,1,15.845370909707297
YBR202W,15.5877666718399,41.65440305308727,64.25,1,15.5877666718399
YBR265W,0.0,0.0,0.0,1,0.0
YBR278W,12.810693702856176,85.22857142857144,66.0,0,12.810693702856176
YDL017W,2.572966507177034,12.006493506493506,0.0,1,2.572966507177034
YDL102W,14.191223419770333,33.85051834130782,66.0,1,14.191223419770333
YDR052C,2.572966507177034,11.40909090909091,0.0,1,2.572966507177034
YDR318W,0.03373843642300018,10.2,2.9166666666666665,0,0.03373843642300018
YEL032W,15.5877666718399,41.65440305308727,127.0,1,15.5877666718399
YGL201C,13.748787266368536,43.87940305308726,131.0,1,13.748787266368536
YHR118C,16.237145801482185,52.56555023923445,123.5,1,16.237145801482185
YIL150C,0.9649122807017543,10.666666666666666,16.5,1,0.9649122807017543
YJL194W,8.023670547371221,67.26103896103896,30.0,1,8.023670547371221
YJR006W,14.191223419770333,121.28571428571428,66.0,1,14.191223419770333
YJR043C,14.220463185852203,33.85051834130782,67.0,0,14.220463185852203
YLL004W,15.845370909707297,52.56555023923445,123.5,1,15.845370909707297
YLR103C,15.188643864822357,38.94606971975393,123.0,1,15.188643864822357
YLR274W,15.188643864822357,66.50396445659604,63.75,1,15.188643864822357
YML065W,14.966480809302952,125.55584415584414,123.5,1,14.966480809302952
YNL261W,15.845370909707297,52.56555023923445,123.5,1,15.845370909707297
YNL262W,10.957787547630113,75.93078211348335,183.16666666666669,1,10.957787547630113
YOR196C,0.0,0.0,0.0,0,0.0
YPR019W,15.587766671839901,51.02554112554111,127.0,1,15.587766671839901
YPR162C,16.23714580148219,183.57142857142856,123.5,1,16.23714580148219
YPR175W,13.001949317738793,45.9862326270221,49.416666666666664,1,13.001949317738793
YBL024W,0.0,0.0,0.0,0,0.0
YGR237C,0.0,0.0,0.0,0,0.0
YBL025W,0.3333333333333333,2.0,2.0,0,0.3333333333333333
YDL113C,0.0,0.0,0.0,0,0.0
YIL141W,0.0,0.0,0.0,0,0.0
YJR087W,0.0,0.0,0.0,0,0.0
YKL135C,0.9169942473633749,9.75,11.094444444444445,0,0.9169942473633749
YLR141W,0.3666666666666667,2.0,2.0,1,0.3666666666666667
YMR270C,0.5936936936936936,7.25,4.25,1,0.5936936936936936
YBL066C,0.07222222222222223,0.0,4.5,0,0.07222222222222223
YCR020CA,0.0,0.0,0.0,0,0.0
YCR066W,0.0,1.3333333333333333,0.0,0,0.0
YDL175C,0.0,2.933333333333333,0.0,0,0.0
YDR166C,4.588095238095239,7.166666666666666,0.0,1,4.588095238095239
YDR440W,0.0,0.0,0.0,0,0.0
YDR473C,24.004619845735217,783.5,318.83333333333337,1,24.004619845735217
YEL015W,1.275693966613026,16.218170426065164,48.666666666666664,0,1.275693966613026
YER025W,4.969299681301634,48.88744588744588,0.0,1,4.969299681301634
YER112W,17.904830917874396,441.8880952380953,194.29166666666669,1,17.904830917874396
YER146W,1.0924084636879556,16.308621933621936,65.5,1,1.0924084636879556
YFL017WA,0.5603174603174603,0.0,0.0,0,0.0
YGL173C,0.4421640779764349,3.850877192982456,7.0,0,0.4421640779764349
YGL185C,0.0,0.0,0.0,0,0.0
YGR077C,0.0,0.0,0.0,0,0.0
YIL048W,0.05793650793650794,0.0,1.5,1,0.05793650793650794
YIL066C,1.45,21.91111111111111,15.5,0,1.45
YIL132C,0.027864312911041883,2.166666666666667,2.25,0,0.027864312911041883
YLR039C,0.0,0.0,0.0,0,0.0
YLR120C,0.0,0.0,0.0,0,0.0
YLR126C,0.0,0.0,0.0,0,0.0
YLR128W,0.0,0.0,0.0,0,0.0
YMR066W,0.0,0.0,0.0,0,0.0
YMR207C,0.0,0.0,0.0,0,0.0
YMR237W,0.0,0.0,0.0,0,0.0
YNL147W,1.0984385783298827,4.904761904761905,12.916666666666666,1,1.0984385783298827
YNL264C,0.0,0.0,0.0,0,0.0
YNL287W,5.201739766081872,48.36904761904761,19.166666666666668,1,5.201739766081872
YOL102C,0.0,2.0,0.0,1,0.0
YOL149W,1.8713161298553262,28.20952380952381,54.416666666666664,1,1.8713161298553262
YOL163W,0.0,0.0,0.0,0,0.0
YOR017W,0.04943181818181818,0.0,2.0,0,0.04943181818181818
YOR043W,0.0,2.727272727272727,0.0,0,0.0
YOR191W,0.0,0.0,0.0,0,0.0
YPL115C,0.27729885057471265,12.925,0.0,1,0.27729885057471265
YPL119C,0.0,0.0,0.0,0,0.0
YPL213W,0.22222222222222224,0.0,0.0,1,0.0
YPL249CA,74.25719687735086,19.066666666666663,0.0,0,19.066666666666663
YPR032W,0.0,0.0,0.0,0,0.0
YPR184W,0.05793650793650794,0.0,2.25,0,0.05793650793650794
YBL027W,78.4187802505375,19.066666666666663,146.0,0,78.4187802505375
YBL087C,77.6941076417918,19.066666666666663,0.0,0,19.066666666666663
YBL092W,77.65072469498206,291.9999999999999,146.0,1,77.65072469498206
YBR031W,78.93128025053755,19.066666666666663,0.0,0,19.066666666666663
YBR084CA,78.93128025053755,19.066666666666663,0.0,0,19.066666666666663
YBR191W,78.93128025053755,19.066666666666663,0.0,0,19.066666666666663
YDL075W,77.72254144083249,19.066666666666663,146.5,0,77.72254144083249
YDL081C,73.41293527861737,181.7666666666665,164.0,0,73.41293527861737
YDL082W,78.93128025053755,19.066666666666663,146.0,0,78.93128025053755
YDL130W,69.44111323459153,19.066666666666663,146.0,0,69.44111323459153
YDL133CA,78.93128025053755,19.066666666666663,0.0,0,19.066666666666663
YDL136W,78.93128025053755,19.066666666666663,0.0,0,19.066666666666663
YDL184C,78.93128025053755,19.066666666666663,0.0,0,19.066666666666663
YDL191W,78.93128025053755,19.066666666666663,146.0,0,78.93128025053755
YDR012W,78.44161367036105,19.066666666666663,74.0,0,74.0
YDR382W,69.22971014492755,209.7666666666664,223.83333333333334,0,69.22971014492755
YDR418W,78.44362592954984,19.066666666666663,0.0,0,19.066666666666663
YDR471W,78.93128025053755,19.066666666666663,0.0,0,19.066666666666663
YDR500C,78.46605995935089,19.066666666666663,146.0,0,78.46605995935089
YEL054C,77.67541605300674,19.066666666666663,146.0,0,77.67541605300674
YER056CA,78.93128025053755,19.066666666666663,0.0,0,19.066666666666663
YER117W,78.46216319734724,19.066666666666663,147.0,0,78.46216319734724
YFL034CA,78.93128025053755,19.066666666666663,0.0,0,19.066666666666663
YFR031CA,78.44214981575489,19.066666666666663,0.0,0,19.066666666666663
YFR032CA,78.93128025053755,19.066666666666663,0.0,0,19.066666666666663
YGL030W,77.6941076417918,19.066666666666663,147.0,1,77.6941076417918
YGL031C,78.93128025053755,19.066666666666663,0.0,0,19.066666666666663
YGL076C,78.93128025053755,19.066666666666663,0.0,0,19.066666666666663
YGL103W,78.93128025053755,19.066666666666663,0.0,1,19.066666666666663
YGL135W,76.86401382482347,19.066666666666663,0.0,0,19.066666666666663
YGL147C,78.4187802505375,19.066666666666663,146.0,0,78.4187802505375
YGR034W,78.4187802505375,19.066666666666663,146.0,0,78.4187802505375
YGR085C,77.72291155380154,225.41666666666663,78.0,0,77.72291155380154
YGR148C,78.43760240211856,21.1,158.5,0,78.43760240211856
YHL001W,78.4187802505375,19.066666666666663,146.0,0,78.4187802505375
YHL033C,78.46605995935089,19.066666666666663,146.0,0,78.46605995935089
YHR010W,78.93128025053755,19.066666666666663,0.0,0,19.066666666666663
YHR141C,78.93128025053755,19.066666666666663,0.0,0,19.066666666666663
YIL018W,78.93128025053755,19.066666666666663,146.0,0,78.93128025053755
YIL052C,78.4187802505375,19.066666666666663,146.0,0,78.4187802505375
YIL133C,78.93128025053755,19.066666666666663,0.0,0,19.066666666666663
YIL148W,78.93128025053755,19.066666666666663,74.0,0,74.0
YJL177W,78.93128025053755,19.066666666666663,0.0,0,19.066666666666663
YJL189W,78.4187802505375,19.066666666666663,146.0,0,78.4187802505375
YJR094WA,78.93128025053755,19.066666666666663,0.0,0,19.066666666666663
YKL006W,78.93128025053755,19.066666666666663,0.0,0,19.066666666666663
YKL180W,78.4187802505375,19.066666666666663,146.0,1,78.4187802505375
YKR094C,78.93128025053755,19.066666666666663,0.0,0,19.066666666666663
YLL045C,78.93128025053755,19.066666666666663,0.0,0,19.066666666666663
YLR029C,78.93128025053755,19.066666666666663,0.0,1,19.066666666666663
YLR061W,78.93128025053755,19.066666666666663,0.0,0,19.066666666666663
YLR075W,78.4187802505375,19.066666666666663,146.0,1,78.4187802505375
YLR185W,78.4187802505375,19.066666666666663,146.0,0,78.4187802505375
YLR325C,76.79435613129641,19.066666666666663,146.0,0,76.79435613129641
YLR340W,78.93128025053755,165.73333333333335,146.0,1,78.93128025053755
YLR344W,78.4187802505375,19.066666666666663,146.0,0,78.4187802505375
YLR406C,78.44362592954984,19.066666666666663,146.5,0,78.44362592954984
YLR448W,78.4187802505375,19.066666666666663,146.0,0,78.4187802505375
YML073C,78.93128025053755,19.066666666666663,0.0,0,19.066666666666663
YMR121C,78.93128025053755,19.066666666666663,0.0,0,19.066666666666663
YMR142C,78.4187802505375,19.066666666666663,146.0,0,78.4187802505375
YMR194W,78.93128025053755,19.066666666666663,0.0,0,19.066666666666663
YMR242C,78.4187802505375,19.066666666666663,0.0,0,19.066666666666663
YNL067W,78.93128025053755,19.066666666666663,0.0,0,19.066666666666663
YNL069C,78.93128025053755,19.066666666666663,0.0,0,19.066666666666663
YNL162W,78.93128025053755,19.066666666666663,0.0,1,19.066666666666663
YNL301C,76.86263910513809,21.23333333333333,151.0,0,76.86263910513809
YOL039W,78.4187802505375,219.91666666666663,146.0,0,78.4187802505375
YOL120C,78.93128025053755,19.066666666666663,0.0,1,19.066666666666663
YOL127W,77.67541605300676,123.79999999999998,151.83333333333331,1,77.67541605300676
YOR063W,77.67483507987676,19.066666666666663,146.0,1,77.67483507987676
YOR234C,78.93128025053755,19.066666666666663,0.0,0,19.066666666666663
YOR312C,78.93128025053755,19.066666666666663,146.0,0,78.93128025053755
YPL079W,78.93128025053755,19.066666666666663,0.0,0,19.066666666666663
YPL131W,77.65072469498206,167.73333333333332,74.0,1,77.65072469498206
YPL143W,78.93128025053755,19.066666666666663,0.0,1,19.066666666666663
YPL198W,78.93128025053755,19.066666666666663,0.0,0,19.066666666666663
YPL220W,78.93128025053755,19.066666666666663,146.0,0,78.93128025053755
YPR043W,78.93128025053755,19.066666666666663,0.0,0,19.066666666666663
YPR102C,76.86639243305477,24.133333333333333,78.0,0,76.86639243305477
YBL030C,0.25263157894736843,0.0,0.0,1,0.0
YEL020WA,2.188157894736842,2.0,0.0,0,2.0
YER178W,1.330409356725146,12.27777777777778,4.0,0,1.330409356725146
YGR082W,5.090909090909091,19.542857142857144,6.0,1,5.090909090909091
YHR005CA,9.021052631578948,37.898809523809526,0.0,0,9.021052631578948
YBL031W,0.0,0.0,0.0,0,0.0
YBL032W,0.3426217551798047,7.0,0.6666666666666666,0,0.3426217551798047
YFR012W,0.0,0.0,0.0,0,0.0
YML105C,2.6666666666666665,11.333333333333334,63.3,1,2.6666666666666665
YBL033C,0.0,0.0,0.0,0,0.0
YNL105W,0.0,0.0,0.0,0,0.0
YPR172W,0.0,0.0,0.0,0,0.0
YBL034C,0.0,0.0,0.0,1,0.0
YDR330W,0.0,0.0,0.0,0,0.0
YFL037W,0.34285714285714286,0.3571428571428571,4.5,1,0.34285714285714286
YBL035C,3.9851676101676103,19.67142857142857,6.0,1,3.9851676101676103
YBR087W,6.209917153996101,68.95238095238096,51.0,1,6.209917153996101
YIR008C,4.638351779799148,59.0,0.0,1,4.638351779799148
YKL045W,4.638351779799148,24.904761904761905,0.0,1,4.638351779799148
YNL102W,4.260422691343744,19.67142857142857,12.0,1,4.260422691343744
YNL290W,6.639571320492372,56.45,27.5,1,6.639571320492372
YOL094C,6.923985979907032,67.30119047619048,47.0,1,6.923985979907032
YOR217W,7.181071000149947,52.98571428571428,50.0,1,7.181071000149947
YBL037W,0.8095238095238095,0.8,3.7777777777777777,0,0.8095238095238095
YBR288C,0.8666666666666667,1.25,3.7777777777777777,0,0.8666666666666667
YGR261C,1.8968253968253967,2.05,10.61111111111111,0,1.8968253968253967
YJR005W,0.857142857142857,0.0,4.5,0,0.857142857142857
YBL038W,31.175382974067187,165.41666666666663,50.41666666666668,0,31.175382974067187
YBR122C,29.973530049926676,178.99999999999997,48.6388888888889,0,29.973530049926676
YBR268W,24.738520674333497,50.16666666666667,0.0,0,24.738520674333497
YBR282W,31.175382974067187,249.0,50.41666666666668,0,31.175382974067187
YCR003W,24.641746480785116,59.083333333333336,27.0,0,24.641746480785116
YCR046C,17.106959692157062,134.0,44.527777777777786,0,17.106959692157062
YDL202W,24.490536803365757,50.16666666666667,27.0,0,24.490536803365757
YDR115W,20.928443477456636,153.99999999999997,46.41666666666668,0,20.928443477456636
YDR116C,23.156947701026656,146.83333333333331,50.41666666666668,0,23.156947701026656
YDR237W,30.672991383517708,179.33333333333331,49.41666666666668,0,30.672991383517708
YDR296W,16.6684256292151,77.21111111111111,18.75,0,16.6684256292151
YDR322W,30.634270707954922,134.61111111111111,50.41666666666668,0,30.634270707954922
YDR462W,31.83171390013495,138.52777777777777,52.41666666666668,0,31.83171390013495
YGR033C,0.0,0.0,0.0,0,0.0
YGR076C,31.676133724817927,249.0,50.41666666666668,0,31.676133724817927
YGR220C,30.63348621901254,189.3333333333333,51.6388888888889,0,30.63348621901254
YHR147C,31.175382974067187,165.41666666666663,50.41666666666668,0,31.175382974067187
YJL063C,30.45,182.0,55.63888888888891,0,30.45
YJL096W,24.26421104579,50.16666666666667,27.0,0,24.26421104579
YKL138C,24.672186477095416,78.33333333333333,27.0,0,24.672186477095416
YKL167C,32.24761097129519,185.3333333333333,51.41666666666668,0,32.24761097129519
YKL170W,26.390158123052863,94.0,29.0,0,26.390158123052863
YKR006C,31.299999999999997,270.0,55.416666666666686,0,31.299999999999997
YKR085C,31.676133724817923,249.0,50.41666666666668,0,31.676133724817923
YLR312WA,27.18610720025194,67.08333333333334,0.0,0,27.18610720025194
YML009C,20.89037910814227,153.66666666666666,45.41666666666668,0,20.89037910814227
YML025C,19.682932813195976,82.66666666666667,27.0,1,19.682932813195976
YMR024W,31.499999999999993,140.8611111111111,53.41666666666668,0,31.499999999999993
YMR193W,31.108333333333345,266.5,54.41666666666668,0,31.108333333333345
YMR225C,31.302099062625373,75.75,32.0,0,31.302099062625373
YMR286W,24.7385206743335,50.16666666666667,0.0,0,24.7385206743335
YNL005C,30.2626490863333,181.66666666666663,49.6388888888889,0,30.2626490863333
YNL185C,32.02948717948719,148.02777777777777,55.41666666666668,0,32.02948717948719
YNL252C,29.880128205128212,249.0,50.41666666666668,0,29.880128205128212
YNL284C,30.78418829471462,178.0,48.6388888888889,0,30.78418829471462
YOR150W,31.17538297406719,154.08333333333334,50.41666666666668,0,31.17538297406719
YPL173W,24.7385206743335,50.16666666666667,0.0,0,24.7385206743335
YPL183WA,19.366840477695746,62.83333333333332,0.0,0,19.366840477695746
YPR100W,14.304819339293024,112.76666666666668,39.86111111111112,0,14.304819339293024
YBL039C,0.0,0.0,0.0,0,0.0
YJL074C,1.493606138107417,13.897222222222222,19.583333333333332,1,1.493606138107417
YJR103W,0.0,5.6,0.0,0,0.0
YKL104C,1.0031768010244546,40.66666666666666,0.0,1,1.0031768010244546
YPL070W,1.4124522536287247,76.30000000000001,35.33333333333333,0,1.4124522536287247
YBL041W,30.250412950255164,473.0000000000001,106.58333333333334,1,30.250412950255164
YBR173C,28.70601397455646,366.6666666666667,0.0,0,28.70601397455646
YCR073C,0.05128205128205128,0.0,0.0,0,0.0
YDL020C,28.838509257051747,351.7666666666667,153.33333333333331,0,28.838509257051747
YDL147W,28.556169087020155,557.0,0.0,1,28.556169087020155
YDR069C,28.470974151970307,282.17619047619047,17.33333333333333,0,28.470974151970307
YDR394W,28.71126992168027,410.8940476190475,101.66666666666667,1,28.71126992168027
YDR427W,27.669834522358652,445.5666666666666,0.0,1,27.669834522358652
YER012W,30.31302048380508,451.4380952380952,123.83333333333334,1,30.31302048380508
YER094C,30.093113541373413,406.80000000000007,80.66666666666667,1,30.093113541373413
YER105C,0.13177933177933177,2.1142857142857143,3.0,0,0.13177933177933177
YFR004W,29.461031666301334,306.54832251082246,0.0,1,29.461031666301334
YFR010W,18.85889381840132,232.0166666666667,0.0,0,18.85889381840132
YFR050C,28.940003021322486,416.1166666666667,122.33333333333334,1,28.940003021322486
YFR052W,26.859373257499726,532.9666666666666,0.0,1,26.859373257499726
YGL011C,29.98065566039415,496.4666666666666,134.25,1,29.98065566039415
YGL048C,27.895270988304155,326.275992063492,91.41666666666667,1,27.895270988304155
YGR135W,30.904895566340635,310.1684523809524,81.66666666666667,0,30.904895566340635
YGR232W,28.504309777024282,529.8333333333333,0.0,0,28.504309777024282
YGR253C,28.979458562741293,385.9333333333334,106.08333333333334,1,28.979458562741293
YGR270W,28.73299810154059,270.5166666666667,0.0,0,28.73299810154059
YHR027C,25.932768843412315,251.95773809523808,0.0,1,25.932768843412315
YIL007C,0.1538794538794539,42.333333333333336,0.0,0,0.1538794538794539
YIL075C,29.85732300514277,301.04880952380955,0.0,1,29.85732300514277
YJL001W,29.28540748071508,446.2666666666667,127.83333333333334,1,29.28540748071508
YKL145W,28.702463775108164,327.43209972394754,96.41666666666667,1,28.702463775108164
YML092C,23.821428254519827,431.6333333333335,135.70833333333331,1,23.821428254519827
YMR314W,28.95380673688761,441.7,138.91666666666669,1,28.95380673688761
YOL038W,29.17166913233649,363.1249999999999,111.58333333333333,1,29.17166913233649
YOR117W,29.45715089818434,432.8523809523809,86.66666666666667,1,29.45715089818434
YOR157C,28.6790456028833,407.83333333333337,117.70833333333333,1,28.6790456028833
YOR259C,29.139837512481897,325.59444444444443,0.0,1,29.139837512481897
YOR261C,29.649573559909363,741.1666666666667,0.0,1,29.649573559909363
YOR362C,28.585279345258893,395.95238095238096,109.20833333333333,1,28.585279345258893
YPR103W,27.44410519238262,416.4,130.33333333333331,1,27.44410519238262
YPR108W,30.939665208221143,294.27559523809515,0.0,1,30.939665208221143
YBL042C,0.0,0.0,0.0,0,0.0
YBL043W,0.0,0.0,0.0,0,0.0
YBL101WA,0.0,0.0,0.0,0,0.0
YDR099W,0.1111111111111111,1.4666666666666666,0.0,0,0.1111111111111111
YBL044W,0.0,0.0,0.0,0,0.0
YJL050W,0.34509803921568627,0.0,4.0,1,0.34509803921568627
YJL159W,0.0,0.0,0.0,0,0.0
YBL045C,4.826039140488412,21.080952380952382,15.0,0,4.826039140488412
YBR039W,9.093525179856115,62.150000000000006,21.75,0,9.093525179856115
YDR529C,5.866666666666666,20.666666666666668,6.0,0,5.866666666666666
YEL024W,6.2555555555555555,20.666666666666668,6.0,0,6.2555555555555555
YFR033C,6.2555555555555555,17.6,6.0,0,6.2555555555555555
YGR183C,6.3805555555555555,15.514285714285714,0.0,0,6.3805555555555555
YHR001WA,6.3805555555555555,15.514285714285714,0.0,0,6.3805555555555555
YIL125W,1.3132756132756134,8.6,33.5,0,1.3132756132756134
YJL166W,5.866666666666666,20.666666666666668,6.0,0,5.866666666666666
YKL085W,1.4218428630193336,6.523809523809525,39.83333333333333,0,1.4218428630193336
YLR090W,0.07813998082454458,0.0,4.5,0,0.07813998082454458
YOR065W,6.2555555555555555,29.33333333333333,6.0,0,6.2555555555555555
YPL078C,10.363169879841372,60.150000000000006,15.0,0,10.363169879841372
YPR160W,1.346218487394958,13.333333333333334,0.0,0,1.346218487394958
YPR191W,5.4,16.409523809523808,6.0,0,5.4
YBL047C,0.0,0.0,0.0,0,0.0
YBL049W,0.06223649869504116,51.0,0.0,0,0.06223649869504116
YGR172C,2.078969558004628,47.95,35.22222222222222,1,2.078969558004628
YBR080C,0.09999999999999999,2.05,2.0,1,0.09999999999999999
YBR272C,0.0,0.0,0.0,0,0.0
YCR082W,0.04433713784021071,10.5,0.0,0,0.04433713784021071
YDL133W,0.0,0.0,0.0,0,0.0
YDL173W,0.0,0.0,0.0,0,0.0
YDR160W,0.0,0.0,0.0,1,0.0
YDR189W,2.61180337206653,19.17810245310245,47.083333333333336,1,2.61180337206653
YER101C,0.0,0.0,0.0,0,0.0
YIL084C,2.001256913021619,15.495454545454544,21.0,0,2.001256913021619
YKL090W,0.0,0.0,0.0,0,0.0
YKL196C,3.265359477124184,24.73762626262626,25.944444444444443,1,3.265359477124184
YLL009C,0.0,0.0,0.0,0,0.0
YLR026C,3.1359231411862982,26.20952380952381,52.83333333333333,1,3.1359231411862982
YLR093C,1.6510737628384689,20.5,39.9,0,1.6510737628384689
YLR117C,0.647948717948718,2.017857142857143,14.0,1,0.647948717948718
YLR130C,0.0,0.0,0.0,0,0.0
YLR268W,4.72360902255639,56.10515873015873,51.083333333333336,0,4.72360902255639
YLR273C,0.0,0.0,0.0,0,0.0
YNL204C,0.0,0.0,0.0,0,0.0
YOL018C,1.5445887445887447,8.714141414141414,20.222222222222225,0,1.5445887445887447
YOL032W,0.0,0.0,0.0,0,0.0
YOL036W,0.0,0.0,0.0,0,0.0
YOL135C,0.38248015674860775,16.0,4.0,1,0.38248015674860775
YOR106W,2.0399626517273575,16.433333333333334,47.56666666666666,1,2.0399626517273575
YOR245C,0.0,0.0,0.0,0,0.0
YOR307C,0.0,0.0,0.0,0,0.0
YPL192C,0.0,0.0,0.0,0,0.0
YIL151C,0.0,0.0,0.0,0,0.0
YKR096W,0.0,0.0,0.0,0,0.0
YBL052C,0.0,0.0,0.0,0,0.0
YBR274W,0.0,0.0,0.0,0,0.0
YGL207W,0.5851439640172034,12.64830917874396,5.25,1,0.5851439640172034
YNL258C,0.0,0.0,0.0,1,0.0
YOR064C,0.0,0.0,0.0,0,0.0
YPL129W,9.189406835653598,1728.0,344.66666666666663,0,9.189406835653598
YBL053W,0.0,0.0,0.0,0,0.0
YEL069C,0.0,0.0,0.0,0,0.0
YPR165W,0.3780085374345312,5.23076923076923,5.840000000000001,1,0.3780085374345312
YBL054W,0.0,0.0,0.0,0,0.0
YBL056W,0.0,0.0,0.0,0,0.0
YDR071C,0.0,0.0,0.0,0,0.0
YOR020C,0.17842983203721458,32.83333333333333,30.666666666666664,1,0.17842983203721458
YBL058W,0.0,0.0,0.0,0,0.0
YLR044C,2.2468296409472877,6.15,10.083333333333334,0,2.2468296409472877
YBL059W,0.0,0.0,0.0,0,0.0
YCR099C,0.0,0.0,0.0,0,0.0
YBL061C,0.0,0.0,0.0,0,0.0
YBR023C,0.0,0.0,0.0,0,0.0
YNL233W,0.0,0.0,0.0,0,0.0
YBL063W,0.0,0.0,0.0,0,0.0
YBL065W,0.0,0.0,0.0,0,0.0
YER022W,1.6396396396396389,125.74279609279608,85.16666666666667,1,1.6396396396396389
YGR117C,0.0,0.0,0.0,0,0.0
YNL210W,0.0,0.0,0.0,0,0.0
YBL067C,0.0,0.0,0.0,0,0.0
YBL068W,0.0,0.0,0.0,0,0.0
YOL061W,0.4,2.0,2.0,0,0.4
YBL071C,0.0,0.0,0.0,0,0.0
YBL072C,50.94945187662576,322.5,187.5,0,50.94945187662576
YBR048W,53.362417516909986,54.327777777777776,0.0,0,53.362417516909986
YBR181C,54.44763054949146,54.327777777777776,0.0,0,54.327777777777776
YBR189W,54.44763054949146,54.327777777777776,0.0,0,54.327777777777776
YCR031C,54.44763054949146,54.327777777777776,0.0,0,54.327777777777776
YDL061C,53.92977340663427,230.0,187.5,0,53.92977340663427
YDL083C,54.44763054949146,54.327777777777776,0.0,0,54.327777777777776
YDR025W,53.362417516909986,54.327777777777776,0.0,0,53.362417516909986
YDR064W,54.44763054949146,54.327777777777776,0.0,1,54.327777777777776
YDR447C,54.44763054949146,54.327777777777776,0.0,0,54.327777777777776
YDR450W,53.92977340663427,54.327777777777776,187.5,0,53.92977340663427
YDR459C,0.0339080459770115,0.75,0.0,0,0.0339080459770115
YER074W,54.44763054949146,54.327777777777776,0.0,0,54.327777777777776
YER102W,52.578781703237944,62.18383838383838,0.0,0,52.578781703237944
YER131W,52.57992138763303,61.4420634920635,205.0,0,52.57992138763303
YFL017C,0.0339080459770115,1.5,0.0,1,0.0339080459770115
YGL123W,54.44763054949146,54.327777777777776,0.0,1,54.327777777777776
YGL189C,51.72515809131499,191.74999999999983,196.0,1,51.72515809131499
YGR027C,54.44763054949146,54.327777777777776,0.0,0,54.327777777777776
YGR118W,53.2922420783135,54.327777777777776,0.0,0,53.2922420783135
YGR214W,53.2922420783135,54.327777777777776,187.5,0,53.2922420783135
YHL015W,53.2922420783135,201.90000000000012,187.5,1,53.2922420783135
YHR021C,54.44763054949146,54.327777777777776,0.0,0,54.327777777777776
YHR203C,53.36241751690999,317.1666666666667,187.5,0,53.36241751690999
YIL069C,54.44763054949146,54.327777777777776,0.0,0,54.327777777777776
YJL136C,54.44763054949146,54.327777777777776,0.0,0,54.327777777777776
YJL190C,53.2922420783135,317.1666666666667,187.5,0,53.2922420783135
YJL191W,53.92977340663427,54.327777777777776,64.5,0,53.92977340663427
YJR123W,53.98625109985333,203.15000000000015,187.5,1,53.98625109985333
YJR145C,53.36241751690999,54.327777777777776,0.0,0,53.36241751690999
YKL156W,54.44763054949146,54.327777777777776,0.0,0,54.327777777777776
YKR057W,54.44763054949146,54.327777777777776,0.0,0,54.327777777777776
YLR048W,54.44763054949146,54.327777777777776,0.0,0,54.327777777777776
YLR140W,0.0,0.0,0.0,1,0.0
YLR167W,53.92977340663427,145.88333333333333,96.0,1,53.92977340663427
YLR287CA,54.44763054949145,54.327777777777776,0.0,0,54.327777777777776
YLR333C,53.98625109985332,474.5,187.5,0,53.98625109985332
YLR367W,54.44763054949145,54.327777777777776,0.0,0,54.327777777777776
YLR388W,53.92977340663427,54.327777777777776,187.5,0,53.92977340663427
YLR441C,53.2922420783135,244.0,187.5,0,53.2922420783135
YML024W,54.44763054949145,54.327777777777776,0.0,0,54.327777777777776
YML026C,54.44763054949145,54.327777777777776,0.0,0,54.327777777777776
YML063W,54.44763054949145,54.327777777777776,0.0,0,54.327777777777776
YMR143W,54.44763054949145,54.327777777777776,0.0,0,54.327777777777776
YMR230W,54.44763054949145,54.327777777777776,187.5,0,54.44763054949145
YNL096C,53.2922420783135,54.327777777777776,64.5,0,53.2922420783135
YNL178W,53.2922420783135,103.77222222222215,187.5,1,53.2922420783135
YNL302C,54.44763054949145,54.327777777777776,0.0,0,54.327777777777776
YOL040C,54.44763054949145,54.327777777777776,0.0,1,54.327777777777776
YOL121C,54.44763054949145,54.327777777777776,0.0,0,54.327777777777776
YOR096W,53.2922420783135,54.327777777777776,64.5,0,53.2922420783135
YOR182C,54.44763054949145,54.327777777777776,0.0,0,54.327777777777776
YOR293W,54.44763054949145,54.327777777777776,187.5,1,54.44763054949145
YOR369C,54.44763054949145,54.327777777777776,0.0,0,54.327777777777776
YPL081W,54.44763054949145,54.327777777777776,0.0,0,54.327777777777776
YPL090C,53.964871928801756,54.327777777777776,64.83333333333334,0,53.964871928801756
YPR132W,54.44763054949145,54.327777777777776,187.5,0,54.44763054949145
YBL074C,25.505419874026064,821.5,69.11111111111111,1,25.505419874026064
YBR055C,26.33725935043889,638.3333333333333,288.0,1,26.33725935043889
YBR119W,21.549651859462752,358.25,251.83333333333331,0,21.549651859462752
YDL030W,21.79934906638787,342.4611111111111,368.5,1,21.79934906638787
YDL043C,20.705721147726884,505.8333333333333,336.5,1,20.705721147726884
YDR088C,22.14645672149173,334.5,253.83333333333334,1,22.14645672149173
YDR235W,25.77090891475935,490.0833333333333,300.0,1,25.77090891475935
YDR240C,26.227517364591296,469.2833333333333,319.83333333333337,1,26.227517364591296
YDR243C,24.22871762577147,269.6353174603175,135.66666666666669,1,24.22871762577147
YER029C,22.513397234593203,693.8333333333334,529.5,1,22.513397234593203
YGR006W,18.875958423301434,202.211507936508,232.83333333333334,0,18.875958423301434
YGR013W,24.44770355380229,262.0607142857143,137.91666666666669,1,24.44770355380229
YGR074W,22.438663995712467,355.1690476190476,336.33333333333337,1,22.438663995712467
YGR075C,25.48069063116725,558.1666666666666,288.83333333333337,1,25.48069063116725
YGR091W,26.623192165698157,808.0,282.83333333333337,1,26.623192165698157
YHR165C,23.592198708952903,324.3527777777778,354.8333333333333,1,23.592198708952903
YKL012W,25.15656361326612,286.6353174603174,272.33333333333337,1,25.15656361326612
YLL036C,26.039512413739875,320.17698412698417,293.5,1,26.039512413739875
YLR147C,20.413654658780732,376.6023809523809,171.58333333333334,1,20.413654658780732
YLR275W,25.60003771118024,306.5464285714286,291.0,1,25.60003771118024
YLR298C,25.74473517757175,318.5174603174603,271.33333333333337,1,25.74473517757175
YML046W,25.234383562981066,470.8833333333333,296.0,1,25.234383562981066
YMR125W,8.014190149883223,135.19444444444443,56.277777777777786,0,8.014190149883223
YMR240C,25.14777312589876,328.56356421356423,293.3333333333333,1,25.14777312589876
YMR268C,25.345017989027184,436.8333333333333,272.83333333333337,1,25.345017989027184
YOR159C,23.76940098419697,400.368253968254,185.66666666666666,1,23.76940098419697
YPR057W,17.782121139319017,371.1666666666666,226.33333333333334,0,17.782121139319017
YPR101W,25.91405639217041,534.8333333333334,293.0,1,25.91405639217041
YPR178W,23.66699124823507,253.690873015873,320.16666666666663,1,23.66699124823507
YPR182W,24.646903430532653,283.5107142857144,279.83333333333337,1,24.646903430532653
YBL075C,0.0,0.0,0.0,0,0.0
YER103W,0.0,0.0,0.0,0,0.0
YBL076C,0.0,0.0,0.0,1,0.0
YBR121C,0.4,2.75,2.25,1,0.4
YPL160W,0.0,0.0,0.0,1,0.0
YBL078C,0.611111111111111,4.274242424242424,1.2,0,0.611111111111111
YHR171W,0.5769230769230769,11.78939393939394,25.7,0,0.5769230769230769
YIL004C,5.374416466826538,34.24801587301587,47.58333333333334,1,5.374416466826538
YNL223W,0.34285714285714286,3.157142857142857,1.0,0,0.34285714285714286
YNR007C,0.660557563242127,6.463636363636364,34.2,0,0.660557563242127
YOL083W,0.0,0.0,0.0,0,0.0
YBL079W,0.10772357723577236,0.0,1.8958333333333333,0,0.10772357723577236
YJL061W,1.5536766393693902,30.84102564102564,17.208333333333336,1,1.5536766393693902
YKL068W,2.1473919144075957,60.02857142857143,32.416666666666664,0,2.1473919144075957
YBL080C,0.0,0.0,0.0,0,0.0
YCR106W,0.0,0.0,0.0,0,0.0
YBL081W,0.028381642512077296,2.0,0.0,0,0.028381642512077296
YDL167C,0.0,0.0,0.0,0,0.0
YBL082C,0.0,0.0,0.0,0,0.0
YKL210W,0.0,0.0,0.0,1,0.0
YBL084C,8.698863636363637,16.795238095238098,43.75,1,8.698863636363637
YDL008W,8.698863636363637,16.795238095238098,0.0,1,8.698863636363637
YDR118W,8.698863636363637,24.6,43.75,1,8.698863636363637
YFR036W,7.789772727272728,16.795238095238098,79.5,0,7.789772727272728
YGL240W,8.698863636363637,16.795238095238098,43.75,0,8.698863636363637
YHR166C,5.722619047619047,49.6,25.416666666666668,1,5.722619047619047
YKL022C,7.3125,40.2,79.5,1,7.3125
YLR102C,7.3125,43.0,43.75,0,7.3125
YLR127C,7.7897727272727275,17.77619047619048,43.75,1,7.7897727272727275
YNL172W,8.698863636363637,16.795238095238098,17.166666666666664,1,8.698863636363637
YOR249C,8.698863636363637,33.33333333333333,79.5,1,8.698863636363637
YBL085W,0.6190787182166493,9.751515151515152,0.0,0,0.6190787182166493
YBR200W,0.9829545454545454,22.25,21.0,1,0.9829545454545454
YDR085C,0.0,0.0,0.0,0,0.0
YER124C,0.2709857192615813,4.4,0.0,0,0.2709857192615813
YJR056C,0.1240981240981241,0.0,0.0,0,0.0
YMR032W,0.5606060606060607,5.901515151515152,1.0,1,0.5606060606060607
YNL078W,0.2,2.0,4.5,0,0.2
YBL086C,0.0,0.0,0.0,0,0.0
YJR040W,0.0,0.0,0.0,0,0.0
YLR322W,0.0,0.0,0.0,0,0.0
YDR361C,0.04357366771159875,2.0,2.9166666666666665,1,0.04357366771159875
YMR176W,0.0,0.0,0.0,0,0.0
YBL089W,0.0,0.0,0.0,0,0.0
YOR082C,0.0,0.0,0.0,0,0.0
YPL022W,0.125,2.426315789473684,2.0,0,0.125
YBL090W,15.770170700877221,62.16666666666665,22.0,0,15.770170700877221
YBR146W,17.85627104377104,100.5,39.55555555555556,0,17.85627104377104
YBR251W,14.393900599163757,87.66666666666667,42.55555555555556,0,14.393900599163757
YDL045WA,13.441836331839191,42.16666666666666,0.0,0,13.441836331839191
YDR041W,8.931494053662247,39.333333333333336,17.333333333333332,1,8.931494053662247
YDR175C,13.500335229792492,74.00000000000001,25.0,0,13.500335229792492
YDR337W,17.708122895622893,96.16666666666666,36.55555555555556,0,17.708122895622893
YDR347W,15.862617957726654,57.333333333333336,33.55555555555556,0,15.862617957726654
YGL129C,7.031513742132554,41.33333333333334,19.77777777777778,0,7.031513742132554
YGR084C,16.83175505050505,128.0,35.55555555555556,0,16.83175505050505
YGR215W,8.699702883591145,65.0,18.77777777777778,0,8.699702883591145
YIL093C,11.097252208021658,88.0,22.0,0,11.097252208021658
YJR101W,10.822203208373114,43.5,17.0,0,10.822203208373114
YJR113C,6.58162897679488,23.666666666666668,12.0,0,6.58162897679488
YKL003C,13.441836331839191,52.833333333333336,29.555555555555557,0,13.441836331839191
YMR158W,13.574176614765857,64.83333333333333,20.0,0,13.574176614765857
YMR188C,16.456516812495074,74.83333333333333,25.0,0,16.456516812495074
YNL137C,15.060057937231848,56.24999999999999,20.0,1,15.060057937231848
YNL306W,18.198151385651382,96.16666666666666,36.55555555555556,1,18.198151385651382
YNR037C,13.671642435067088,50.08333333333334,20.0,0,13.671642435067088
YPL013C,15.232436544936544,59.83333333333333,23.0,0,15.232436544936544
YPL118W,2.0502767954140952,17.25,7.0,0,2.0502767954140952
YDR026C,0.0,0.0,0.0,0,0.0
YDR398W,0.0,0.0,0.0,1,0.0
YBL093C,0.1369162617333099,10.142857142857142,4.0,0,0.1369162617333099
YBR169C,0.0,0.0,0.0,0,0.0
YER179W,2.7349829918811372,57.11746031746032,24.0,0,2.7349829918811372
YKL129C,2.676445236667093,7.705627705627705,68.16666666666666,0,2.676445236667093
YOR140W,0.27391304347826084,5.571428571428571,3.0,0,0.27391304347826084
YBL094C,0.0,0.0,0.0,0,0.0
YBL095W,0.0,0.0,0.0,0,0.0
YBR162C,0.0,0.0,0.0,0,0.0
YBL097W,0.0,0.0,0.0,1,0.0
YLR373C,0.12903225806451613,10.333333333333334,0.0,0,0.12903225806451613
YBL098W,0.0,0.0,0.0,0,0.0
YDL226C,0.40232198142414866,2.95,6.208333333333333,0,0.40232198142414866
YBL099W,10.871379530608154,48.28333333333334,15.0,0,10.871379530608154
YDL004W,11.391076042306358,61.5,12.0,1,11.391076042306358
YDR298C,11.367266518496836,78.66666666666667,13.0,0,11.367266518496836
YDR322CA,11.391076042306358,43.47380952380952,0.0,0,11.391076042306358
YDR377W,11.391076042306358,61.5,12.0,0,11.391076042306358
YJL180C,0.07386091127098321,2.0,2.0,0,0.07386091127098321
YJR121W,9.926195089925407,47.97857142857143,14.0,0,9.926195089925407
YKL016C,11.367266518496836,78.66666666666667,13.0,0,11.367266518496836
YML081CA,11.391076042306358,43.47380952380952,0.0,0,11.391076042306358
YNL315C,0.12549019607843137,2.333333333333333,4.0,0,0.12549019607843137
YOL077WA,11.391076042306358,43.47380952380952,0.0,0,11.391076042306358
YPL271W,11.105361756592073,61.5,12.0,0,11.105361756592073
YPR020W,10.254817905958294,57.55,15.25,0,10.254817905958294
YBL100C,0.0,0.0,0.0,0,0.0
YJL070C,0.0,0.0,0.0,0,0.0
YBL101C,0.0,0.0,0.0,0,0.0
YFL002WA,0.0,0.0,0.0,0,0.0
YJL162C,0.0,0.0,0.0,0,0.0
YNL229C,0.6285714285714286,0.0,25.4,0,0.6285714285714286
YBL102W,0.0,0.0,0.0,1,0.0
YFL058W,0.0,0.0,0.0,0,0.0
YGR068C,0.0,0.0,0.0,0,0.0
YBL103C,0.34090909090909094,0.0,2.0,0,0.34090909090909094
YDL126C,0.7222222222222222,2.651515151515152,0.0,1,0.7222222222222222
YFR021W,0.0,0.0,0.0,0,0.0
YNL098C,0.953846153846154,5.573412698412698,5.25,0,0.953846153846154
YOL067C,0.34090909090909094,0.0,2.0,0,0.34090909090909094
YOL108C,0.18181818181818182,0.0,2.0,0,0.18181818181818182
YBL104C,0.0,0.0,0.0,0,0.0
YNL054W,0.0,0.0,0.0,0,0.0
YBL105C,1.1035044232305897,5.712121212121212,0.0,1,1.1035044232305897
YBR045C,0.31792929292929295,3.95,0.0,0,0.31792929292929295
YEL002C,6.826728826728827,4.583333333333334,8.0,1,6.826728826728827
YER118C,0.4742685475444096,27.90909090909091,5.0,0,0.4742685475444096
YGL022W,5.874708624708624,2.083333333333333,7.0,1,5.874708624708624
YJL002C,6.402486402486403,9.416666666666666,7.0,1,6.402486402486403
YJL020C,1.1363361381510202,2.0,6.5,0,1.1363361381510202
YOR231W,0.13392857142857142,2.033333333333333,0.0,0,0.13392857142857142
YPR154W,0.02411038489469862,0.0,0.0,0,0.0
YCL017C,0.0,0.0,0.0,1,0.0
YHR098C,0.12222222222222222,0.0,2.25,1,0.12222222222222222
YHR161C,0.25757575757575757,0.0,1.0,0,0.25757575757575757
YIL033C,0.273104852018924,2.658333333333333,2.0,0,0.273104852018924
YOR197W,0.12841296928327645,0.0,0.0,0,0.0
YPL174C,0.48513274986004595,74.66666666666666,16.733333333333334,0,0.48513274986004595
YBL107C,0.0,0.0,0.0,0,0.0
YML116W,0.0,0.0,0.0,0,0.0
YBL109W,0.0,0.0,0.0,0,0.0
YBL112C,0.0,0.0,0.0,0,0.0
YBL113C,0.0,0.0,0.0,0,0.0
YLR348C,0.0,0.0,0.0,0,0.0
YBR001C,0.0,0.0,0.0,0,0.0
YDR001C,0.0,0.0,0.0,0,0.0
YBR003W,0.0,0.0,0.0,0,0.0
YJR022W,2.327409102466311,142.58333333333331,62.583333333333336,1,2.327409102466311
YBR004C,0.0,0.0,0.0,1,0.0
YLR082C,0.24112699381155756,0.0,4.916666666666667,0,0.24112699381155756
YBR006W,0.0,0.0,0.0,0,0.0
YKL023W,0.0,0.0,0.0,0,0.0
YBR008C,0.0,0.0,0.0,0,0.0
YCR084C,0.10096153846153846,3.0588235294117645,0.0,0,0.10096153846153846
YDL208W,5.635859669692785,187.86666666666665,126.33333333333333,1,5.635859669692785
YDR227W,1.205371352785146,6.653711484593837,10.0,0,1.205371352785146
YDR303C,1.5530427497339259,14.7,10.5,1,1.5530427497339259
YEL056W,0.3041942970822281,1.0,1.9444444444444444,0,0.3041942970822281
YER164W,0.0,0.0,0.0,0,0.0
YFL024C,0.0,0.0,0.0,1,0.0
YGR252W,0.35064935064935066,2.421052631578948,4.0,0,0.35064935064935066
YHR193C,0.0,0.0,0.0,0,0.0
YJL081C,1.1247460872460873,7.223809523809523,7.0,1,1.1247460872460873
YLR176C,0.0,0.0,0.0,0,0.0
YLR442C,1.8120973853732476,13.178221288515406,14.0,0,1.8120973853732476
YMR061W,5.594223631479978,63.89642857142858,31.25,1,5.594223631479978
YOL054W,0.0,0.0,0.0,0,0.0
YDR477W,1.6170502983802215,7.885714285714286,19.020833333333336,0,1.6170502983802215
YJL168C,0.0,0.0,0.0,0,0.0
YKL011C,0.18181818181818182,55.0,2.0,0,0.18181818181818182
YPL209C,0.7222222222222223,5.0,3.0,1,0.7222222222222223
YBR011C,0.0,0.0,0.0,1,0.0
YGR087C,0.2361111111111111,0.0,4.5,0,0.2361111111111111
YHR183W,0.0,5.2,0.0,0,0.0
YLR354C,0.0,0.0,0.0,0,0.0
YBR012C,0.0,0.0,0.0,0,0.0
YPL221W,0.0,0.0,0.0,0,0.0
YBR012WB,0.0,0.0,0.0,0,0.0
YLR116W,0.5760563638811047,0.0,3.0,1,0.5760563638811047
YLR157CA,0.0,0.0,0.0,0,0.0
YBR013C,0.0,0.0,0.0,0,0.0
YGR292W,0.0,0.0,0.0,0,0.0
YBR014C,0.0,0.0,0.0,0,0.0
YBR101C,0.0,0.0,0.0,0,0.0
YGR119C,2.8453062738206105,81.33333333333333,51.34583333333333,1,2.8453062738206105
YNR069C,0.0,0.0,0.0,0,0.0
YBR018C,0.0,0.0,0.0,0,0.0
YBR019C,0.0,0.0,0.0,0,0.0
YHL019C,0.0,0.0,0.0,0,0.0
YOL150C,0.0,0.0,0.0,0,0.0
YBR020W,0.0,0.0,0.0,0,0.0
YML051W,0.5625,4.666666666666666,0.0,0,0.5625
YBR021W,0.0,0.0,0.0,0,0.0
YOR128C,0.0,25.0,0.0,0,0.0
YBR024W,0.0,0.0,0.0,1,0.0
YBR037C,0.0,0.0,0.0,0,0.0
YPR119W,0.03508771929824561,0.0,0.0,0,0.0
YGL245W,0.2111111111111111,2.5,0.6666666666666666,1,0.2111111111111111
YMR186W,1.8769796380090498,40.17857142857142,7.0,0,1.8769796380090498
YBR027C,0.34004474272930646,2.2666666666666666,7.583333333333333,0,0.34004474272930646
YLR353W,0.34004474272930646,1.6666666666666667,5.416666666666666,0,0.34004474272930646
YOR046C,0.7916666666666666,5.666666666666667,3.0,1,0.7916666666666666
YBR028C,0.0,0.0,0.0,0,0.0
YBR033W,0.0,0.0,0.0,0,0.0
YNL228W,0.0,0.0,0.0,0,0.0
YBR034C,0.0,0.0,0.0,0,0.0
YDR249C,0.0,0.0,0.0,0,0.0
YER017C,0.8333333333333333,2.225,2.0,0,0.8333333333333333
YGR165W,0.0,0.0,0.0,0,0.0
YGR181W,0.625,0.8333333333333334,0.0,0,0.625
YMR048W,0.0,0.0,0.0,0,0.0
YBR035C,0.0,0.0,0.0,0,0.0
YBR038W,0.0,0.0,0.0,1,0.0
YCL022C,0.0,0.0,0.0,0,0.0
YHR123W,0.14090909090909093,0.0,2.0,0,0.14090909090909093
YPL020C,0.0,0.0,0.0,1,0.0
YPR106W,0.0,0.0,0.0,0,0.0
YBR126C,1.592099567099567,11.733333333333334,33.5,0,1.592099567099567
YDR343C,0.0,0.0,0.0,0,0.0
YKL150W,0.47619047619047616,4.6,6.25,0,0.47619047619047616
YLL041C,2.0,3.7857142857142856,4.0,0,2.0
YOR142W,0.0,0.0,0.0,0,0.0
YBR040W,0.0,0.0,0.0,0,0.0
YCL040W,0.0,10.5,0.0,0,0.0
YBR041W,0.0,0.0,0.0,0,0.0
YDL153C,0.2439019997273984,3.947619047619048,15.0,1,0.2439019997273984
YBR042C,0.0,0.0,0.0,0,0.0
YHR115C,0.0,2.4444444444444446,0.0,0,0.0
YBR043C,0.0,0.0,0.0,0,0.0
YJL155C,0.0,0.0,0.0,0,0.0
YBR044C,1.4666666666666668,7.0,3.0,0,1.4666666666666668
YKL141W,2.0,0.5714285714285714,4.0,1,2.0
YKL148C,2.533333333333333,3.7857142857142856,4.0,0,2.533333333333333
YOR178C,1.6204545454545454,10.85952380952381,0.0,0,1.6204545454545454
YBR047W,0.0,0.0,0.0,0,0.0
YJL128C,0.25,2.5,0.0,0,0.25
YOR285W,0.03508771929824561,0.0,0.0,0,0.0
YBR049C,1.5808049907895108,28.55,23.5,1,1.5808049907895108
YDR130C,0.35028092474900985,6.461538461538462,0.8,1,0.35028092474900985
YMR239C,0.6597222222222222,8.372027972027972,0.0,1,0.6597222222222222
YNR003C,12.268840222579398,145.5,143.0,1,12.268840222579398
YOR116C,12.586538612485224,68.98055555555555,176.5,1,12.586538612485224
YBR050C,0.0,0.0,0.0,0,0.0
YBR052C,0.0,0.0,0.0,0,0.0
YDR032C,0.2518037518037518,12.5,2.0,0,0.2518037518037518
YBR054W,0.0,0.0,0.0,0,0.0
YDR190C,0.0,0.0,0.0,1,0.0
YOR040W,0.0,0.0,0.0,0,0.0
YDL064W,0.3219298245614035,5.843137254901961,5.833333333333333,1,0.3219298245614035
YER172C,1.4978775544881913,27.071428571428573,46.5,1,1.4978775544881913
YJR084W,1.3671384996990978,35.333333333333336,4.0,0,1.3671384996990978
YLR438CA,3.459497502987554,75.16426482873852,0.0,0,3.459497502987554
YLR446W,0.0,0.0,0.0,0,0.0
YOR319W,16.535315864916708,359.91666666666663,189.33333333333334,1,16.535315864916708
YPR082C,0.5350402459248473,23.0,13.333333333333334,1,0.5350402459248473
YBR056W,0.0,0.0,0.0,0,0.0
YFR007W,0.0,0.0,0.0,0,0.0
YBR057C,0.5,2.1666666666666665,3.111111111111111,0,0.5
YCL055W,0.5,3.0,6.0,0,0.5
YDR206W,0.0,0.0,0.0,0,0.0
YGL192W,0.5,2.1666666666666665,3.111111111111111,0,0.5
YIL144W,0.7688787185354691,5.333333333333333,15.166666666666668,1,0.7688787185354691
YBR058C,0.0,0.0,0.0,0,0.0
YOL059W,0.0,0.0,0.0,0,0.0
YOL064C,0.0,0.0,0.0,0,0.0
YOL113W,0.0,8.857142857142858,0.0,0,0.0
YOL156W,0.0,0.0,0.0,0,0.0
YOR123C,0.5232026143790849,0.0,19.0,0,0.5232026143790849
YBR059C,0.0,11.6,0.0,0,0.0
YER144C,0.0,0.0,0.0,0,0.0
YGR199W,0.0,0.0,0.0,0,0.0
YJL039C,0.10989010989010989,5.75,2.6666666666666665,1,0.10989010989010989
YML014W,0.0,0.0,0.0,0,0.0
YMR144W,0.0,0.0,0.0,0,0.0
YNL330C,3.176918914418914,10.951948051948053,18.166666666666664,0,3.176918914418914
YBR061C,0.0,0.0,0.0,0,0.0
YBR300C,0.0,0.0,0.0,0,0.0
YDR383C,0.03373843642300018,15.0,2.9166666666666665,0,0.03373843642300018
YDR461W,0.0,0.0,0.0,0,0.0
YER028C,0.0,0.0,0.0,0,0.0
YGR182C,0.0,0.0,0.0,0,0.0
YGR201C,0.0,0.0,0.0,0,0.0
YGR219W,0.0,0.0,0.0,0,0.0
YGR235C,0.0,0.0,0.0,0,0.0
YGR277C,0.0,0.0,0.0,1,0.0
YHL011C,0.95,3.0,3.0,0,0.95
YHR008C,0.0,0.0,0.0,0,0.0
YHR022C,0.0,0.0,0.0,0,0.0
YHR026W,10.327731508444963,61.35194805194806,73.83333333333334,0,10.327731508444963
YHR058C,0.14133675771047188,13.6,4.0,1,0.14133675771047188
YHR059W,10.38807936120579,73.0,18.0,0,10.38807936120579
YJL017W,0.0,0.0,0.0,0,0.0
YJL097W,0.0,0.0,0.0,1,0.0
YJL140W,7.363231994260898,148.1059523809524,79.0,0,7.363231994260898
YBR064W,0.0,0.0,0.0,0,0.0
YOR317W,0.0,0.0,0.0,0,0.0
YBR065C,0.0,0.0,0.0,0,0.0
YJR050W,0.6790267524013653,6.875,3.0,0,0.6790267524013653
YLR249W,6.648209835949665,235.4333333333333,306.8333333333333,1,6.648209835949665
YOR308C,2.625193559286204,101.0218253968254,196.5,0,2.625193559286204
YBR066C,0.0,0.0,0.0,0,0.0
YBR067C,0.0,0.0,0.0,0,0.0
YNL237W,0.0,0.0,0.0,0,0.0
YPR138C,0.0,0.0,0.0,0,0.0
YBR068C,1.1666666666666667,0.0,0.0,0,0.0
YOR133W,1.1666666666666667,0.0,0.0,0,0.0
YBR069C,0.0,0.0,0.0,0,0.0
YOL109W,0.0,0.0,0.0,0,0.0
YBR070C,0.0,0.0,0.0,1,0.0
YJL018W,0.0,0.0,0.0,1,0.0
YBR072W,0.0,4.75,0.0,0,0.0
YPL169C,0.0,0.0,0.0,1,0.0
YBR073W,0.0,0.0,0.0,0,0.0
YGL213C,0.0,7.0,0.0,1,0.0
YBR074W,0.0,0.0,0.0,0,0.0
YMR083W,0.0,0.0,0.0,0,0.0
YBR076W,0.0,0.0,0.0,0,0.0
YBR077C,0.0,0.0,0.0,0,0.0
YKR007W,0.5,2.230769230769231,2.0,0,0.5
YMR004W,0.0,0.0,0.0,0,0.0
YOR045W,5.861616161616162,22.9,6.0,0,5.861616161616162
YDL145C,5.550108877265628,46.83928571428571,35.625,1,5.550108877265628
YER155C,1.2346251240683646,11.101010101010102,0.0,0,1.2346251240683646
YIL071C,0.03681177976952625,6.0,1.0,0,0.03681177976952625
YJL005W,1.4640263235319448,14.013257575757574,0.0,1,1.4640263235319448
YKR054C,0.3767977191890235,2.05,10.5,0,0.3767977191890235
YKR059W,1.7817111094771316,33.274420024420024,0.0,0,1.7817111094771316
YML085C,0.5714285714285714,7.8,9.0,1,0.5714285714285714
YNL062C,1.0344376867264191,35.666666666666664,5.0,1,1.0344376867264191
YNL244C,4.983915024245627,108.3452380952381,0.0,1,4.983915024245627
YOL145C,1.1508061377583683,18.19291240160805,75.16666666666667,0,1.1508061377583683
YPL211W,27.76326727764919,659.0380952380951,208.9999999999999,1,27.76326727764919
YPL237W,7.839793999036956,110.33733766233766,0.0,1,7.839793999036956
YBR081C,0.0,0.0,0.0,0,0.0
YDR392W,2.424153838795783,16.538239203177284,13.0,0,2.424153838795783
YGL241W,0.29302891446433643,4.583333333333333,7.944444444444445,0,0.29302891446433643
YBR082C,0.0,0.0,0.0,0,0.0
YKL010C,0.0,0.0,0.0,0,0.0
YBR083W,0.0,0.0,0.0,0,0.0
YHR084W,1.0357142857142856,2.05,5.5,1,1.0357142857142856
YEL046C,0.3214285714285714,17.0,0.0,0,0.3214285714285714
YER065C,0.0,0.0,0.0,0,0.0
YGR155W,0.9105412299019011,16.166666666666664,0.0,1,0.9105412299019011
YGR240C,0.9301169590643277,4.666666666666667,10.555555555555557,0,0.9301169590643277
YKL009W,13.304483073704084,354.65476190476187,161.27777777777774,0,13.304483073704084
YBR085W,0.6666666666666666,0.0,2.25,0,0.6666666666666666
YMR056C,0.6666666666666666,0.0,2.25,0,0.6666666666666666
YMR319C,0.6666666666666666,0.0,4.0,0,0.6666666666666666
YBR088C,2.0961538461538463,10.041666666666666,9.0,1,2.0961538461538463
YJR068W,3.3385959800433485,29.65,25.5,1,3.3385959800433485
YLR390W,0.0,0.0,0.0,0,0.0
YLR390WA,0.0,0.0,0.0,0,0.0
YMR078C,0.8709008097165992,37.0,9.5,0,0.8709008097165992
YNL088W,3.2649104063577745,10.20714285714286,43.0,1,3.2649104063577745
YOR144C,1.8862891737891736,26.85714285714286,8.75,0,1.8862891737891736
YDL164C,0.0,5.166666666666667,0.0,1,0.0
YHR031C,0.0,0.0,0.0,0,0.0
YKL113C,0.0,3.8666666666666663,0.0,0,0.0
YLR035C,0.16783216783216784,3.4285714285714284,2.0,0,0.16783216783216784
YML021C,0.0,0.0,0.0,0,0.0
YBR089CA,0.2468137254901961,0.0,0.0,0,0.0
YBR089W,0.0,0.0,0.0,1,0.0
YBR090C,0.0,0.0,0.0,0,0.0
YBR091C,2.324561403508772,6.4,3.0,1,2.324561403508772
YDL217C,2.324561403508772,6.6,3.0,1,2.324561403508772
YJL054W,2.4912280701754383,4.675,3.0,1,2.4912280701754383
YKL002W,0.1380189357660058,17.0,2.833333333333333,0,0.1380189357660058
YLR288C,0.2479572595851665,90.66666666666669,31.166666666666664,0,0.2479572595851665
YOR297C,1.0666666666666667,2.875,3.0,1,1.0666666666666667
YBR093C,0.0,0.0,0.0,0,0.0
YKR106W,0.0,0.0,0.0,0,0.0
YML077W,2.115873015873016,9.833333333333334,7.25,1,2.115873015873016
YBR094W,0.19009661835748792,5.514285714285714,3.0,0,0.19009661835748792
YBR095C,0.0,0.0,0.0,0,0.0
YPL139C,2.1434137757667173,4.269545454545455,23.916666666666668,0,2.1434137757667173
YBR096W,0.0,0.0,0.0,0,0.0
YBR097W,0.0,0.0,0.0,0,0.0
YLR240W,0.0,0.0,0.0,1,0.0
YHR016C,0.9761038961038961,7.800000000000001,83.75,0,0.9761038961038961
YBR099C,0.0,0.0,0.0,0,0.0
YDR171W,0.0,0.0,0.0,0,0.0
YHL021C,0.0,0.0,0.0,0,0.0
YJL117W,0.28846153846153844,4.416666666666667,7.583333333333333,0,0.28846153846153844
YKL171W,0.0,0.0,0.0,0,0.0
YLL062C,0.0,0.0,0.0,0,0.0
YLR194C,0.0,0.0,0.0,0,0.0
YMR092C,0.2689393939393939,2.0296052631578947,5.5,0,0.2689393939393939
YMR173W,0.0,0.0,0.0,0,0.0
YOL011W,0.0,0.0,0.0,0,0.0
YPL136W,0.0,0.0,0.0,0,0.0
YBR102C,2.381108948013555,7.166666666666666,8.5,1,2.381108948013555
YIL068C,4.588095238095239,5.583333333333334,19.666666666666664,1,4.588095238095239
YLR166C,4.322222222222223,23.666666666666668,0.0,1,4.322222222222223
YNR046W,0.0,0.0,0.0,1,0.0
YPR055W,4.77550505050505,8.916666666666666,10.11111111111111,1,4.77550505050505
YBR103W,0.0,0.0,0.0,0,0.0
YCR033W,0.38127207029646054,5.476190476190476,15.0,0,0.38127207029646054
YCR077C,0.13840432724814064,27.521825396825395,0.0,0,0.13840432724814064
YGR239C,0.41025641025641024,3.25,2.6111111111111107,0,0.41025641025641024
YIL112W,0.0,0.0,0.0,0,0.0
YJR141W,0.0,0.0,0.0,1,0.0
YBR105C,0.0,0.0,0.0,0,0.0
YBR106W,0.0,0.0,0.0,1,0.0
YBR107C,0.0,0.0,0.0,0,0.0
YBR108W,0.09965034965034966,0.0,2.0,0,0.09965034965034966
YGR136W,0.299137104506232,13.5,2.9166666666666665,0,0.299137104506232
YBR213W,0.0,0.0,0.0,0,0.0
YBR229C,0.0,0.0,0.0,0,0.0
YDR231C,0.0,0.0,0.0,1,0.0
YDR292C,0.0,0.0,0.0,1,0.0
YER023W,0.09886388046251618,37.25,0.0,1,0.09886388046251618
YFL003C,0.0,0.0,0.0,0,0.0
YFL010WA,0.0,0.0,0.0,0,0.0
YFR054C,0.0,0.0,0.0,0,0.0
YGL043W,0.0,0.0,0.0,0,0.0
YGL063W,0.0,0.0,0.0,0,0.0
YGL229C,0.10671140939597316,3.333333333333333,0.0,0,0.10671140939597316
YGR050C,0.0,0.0,0.0,0,0.0
YGR144W,0.052543534142169855,21.428571428571427,4.277777777777778,0,0.052543534142169855
YHR028C,0.0,0.0,0.0,0,0.0
YHR179W,0.0,0.0,0.0,0,0.0
YIL021W,9.346224407081891,201.92857142857144,253.5,1,9.346224407081891
YJR073C,0.0,0.0,0.0,0,0.0
YKL175W,0.0,0.0,0.0,0,0.0
YKR025W,8.42763017189595,91.0,157.8,1,8.42763017189595
YLL050C,0.450036075036075,4.862573099415204,4.75,1,0.450036075036075
YLL051C,0.0,0.0,0.0,0,0.0
YLR443W,0.0,0.0,0.0,0,0.0
YML095CA,0.0,0.0,0.0,0,0.0
YMR111C,0.0,0.0,0.0,0,0.0
YMR200W,0.0,0.0,0.0,1,0.0
YMR250W,0.0,0.0,0.0,0,0.0
YNL066W,0.0,0.0,0.0,0,0.0
YNL079C,0.0,0.0,0.0,0,0.0
YNL202W,0.0,0.0,0.0,0,0.0
YNR035C,3.5636724386724388,12.34935064935065,6.0,1,3.5636724386724388
YOR029W,0.0,0.0,0.0,0,0.0
YOR035C,0.18714265835424435,16.0,38.25,0,0.18714265835424435
YOR358W,0.0,0.0,0.0,0,0.0
YPL242C,0.07196969696969696,3.482456140350877,2.0,1,0.07196969696969696
YBR112C,0.20323706144601666,1.181818181818182,3.0,1,0.20323706144601666
YCR096C,0.408453303802141,0.0,0.0,1,0.0
YDR043C,0.0,0.0,0.0,0,0.0
YGL035C,0.16558441558441558,4.714285714285714,2.0,0,0.16558441558441558
YGL162W,0.0,0.0,0.0,0,0.0
YNL167C,0.0,9.8,0.0,0,0.0
YPL181W,0.5029761904761905,3.875,4.0,0,0.5029761904761905
YBR113W,0.0,0.0,0.0,0,0.0
YHL024W,0.20202020202020202,2.0,0.0,0,0.20202020202020202
YKL112W,0.5288461538461539,5.055555555555555,0.0,1,0.5288461538461539
YBR115C,0.0,0.0,0.0,0,0.0
YGL154C,0.0,0.0,0.0,0,0.0
YOL086C,1.8823529411764708,8.350000000000001,38.66666666666667,0,1.8823529411764708
YBR116C,0.0,0.0,0.0,0,0.0
YBR117C,0.0,0.0,0.0,0,0.0
YPR074C,0.0,0.0,0.0,0,0.0
YNL271C,1.1052905983379986,13.307017543859647,3.333333333333334,0,1.1052905983379986
YDR110W,0.09124116260801257,3.1666666666666665,1.5,0,0.09124116260801257
YLR223C,0.0,0.0,0.0,1,0.0
YLR449W,5.497109901245764,161.07142857142853,267.5,0,5.497109901245764
YML016C,0.2777777777777778,2.0,0.0,0,0.2777777777777778
YNL227C,0.0,0.0,0.0,0,0.0
YNL277W,0.0,0.0,0.0,0,0.0
YBR120C,10.99861191440139,59.083333333333336,36.0,0,10.99861191440139
YDL044C,7.799999999999998,35.898809523809526,36.0,0,7.799999999999998
YGR222W,10.031578947368422,44.23452380952381,19.0,0,10.031578947368422
YIR021W,10.99861191440139,61.91666666666666,36.0,0,10.99861191440139
YJL133W,11.152458068247544,81.16666666666667,19.0,0,11.152458068247544
YJR082C,0.0,0.0,0.0,0,0.0
YKR052C,10.99861191440139,78.08333333333333,19.0,0,10.99861191440139
YLR382C,11.152458068247544,35.898809523809526,0.0,0,11.152458068247544
YMR023C,10.603007518796993,35.898809523809526,36.0,0,10.603007518796993
YMR287C,10.603007518796993,35.898809523809526,36.0,0,10.603007518796993
YOR334W,10.603007518796993,35.898809523809526,19.0,0,10.603007518796993
YPL029W,11.152458068247544,45.1595238095238,36.0,0,11.152458068247544
YPR134W,11.080678783702302,107.33333333333334,36.0,0,11.080678783702302
YDR037W,1.6,4.7,12.0,1,1.6
YOR335C,2.0,4.05,5.0,1,2.0
YGR246C,0.815915915915916,1.7,4.0,1,0.815915915915916
YBR124W,0.0,0.0,0.0,1,0.0
YBR125C,0.0,0.0,0.0,0,0.0
YDR028C,1.8986291486291484,8.007142857142858,47.0,0,1.8986291486291484
YDR216W,0.8492528529293236,7.976872800402212,7.0,0,0.8492528529293236
YFL033C,0.0,0.0,0.0,0,0.0
YJL167W,0.0,0.0,0.0,1,0.0
YML100W,0.9841269841269841,2.4,3.0,0,0.9841269841269841
YMR261C,1.365079365079365,1.6666666666666667,4.0,0,1.365079365079365
YNL160W,0.09307359307359307,0.0,0.0,0,0.0
YPR035W,0.38095238095238093,0.0,2.0,1,0.38095238095238093
YPR183W,0.0,0.0,0.0,1,0.0
YBR127C,10.953957969326346,81.34826839826839,0.0,0,10.953957969326346
YDL184WB,10.970806708822144,61.35194805194806,0.0,0,10.970806708822144
YDL185W,7.736528963241149,90.32976190476192,67.66666666666666,0,7.736528963241149
YDR202C,1.2472549019607844,50.33333333333333,10.833333333333334,0,1.2472549019607844
YDR328C,1.6477272727272734,41.06319073083779,22.500000000000004,1,1.6477272727272734
YEL027W,10.970806708822144,61.35194805194806,36.66666666666667,0,10.970806708822144
YEL051W,10.597340322267524,154.33333333333334,0.0,0,10.597340322267524
YGR020C,10.081016865140832,181.5,0.0,0,10.081016865140832
YHR039CA,10.580330518345953,61.35194805194806,0.0,0,10.580330518345953
YKL080W,10.827949565965,172.5,36.66666666666667,0,10.827949565965
YMR054W,10.580330518345953,69.2904761904762,6.666666666666667,0,10.580330518345953
YOR270C,10.662290331974376,68.79361471861472,36.66666666666667,0,10.662290331974376
YOR332W,10.509105028149875,156.99999999999997,51.75,0,10.509105028149875
YPL234C,10.897411393249106,84.35000000000001,36.66666666666667,0,10.897411393249106
YPR036W,10.970806708822144,104.0,36.66666666666667,0,10.970806708822144
YBR128C,0.0,0.0,0.0,0,0.0
YPL120W,0.0,0.0,0.0,0,0.0
YBR129C,0.0,0.0,0.0,0,0.0
YHR107C,2.865170278637771,45.91073926073926,22.0,1,2.865170278637771
YJL071W,0.0,0.0,0.0,0,0.0
YBR131W,0.0,0.0,0.0,0,0.0
YML001W,1.5872426335274632,9.28968253968254,94.58333333333333,0,1.5872426335274632
YBR133C,0.0,9.0,0.0,0,0.0
YDL154W,0.25,0.5555555555555556,0.0,0,0.25
YER087W,0.0,0.0,0.0,0,0.0
YGL187C,4.666666666666666,9.6,5.0,0,4.666666666666666
YKL101W,0.10192307692307692,2.2222222222222223,0.0,1,0.10192307692307692
YBR134W,0.0,0.0,0.0,0,0.0
YBR252W,0.0,0.0,0.0,1,0.0
YDR078C,0.41666666666666663,2.5,2.0,0,0.41666666666666663
YGR108W,0.18831168831168832,7.699999999999999,0.0,0,0.18831168831168832
YLR210W,0.18831168831168832,12.833333333333334,0.0,0,0.18831168831168832
YLR234W,0.0,0.0,0.0,0,0.0
YBR137W,0.013422818791946308,63.0,7.583333333333333,0,0.013422818791946308
YKR083C,0.5269230769230769,3.333333333333334,3.0,1,0.5269230769230769
YOR007C,0.0,0.0,0.0,0,0.0
YBR138C,0.0,0.0,0.0,0,0.0
YIL046W,0.46428571428571425,2.5955882352941178,7.416666666666666,1,0.46428571428571425
YBR139W,0.0,0.0,0.0,0,0.0
YEL060C,0.15656565656565657,2.6666666666666665,4.0,0,0.15656565656565657
YOR381W,0.0,0.0,0.0,0,0.0
YBR140C,0.6871794871794872,2.6944444444444446,4.5,1,0.6871794871794872
YOL081W,0.0,0.0,0.0,0,0.0
YBR141C,0.0,0.0,0.0,0,0.0
YDR372C,0.0,0.0,0.0,0,0.0
YER059W,0.0,38.5,0.0,0,0.0
YGL091C,0.0,0.0,0.0,1,0.0
YDR060W,11.153604122496363,207.1027777777778,102.79166666666667,1,11.153604122496363
YFR001W,36.07916123035258,636.2133283383282,452.58333333333337,0,36.07916123035258
YGR103W,40.19671037379239,1079.2071428571428,823.875,1,40.19671037379239
YLR197W,40.66714030304238,2332.1666666666674,705.875,1,40.66714030304238
YLR221C,0.49264066795571615,47.5,14.166666666666666,0,0.49264066795571615
YPR010C,10.43332731075611,80.17341269841269,71.5,1,10.43332731075611
YMR080C,0.3857272139625081,8.3,7.5,0,0.3857272139625081
YBR144C,0.0,0.0,0.0,0,0.0
YBR145W,0.0,0.0,0.0,0,0.0
YFR049W,6.499186682882334,19.916666666666668,64.5,0,6.499186682882334
YHR075C,6.871785137059737,28.666666666666668,0.0,0,6.871785137059737
YIL070C,0.26629375370794134,4.0,9.0,0,0.26629375370794134
YKL142W,6.6153748806494805,28.666666666666668,36.0,0,6.6153748806494805
YPR166C,6.871785137059737,28.666666666666668,0.0,0,6.871785137059737
YBR149W,0.0,0.0,0.0,0,0.0
YDL211C,0.0,0.0,0.0,0,0.0
YNL128W,0.0,1.5,0.0,0,0.0
YBR152W,0.3215174129353234,9.333333333333332,9.0,1,0.3215174129353234
YGL128C,0.36858564321250886,2.5,4.75,1,0.36858564321250886
YLR424W,1.0914424860853433,22.12222222222222,13.0,1,1.0914424860853433
YBR154C,16.04220852328286,237.7277777777778,366.0,1,16.04220852328286
YDL150W,10.813414905381315,47.35912698412699,121.5,1,10.813414905381315
YDR045C,2.3180009936445862,16.75,30.0,1,2.3180009936445862
YDR156W,5.478251052119923,80.0,28.0,0,5.478251052119923
YDR404C,9.314656566361574,148.7309523809524,129.75,1,9.314656566361574
YER071C,0.0,0.0,0.0,0,0.0
YFL023W,0.0,0.0,0.0,1,0.0
YGR005C,6.997317097442713,201.0,227.0,1,6.997317097442713
YGR063C,4.465501180049726,76.31190476190477,60.25,0,4.465501180049726
YGR186W,5.901847670558019,76.38690476190476,152.5,1,5.901847670558019
YHR143WA,13.686295549293465,82.08888888888889,0.0,0,13.686295549293465
YIL128W,0.4785214785214785,13.5,2.0,0,0.4785214785214785
YJL011C,6.466331398195119,40.75,89.5,1,6.466331398195119
YJL148W,5.478251052119921,25.261507936507936,0.0,0,5.478251052119921
YKL144C,12.78520639278784,83.58333333333333,130.5,1,12.78520639278784
YLR384C,1.63563128501209,17.857142857142858,13.0,0,1.63563128501209
YLR418C,6.254368733886765,75.13214285714285,147.5,0,6.254368733886765
YML010W,6.617066265905276,106.95,42.5,1,6.617066265905276
YNL113W,13.282696143189147,101.53571428571428,74.0,1,13.282696143189147
YNL151C,11.856100798697582,108.91666666666666,121.5,1,11.856100798697582
YNL248C,13.29069331226824,48.02579365079365,63.0,0,13.29069331226824
YOL005C,9.491127154596867,213.58333333333331,247.0,1,9.491127154596867
YOR151C,11.947047031724178,211.66923011628893,262.0,1,11.947047031724178
YOR207C,11.940231863716829,66.23134920634921,178.83333333333331,1,11.940231863716829
YOR210W,14.753647977559451,123.8277777777778,93.25,1,14.753647977559451
YOR224C,16.120894921230988,215.57142857142856,308.3,1,16.120894921230988
YOR340C,14.001598667282233,162.66666666666666,83.6,1,14.001598667282233
YPR187W,16.099853392053646,183.63769841269843,181.0,1,16.099853392053646
YPR190C,12.776165319452263,44.48412698412699,73.16666666666666,1,12.776165319452263
YBR155W,0.7515545336013113,6.800000000000001,4.5,1,0.7515545336013113
YDR463W,0.0,0.0,0.0,0,0.0
YGR187C,0.1462701121404193,0.0,0.0,0,0.0
YJR032W,0.7783613445378151,2.9846153846153847,0.0,0,0.7783613445378151
YLL026W,0.25,0.0,0.0,0,0.0
YBR156C,0.7222222222222223,3.0,3.0,0,0.7222222222222223
YGR113W,0.8758270730604184,16.442857142857143,9.0625,1,0.8758270730604184
YBR157C,0.0,0.0,0.0,0,0.0
YBR158W,0.0,0.0,0.0,1,0.0
YDR111C,0.0,0.0,0.0,0,0.0
YDL106C,0.0,0.0,0.0,0,0.0
YDR113C,0.0,18.2,0.0,1,0.0
YFL029C,0.0,0.0,0.0,1,0.0
YIL050W,0.0,0.0,0.0,0,0.0
YJR090C,0.598989898989899,22.40692640692641,5.833333333333333,0,0.598989898989899
YKL108W,0.0,16.88888888888889,0.0,1,0.0
YKR077W,0.11688311688311688,74.0,0.0,0,0.11688311688311688
YMR199W,1.5,73.23333333333332,0.0,0,1.5
YNL298W,1.7712579178676915,25.7794955044955,0.0,0,1.7712579178676915
YNL309W,0.7668831168831169,33.41121212121212,2.25,0,0.7668831168831169
YPL256C,1.8393939393939394,73.34761904761905,0.0,0,1.8393939393939394
YPR120C,0.37662337662337664,76.0,0.0,1,0.37662337662337664
YBR161W,0.0,0.0,0.0,0,0.0
YBR192W,0.0,0.0,0.0,1,0.0
YCR012W,0.7832314744079449,8.4,13.1,1,0.7832314744079449
YGR249W,0.0,0.0,0.0,0,0.0
YNL217W,0.0,0.0,0.0,0,0.0
YOL028C,0.0,0.0,0.0,0,0.0
YPR155C,0.0,0.0,0.0,0,0.0
YBR162WA,0.0,0.0,0.0,0,0.0
YIL027C,0.0,0.0,0.0,0,0.0
YML108W,0.0,0.0,0.0,0,0.0
YBR166C,0.29166666666666663,0.0,0.0,0,0.0
YDR127W,1.2508980785296573,0.0,11.333333333333334,0,1.2508980785296573
YJR109C,1.7842314118629907,6.642857142857142,15.333333333333334,0,1.7842314118629907
YBR168W,0.0,0.0,0.0,1,0.0
YIL077C,0.0,0.0,0.0,0,0.0
YBR170C,0.3611111111111111,3.2222222222222223,0.0,0,0.3611111111111111
YDR259C,0.42556335279975543,32.2,39.333333333333336,0,0.42556335279975543
YGR048W,0.6388888888888888,4.909090909090909,0.0,1,0.6388888888888888
YBR171W,1.3333333333333333,7.033333333333333,12.666666666666666,0,1.3333333333333333
YCL057W,0.0,0.0,0.0,0,0.0
YDR245W,1.5666666666666667,6.116666666666666,5.388888888888889,0,1.5666666666666667
YLR292C,1.2333333333333334,6.666666666666668,10.333333333333332,0,1.2333333333333334
YOR254C,1.6,6.083333333333334,5.944444444444444,1,1.6
YPL094C,1.1333333333333333,5.083333333333334,10.0,1,1.1333333333333333
YBR172C,0.18382352941176472,0.0,0.0,0,0.0
YKL074C,0.6336898395721925,2.05,0.0,0,0.6336898395721925
YBR174C,0.0,0.0,0.0,0,0.0
YHR177W,0.0,0.0,0.0,0,0.0
YIL160C,0.7301587301587301,3.333333333333333,2.388888888888889,0,0.7301587301587301
YOR047C,0.20692382105425583,22.125,1.3333333333333333,0,0.20692382105425583
YBR176W,0.13979556870964066,43.333333333333336,0.0,0,0.13979556870964066
YLR291C,2.286993603411513,73.26666666666667,0.0,1,2.286993603411513
YBR178W,0.0,0.0,0.0,0,0.0
YHR122W,0.0,0.0,0.0,1,0.0
YBR179C,0.0,0.0,0.0,0,0.0
YBR180W,0.0,0.0,0.0,0,0.0
YBR184W,0.0,0.0,0.0,0,0.0
YNL225C,0.45882352941176474,1.0,4.5,1,0.45882352941176474
YBR185C,0.0,0.0,0.0,0,0.0
YBR186W,0.0,0.0,0.0,0,0.0
YBR187W,0.0,0.0,0.0,0,0.0
YNR032W,0.18803418803418803,2.225,0.0,0,0.18803418803418803
YPR171W,0.4389784621982765,4.047979797979798,2.6666666666666665,0,0.4389784621982765
YBR188C,0.2358974358974359,0.0,3.0,0,0.2358974358974359
YBR190W,0.0,0.0,0.0,1,0.0
YER078C,0.0,0.0,0.0,0,0.0
YBR193C,0.2294688652648465,17.517857142857142,12.5,1,0.2294688652648465
YEL037C,2.018845811668435,27.839285714285715,13.25,0,2.018845811668435
YOR264W,0.0,0.0,0.0,0,0.0
YBR194W,0.0,0.0,0.0,0,0.0
YPR152C,0.0,0.0,0.0,0,0.0
YBR195C,0.5333333333333333,15.6,1.0,0,0.5333333333333333
YHR004C,0.0,0.0,0.0,0,0.0
YML102W,0.5333333333333333,4.783333333333333,4.5,0,0.5333333333333333
YPR018W,1.3333333333333335,13.8,13.0,0,1.3333333333333335
YBR196C,0.1588235294117647,0.0,4.5,1,0.1588235294117647
YBR197C,0.0,0.0,0.0,0,0.0
YDR145W,7.334082818118356,84.37474747474747,24.5,1,7.334082818118356
YDR167W,5.652206836511657,74.12439782439782,36.5,1,5.652206836511657
YFR051C,4.832005708716235,36.27579365079365,34.75,1,4.832005708716235
YGL112C,8.910307215260772,128.1764874014874,48.5,1,8.910307215260772
YGR274C,7.383763491584193,80.1158416746652,42.0,1,7.383763491584193
YHR099W,1.4375023680969972,3.666666666666667,8.0,1,1.4375023680969972
YHR137W,0.0,0.0,0.0,0,0.0
YML015C,6.580214141777005,126.25,29.0,1,6.580214141777005
YML061C,0.0,0.0,0.0,0,0.0
YML098W,6.505036421936408,149.33333333333331,16.5,1,6.505036421936408
YMR227C,6.3780522949522815,66.26884226884226,13.0,1,6.3780522949522815
YMR236W,6.969336562067749,114.44444444444444,29.333333333333332,1,6.969336562067749
YPL011C,7.116177315484086,129.25,27.5,1,7.116177315484086
YPR072W,2.596081195345901,31.12380952380952,78.975,0,2.596081195345901
YEL043W,0.6602861329368308,6.875,0.0,0,0.6602861329368308
YGR134W,0.0,0.0,0.0,0,0.0
YBR201W,0.0,0.0,0.0,0,0.0
YBR203W,0.0,0.0,0.0,0,0.0
YKL006CA,0.0,0.0,0.0,0,0.0
YBR204C,0.0,0.0,0.0,0,0.0
YPL096W,0.0,0.0,0.0,0,0.0
YDL101C,0.0,9.333333333333334,0.0,0,0.0
YFL038C,1.9345648434812521,32.09314863245069,20.770833333333336,1,1.9345648434812521
YHR105W,0.0,14.0,0.0,0,0.0
YPR107C,4.692942242942244,41.766666666666666,33.5,1,4.692942242942244
YBR207W,0.0,0.0,0.0,0,0.0
YFL041W,0.0,0.0,0.0,0,0.0
YOR068C,0.0,0.0,0.0,0,0.0
YBR208C,0.0,0.0,0.0,0,0.0
YBR209W,0.0,0.0,0.0,0,0.0
YBR211C,0.0,0.0,0.0,1,0.0
YGR179C,0.0,0.0,0.0,1,0.0
YLR052W,0.4,1.2,2.0,0,0.4
YBR212W,0.0,0.0,0.0,0,0.0
YMR206W,0.0,0.0,0.0,0,0.0
YBR214W,0.0,0.0,0.0,0,0.0
YBR215W,0.0,0.0,0.0,0,0.0
YBR216C,0.16967281879194632,35.0,13.333333333333332,0,0.16967281879194632
YML007W,0.3629728877238053,15.125,14.083333333333332,0,0.3629728877238053
YDR022C,0.09184845005740529,4.6,4.0,0,0.09184845005740529
YDR465C,0.08363448631905009,6.666666666666667,2.25,0,0.08363448631905009
YGL078C,0.0,0.0,0.0,0,0.0
YLL042C,0.0,0.0,0.0,0,0.0
YLR031W,0.0,0.0,0.0,0,0.0
YML055W,0.4,0.0,0.0,0,0.0
YMR159C,0.20657675657675656,16.615384615384617,4.0,0,0.20657675657675656
YBR218C,0.578088578088578,2.880952380952381,6.0,0,0.578088578088578
YGL062W,0.6538461538461537,4.057142857142857,3.0,0,0.6538461538461537
YLR438W,0.6666666666666667,4.5,12.5,0,0.6666666666666667
YBR219C,0.0,0.0,0.0,0,0.0
YBR220C,0.0,0.0,0.0,0,0.0
YBR221C,1.5208855472013367,12.27777777777778,4.0,0,1.5208855472013367
YGR193C,1.8357142857142859,18.5,14.5,0,1.8357142857142859
YLR218C,0.0,0.0,0.0,0,0.0
YNL071W,1.6626984126984128,27.33333333333333,7.5,0,1.6626984126984128
YBR223C,0.0,4.4,0.0,0,0.0
YBR225W,0.0,0.0,0.0,0,0.0
YGL197W,0.0,0.0,0.0,0,0.0
YBR226C,0.0,0.0,0.0,0,0.0
YDL049C,0.0,0.0,0.0,0,0.0
YBR228W,0.0,0.0,0.0,0,0.0
YLR135W,0.028381642512077296,2.0,1.0,0,0.028381642512077296
YBR230C,0.0,0.0,0.0,0,0.0
YDR506C,0.0,0.0,0.0,0,0.0
YOR014W,0.0,0.0,0.0,0,0.0
YBR231C,0.0,0.0,0.0,0,0.0
YNR030W,0.0,0.0,0.0,0,0.0
YBR233W,0.0,0.0,0.0,0,0.0
YBR234C,3.998301088990055,23.428571428571438,12.5,1,3.998301088990055
YDL029W,4.219820064636975,19.832900432900438,9.0,1,4.219820064636975
YIL062C,3.682720057720058,19.0,6.0,1,3.682720057720058
YJR065C,3.8995372443648306,17.56854256854257,16.333333333333336,1,3.8995372443648306
YKL013C,4.184967185466278,13.876623376623378,8.0,1,4.184967185466278
YLR370C,3.682720057720058,14.885714285714284,6.0,0,3.682720057720058
YBR235W,0.0,0.0,0.0,0,0.0
YBR237W,0.0,0.0,0.0,1,0.0
YDR073W,3.4736842105263155,17.22222222222222,56.333333333333336,0,3.4736842105263155
YBR238C,0.0,0.0,0.0,0,0.0
YKR043C,0.0,0.0,0.0,0,0.0
YBR239C,0.0,0.0,0.0,0,0.0
YPL133C,0.0,0.0,0.0,0,0.0
YBR240C,0.0,0.0,0.0,0,0.0
YBR241C,0.0,0.0,0.0,0,0.0
YBR242W,0.0,0.0,0.0,0,0.0
YBR243C,0.0,0.0,0.0,1,0.0
YBR244W,0.0,0.0,0.0,0,0.0
YBR246W,0.0,0.0,0.0,0,0.0
YDR520C,0.0,0.0,0.0,0,0.0
YML130C,0.6986441475688787,0.0,6.0,1,0.6986441475688787
YMR093W,33.571537902489546,781.5999999999998,328.45833333333337,1,33.571537902489546
YBR248C,0.0,0.0,0.0,0,0.0
YBR249C,0.0,0.0,0.0,0,0.0
YEL047C,0.0,0.0,0.0,0,0.0
YGL026C,0.3055555555555556,22.0,0.0,0,0.3055555555555556
YOR050C,0.0,0.0,0.0,0,0.0
YBR250W,0.0,0.0,0.0,0,0.0
YML038C,0.0,0.0,0.0,0,0.0
YNL012W,0.0,0.0,0.0,0,0.0
YDL138W,0.0,0.0,0.0,0,0.0
YLR439W,8.959982268800182,17.75,15.0,0,8.959982268800182
YLL037W,0.0,0.0,0.0,1,0.0
YBR253W,7.756293751810632,160.5,18.0,1,7.756293751810632
YCR081W,5.79395611129276,28.468406593406595,13.0,0,5.79395611129276
YDR308C,5.504985706204338,105.22619047619048,32.33333333333333,1,5.504985706204338
YGR104C,6.982123359589448,92.28571428571428,16.0,0,6.982123359589448
YLR071C,7.114583264334675,75.2973137973138,16.0,1,7.114583264334675
YMR112C,0.6927600725663244,38.33333333333333,5.0,1,0.6927600725663244
YNL236W,3.153662557515809,60.392857142857146,57.58333333333333,0,3.153662557515809
YOL051W,5.98443277362617,52.2781746031746,16.0,0,5.98443277362617
YPL248C,1.742276318038864,41.013888888888886,12.5,0,1.742276318038864
YBR254C,1.6666666666666665,7.2,4.0,1,1.6666666666666665
YDR472W,1.4492063492063492,8.0,6.25,1,1.4492063492063492
YJR116W,0.0,0.0,0.0,0,0.0
YKR068C,2.6,4.733333333333333,7.25,1,2.6
YMR218C,0.0,0.0,0.0,1,0.0
YOR115C,1.7333333333333334,7.033333333333333,6.25,0,1.7333333333333334
YBR255W,0.0,0.0,0.0,0,0.0
YPL138C,1.1955128205128205,18.93073593073593,10.0,0,1.1955128205128205
YBR260C,0.07575757575757576,0.75,0.0,0,0.07575757575757576
YGR196C,0.0,0.0,0.0,0,0.0
YIL118W,0.1858974358974359,3.625,0.0,1,0.1858974358974359
YJL058C,0.0,0.0,0.0,0,0.0
YKR055W,0.0,5.5,0.0,0,0.0
YBR261C,0.0,0.0,0.0,0,0.0
YBR262C,0.0,0.0,0.0,0,0.0
YBR263W,0.0,0.0,0.0,0,0.0
YML018C,0.0,0.0,0.0,0,0.0
YBR264C,0.21145510835913311,16.0,4.333333333333333,0,0.21145510835913311
YGL161C,3.1210526315789475,98.0,156.5,0,3.1210526315789475
YGL198W,3.832824733989159,65.944880481837,125.20833333333334,0,3.832824733989159
YNL263C,2.4911764705882344,33.84694905907721,30.687499999999993,1,2.4911764705882344
YCR107W,0.0,0.0,0.0,0,0.0
YLR255C,0.0,0.0,0.0,0,0.0
YBR266C,0.0,0.0,0.0,0,0.0
YPR031W,0.0,0.0,0.0,0,0.0
YCR072C,1.4990607467692447,34.61507936507937,56.91666666666667,1,1.4990607467692447
YER002W,10.846004302433544,569.6666666666667,276.5833333333333,0,10.846004302433544
YJL122W,0.09090532479010163,6.666666666666667,5.0,0,0.09090532479010163
YDR405W,11.392469905977972,46.33333333333333,17.0,0,11.392469905977972
YBR269C,0.0,0.0,0.0,0,0.0
YBR270C,0.5542249228167462,106.0,0.0,0,0.5542249228167462
YER093C,0.0,0.0,0.0,1,0.0
YFL047W,0.0,0.0,0.0,0,0.0
YHR077C,0.24358974358974358,0.0,4.5,0,0.24358974358974358
YIL105C,0.7083333333333333,0.9285714285714286,6.527777777777778,0,0.7083333333333333
YKR026C,2.2476876987746555,35.75,0.0,0,2.2476876987746555
YNL004W,0.0,0.0,0.0,0,0.0
YNL018C,0.0,0.0,0.0,0,0.0
YNL047C,0.8885281385281385,19.984126984126988,6.527777777777778,0,0.8885281385281385
YPL124W,1.076719068122664,82.89999999999999,15.527777777777779,1,1.076719068122664
YPL255W,0.32032085561497325,43.5,7.666666666666667,1,0.32032085561497325
YBR271W,0.0,0.0,0.0,0,0.0
YEL034W,0.12698412698412698,1.5,3.0,1,0.12698412698412698
YBR273C,0.0,0.0,0.0,0,0.0
YDR217C,0.0,2.4,0.0,0,0.0
YER171W,5.655331155331155,27.30016278441201,11.0,1,5.655331155331155
YJL036W,0.0,0.0,0.0,0,0.0
YLR258W,1.1727272727272728,18.0,0.0,0,1.1727272727272728
YMR255W,0.6666666666666666,19.0,7.0,0,0.6666666666666666
YNL234W,0.0,0.0,0.0,0,0.0
YNR013C,0.0,0.0,0.0,0,0.0
YBR275C,0.15551537070524413,0.0,2.0,0,0.15551537070524413
YNL216W,0.3805153707052441,0.0,3.0,1,0.3805153707052441
YBR277C,0.0,0.0,0.0,0,0.0
YDR448W,0.15476190476190477,0.5333333333333333,2.0,0,0.15476190476190477
YIL006W,0.0,0.0,0.0,0,0.0
YLR181C,0.0,0.0,0.0,0,0.0
YBR279W,0.8559462381443805,8.125,20.0,0,0.8559462381443805
YDR138W,0.16246498599439774,0.0,2.0,0,0.16246498599439774
YBR280C,0.0,0.0,0.0,0,0.0
YBR281C,0.0,0.0,0.0,0,0.0
YNL191W,0.0,0.0,0.0,0,0.0
YBR283C,0.0,0.0,0.0,0,0.0
YIL162W,0.0,0.0,0.0,0,0.0
YLR311C,0.0,0.0,0.0,1,0.0
YBR284W,0.0,0.0,0.0,0,0.0
YDL238C,0.0,0.0,0.0,0,0.0
YMR138W,0.0,0.0,0.0,0,0.0
YBR285W,0.0,0.0,0.0,0,0.0
YIL049W,0.0,0.0,0.0,0,0.0
YPR156C,0.0,0.0,0.0,0,0.0
YBR286W,0.0,0.0,0.0,0,0.0
YPL200W,0.0,0.0,0.0,0,0.0
YPL195W,1.3444444444444443,0.0,7.277777777777778,0,1.3444444444444443
YHL025W,3.180263157894737,14.666666666666666,54.333333333333336,0,3.180263157894737
YPL016W,3.2062480396357644,19.72222222222222,3.3333333333333335,1,3.2062480396357644
YPR034W,6.962075476123463,49.67222222222224,64.33333333333334,1,6.962075476123463
YBR291C,0.0,0.0,0.0,0,0.0
YBR293W,0.0,0.0,0.0,0,0.0
YBR295W,0.0,0.0,0.0,0,0.0
YKR091W,0.0,0.0,0.0,0,0.0
YBR296C,0.0,0.0,0.0,0,0.0
YHR188C,0.0,5.333333333333333,0.0,1,0.0
YLR137W,0.0,0.0,0.0,0,0.0
YML089C,0.0,0.0,0.0,0,0.0
YBR299W,0.0,0.0,0.0,0,0.0
YBR301W,0.0,0.0,0.0,0,0.0
YBR302C,0.0,0.0,0.0,0,0.0
YPL105C,0.29177807486631013,2.0090909090909093,2.0,0,0.29177807486631013
YPR063C,0.0,0.0,0.0,0,0.0
YCL004W,0.0,0.0,0.0,1,0.0
YCL005W,0.0,0.0,0.0,0,0.0
YCL007C,0.0,0.0,0.0,0,0.0
YCL008C,0.6951871657754011,1.6,0.0,0,0.6951871657754011
YJL172W,0.29545454545454547,0.0,0.0,0,0.0
YLR119W,0.3449612403100775,2.5,1.5,0,0.3449612403100775
YPL065W,0.29545454545454547,1.6666666666666667,0.0,0,0.29545454545454547
YCL009C,0.0,0.0,0.0,0,0.0
YMR108W,0.2857142857142857,0.5714285714285714,2.0,1,0.2857142857142857
YCL010C,0.0,0.0,0.0,0,0.0
YMR223W,0.0,0.0,0.0,0,0.0
YPL254W,0.0,0.0,0.0,0,0.0
YCL011C,0.0,0.0,0.0,0,0.0
YDR120C,0.14090909090909093,0.0,1.3333333333333333,0,0.14090909090909093
YFL034CB,0.0,0.0,0.0,0,0.0
YCL012W,0.0,0.0,0.0,0,0.0
YIL104C,0.0,0.0,0.0,1,0.0
YJR092W,0.0,0.0,0.0,0,0.0
YCL014W,0.16666666666666666,2.0075757575757573,0.0,0,0.16666666666666666
YLR189C,0.0,0.0,0.0,0,0.0
YLR371W,0.4405594405594405,2.1666666666666665,0.0,1,0.4405594405594405
YCL016C,0.0,0.0,0.0,0,0.0
YHL023C,0.0,0.0,0.0,0,0.0
YHR191C,0.0,0.0,0.0,0,0.0
YLR123C,0.0,0.0,0.0,0,0.0
YCL019W,0.6666666666666666,0.0,0.0,0,0.0
YDR261WA,1.3333333333333333,0.0,0.0,0,0.0
YDR261WB,1.3333333333333333,0.0,0.0,0,0.0
YHR189W,0.0,0.0,0.0,0,0.0
YOL030W,0.0,0.0,0.0,0,0.0
YCL020W,0.6666666666666666,0.0,0.0,0,0.0
YCL023C,0.0,0.0,0.0,0,0.0
YML008C,0.0,0.0,0.0,0,0.0
YCL024W,1.9833004972323858,10.666666666666666,27.333333333333332,0,1.9833004972323858
YCR002C,3.6644016458257944,17.616694090223504,18.0,0,3.6644016458257944
YDR507C,3.2147414661884985,21.616694090223504,25.666666666666668,0,3.2147414661884985
YJR076C,2.921804511278195,33.68023740964918,28.25,1,2.921804511278195
YKR048C,0.7636042726585235,16.59345238095238,14.0,0,0.7636042726585235
YLR314C,2.9940895018294396,22.52027972027972,20.416666666666668,1,2.9940895018294396
YCL025C,0.0,0.0,0.0,0,0.0
YIR038C,0.3,0.0,7.666666666666666,0,0.3
YCL026CA,0.0,0.0,0.0,0,0.0
YCR048W,0.0,0.0,0.0,0,0.0
YLR177W,0.0,0.0,0.0,0,0.0
YER032W,0.16233766233766234,2.2403846153846154,0.0,0,0.16233766233766234
YER149C,0.18382352941176472,0.1666666666666666,0.0,0,0.1666666666666666
YGR070W,0.0,0.0,0.0,0,0.0
YIL159W,0.26489211534583584,0.0,0.0,0,0.0
YIR014W,0.0,0.0,0.0,0,0.0
YKL092C,0.0,0.0,0.0,0,0.0
YKL105C,0.0,0.0,0.0,0,0.0
YKR023W,0.0,0.0,0.0,0,0.0
YKR101W,0.21063218390804597,2.1022727272727275,0.0,0,0.21063218390804597
YML058W,0.45,25.25,1.0,0,0.45
YNL058C,0.0,0.0,0.0,0,0.0
YPR008W,0.0,0.0,0.0,0,0.0
YCL028W,0.149568552253116,6.0,2.9166666666666665,1,0.149568552253116
YDR188W,3.818181818181818,4.0,7.0,1,3.818181818181818
YOR027W,0.9786683904330963,9.857142857142858,11.0,0,0.9786683904330963
YCL029C,0.6928571428571428,3.5166666666666666,5.666666666666666,0,0.6928571428571428
YER016W,0.39285714285714285,2.8166666666666664,4.5,1,0.39285714285714285
YPL155C,0.3,2.5,5.833333333333333,0,0.3
YCL030C,0.0,0.0,0.0,0,0.0
YCL031C,23.415682952300102,551.65,327.6666666666667,1,23.415682952300102
YDL148C,20.292872241733395,223.0553085803086,96.91666666666667,1,20.292872241733395
YDR449C,31.900879637393164,692.4452380952378,331.37500000000006,1,31.900879637393164
YOL082W,0.5003944822434221,6.1761904761904765,29.166666666666668,0,0.5003944822434221
YDL016C,0.0,0.0,0.0,1,0.0
YDR309C,2.378296146044625,48.892857142857146,22.333333333333332,0,2.378296146044625
YDR386W,0.03410059676044331,2.6944444444444446,4.5,0,0.03410059676044331
YER040W,0.5714285714285714,0.0,25.4,0,0.5714285714285714
YER047C,0.19047619047619047,0.0,0.0,0,0.0
YHR061C,2.3366294793779585,64.05357142857144,22.333333333333336,0,2.3366294793779585
YKL061W,0.32718008467096116,7.0,13.333333333333332,0,0.32718008467096116
YKR020W,0.0,0.0,0.0,0,0.0
YLL049W,0.04433713784021071,10.5,0.0,0,0.04433713784021071
YMR117C,0.8764612692463009,27.8,9.5,1,0.8764612692463009
YNL086W,0.2849673202614379,10.0,9.333333333333334,0,0.2849673202614379
YOL043C,0.0,0.0,0.0,0,0.0
YOL123W,1.2178650943133862,6.2398767898767895,25.333333333333332,1,1.2178650943133862
YPR051W,0.0,0.0,0.0,0,0.0
YPR076W,0.0,0.0,0.0,0,0.0
YPR193C,0.04632034632034632,5.0,0.0,0,0.04632034632034632
YCL033C,0.0,0.0,0.0,0,0.0
YCL035C,0.0,0.0,0.0,0,0.0
YDR453C,0.0,0.0,0.0,0,0.0
YCL036W,0.0,0.0,0.0,0,0.0
YLR256W,0.0,0.0,0.0,0,0.0
YCL038C,0.0,0.0,0.0,0,0.0
YHR178W,0.0,0.0,0.0,0,0.0
YMR009W,0.0,0.0,0.0,0,0.0
YCL039W,0.0,6.666666666666667,0.0,0,0.0
YDR516C,0.0,0.0,0.0,0,0.0
YML099C,0.9060457516339869,8.666666666666666,2.0,0,0.9060457516339869
YCL043C,0.0,0.0,0.0,1,0.0
YER189W,0.0,0.0,0.0,0,0.0
YML074C,0.0,0.0,0.0,0,0.0
YCL044C,0.0,0.0,0.0,0,0.0
YDL116W,2.0216656617823197,38.65119047619048,10.925,0,2.0216656617823197
YCL045C,0.0,0.0,0.0,0,0.0
YCL046W,0.0,0.0,0.0,0,0.0
YGL115W,1.6303030303030304,5.335714285714285,48.25,0,1.6303030303030304
YPL208W,0.0,0.0,0.0,0,0.0
YCL049C,0.0,0.0,0.0,0,0.0
YCL050C,0.0,0.0,0.0,0,0.0
YCL051W,0.0,0.0,0.0,0,0.0
YCL052C,0.0,0.0,0.0,1,0.0
YDR412W,0.548597634603445,90.0,14.166666666666666,1,0.548597634603445
YNL154C,0.2222222222222222,0.0,5.066666666666667,0,0.2222222222222222
YNL308C,5.942257576792637,329.99999999999994,122.5,1,5.942257576792637
YGL036W,0.0,0.0,0.0,0,0.0
YMR147W,0.0,0.0,0.0,0,0.0
YNL196C,0.0,0.0,0.0,0,0.0
YCL056C,0.0,0.0,0.0,0,0.0
YDL157C,0.0,0.0,0.0,0,0.0
YNL100W,0.0,0.0,0.0,0,0.0
YOR037W,0.0,0.0,0.0,0,0.0
YCL058C,0.0,0.0,0.0,0,0.0
YDR457W,0.0,0.0,0.0,0,0.0
YER082C,27.7075496626607,306.0030497280497,272.9583333333333,1,27.7075496626607
YJR041C,1.6367945377536168,28.78333333333333,40.16666666666667,1,1.6367945377536168
YCL061C,0.0,0.0,0.0,0,0.0
YCL062W,0.0,0.0,0.0,0,0.0
YER150W,0.0,0.0,0.0,0,0.0
YJL043W,0.0,0.0,0.0,0,0.0
YPL005W,0.0,0.0,0.0,0,0.0
YCL063W,0.0,0.0,0.0,0,0.0
YCL065W,0.0,0.0,0.0,0,0.0
YLR374C,0.0,0.0,0.0,0,0.0
YGR284C,0.0,0.0,0.0,0,0.0
YLR378C,0.4,0.0,0.0,1,0.0
YMR043W,1.2312312312312312,7.333333333333334,9.5,1,1.2312312312312312
YCL067C,0.0,0.0,0.0,1,0.0
YCL069W,0.0,0.0,0.0,0,0.0
YCL076W,0.0,0.0,0.0,0,0.0
YOR209C,0.0,0.0,0.0,0,0.0
YCLX08C,0.0,0.0,0.0,0,0.0
YCR001W,0.0,0.0,0.0,0,0.0
YOR241W,0.0,0.0,0.0,0,0.0
YNL166C,1.8397598273759264,22.6,10.0,0,1.8397598273759264
YIR039C,0.0,0.0,0.0,0,0.0
YCR004C,0.0,0.0,0.0,0,0.0
YLR253W,0.0,0.0,0.0,0,0.0
YCR005C,0.0,0.0,0.0,0,0.0
YJL042W,0.1879432624113475,0.0,6.65,0,0.1879432624113475
YPL245W,0.0,0.0,0.0,0,0.0
YCR007C,0.0,0.0,0.0,0,0.0
YCR008W,0.0,1.818181818181818,0.0,0,0.0
YDR154C,0.0,0.0,0.0,0,0.0
YDR277C,0.09965034965034966,7.5,0.0,0,0.09965034965034966
YDR395W,1.1881339496841985,11.72857142857143,16.138888888888893,1,1.1881339496841985
YLR433C,0.46328671328671334,0.0,0.0,0,0.0
YMR192W,0.16999666999667,2.4285714285714284,1.5,0,0.16999666999667
YMR232W,0.0,0.0,0.0,0,0.0
YCR011C,0.0,0.0,0.0,0,0.0
YHR174W,2.2837641117052883,7.45,40.96666666666667,0,2.2837641117052883
YKL060C,2.3431075460487225,8.350000000000001,0.0,1,2.3431075460487225
YNL006W,0.23376623376623376,4.5,0.9,1,0.23376623376623376
YCR014C,0.0,2.8,0.0,0,0.0
YJL110C,0.6190476190476191,4.3809523809523805,37.2,0,0.6190476190476191
YOL085C,0.0,0.0,0.0,0,0.0
YOR005C,0.0,0.0,0.0,0,0.0
YCR016W,0.0,0.0,0.0,0,0.0
YDL231C,0.0,0.0,0.0,0,0.0
YCR021C,0.0,0.0,0.0,0,0.0
YJL068C,0.0,4.5,0.0,0,0.0
YCR022C,0.0,0.0,0.0,0,0.0
YCR023C,0.0,0.0,0.0,0,0.0
YMR075CA,0.0,0.0,0.0,0,0.0
YCR024C,0.0,0.0,0.0,0,0.0
YCR024CA,1.8333333333333333,0.0,0.0,0,0.0
YEL017CA,2.1666666666666665,0.0,0.0,0,0.0
YGL008C,2.1666666666666665,0.0,0.0,1,0.0
YPL036W,1.5,0.0,0.0,0,0.0
YCR027C,0.0,0.0,0.0,0,0.0
YDR158W,1.1818181818181819,2.2666666666666666,0.0,0,1.1818181818181819
YJR126C,0.0,0.0,0.0,0,0.0
YMR132C,0.0,0.0,0.0,0,0.0
YNL106C,0.0,0.0,0.0,0,0.0
YDR155C,0.25,2.0,1.125,0,0.25
YDR381W,0.07469654528478058,2.2976190476190474,2.0,1,0.07469654528478058
YOL068C,0.5833333333333333,4.714285714285714,9.125,0,0.5833333333333333
YCR034W,0.6666666666666666,0.0,12.6,0,0.6666666666666666
YGR032W,0.892156862745098,0.0,24.7,0,0.892156862745098
YLR342W,0.5588235294117647,0.0,7.34,0,0.5588235294117647
YOR049C,0.0,0.0,0.0,0,0.0
YHR081W,2.7815078316857083,16.4982683982684,45.166666666666664,0,2.7815078316857083
YOR001W,4.131401920051904,21.508238983238986,27.333333333333336,0,4.131401920051904
YCR036W,0.0,0.0,0.0,0,0.0
YGL153W,0.9999999999999999,27.08333333333333,5.666666666666666,0,0.9999999999999999
YDR532C,0.0,0.0,0.0,1,0.0
YCR041W,0.0,0.0,0.0,0,0.0
YCR065W,0.0,0.0,0.0,0,0.0
YJL031C,0.8333333333333333,1.6666666666666667,0.0,1,0.8333333333333333
YCR042C,0.0,0.0,0.0,1,0.0
YCR044C,0.0,0.0,0.0,0,0.0
YCR045C,0.0,0.0,0.0,0,0.0
YOR348C,0.0,0.0,0.0,0,0.0
YCR047C,0.0,0.0,0.0,0,0.0
YLR339C,0.0,0.0,0.0,1,0.0
YCR050C,0.0,0.0,0.0,0,0.0
YCR052W,5.063391265597147,51.46666666666667,11.0,1,5.063391265597147
YGR056W,4.995481462871909,42.46666666666667,24.25,0,4.995481462871909
YKR008W,5.562826266870385,65.83333333333334,16.0,1,5.562826266870385
YLR321C,4.372486772486773,42.4062091503268,30.333333333333332,1,4.372486772486773
YLR357W,5.210929144385027,35.09166666666667,14.0,0,5.210929144385027
YMR033W,5.248857772774182,38.35947712418301,11.0,1,5.248857772774182
YOR213C,5.007602674993121,66.2,36.75,0,5.007602674993121
YOR232W,0.5036699618789171,24.416666666666664,10.0,1,0.5036699618789171
YCR053W,2.4724025974025974,19.000000000000004,0.0,0,2.4724025974025974
YHR018C,0.25,2.666666666666667,0.0,0,0.25
YHR208W,0.9318181818181819,0.0,0.0,0,0.0
YLR027C,1.2361111111111112,17.53333333333333,2.25,1,1.2361111111111112
YLR134W,0.7222222222222222,2.7666666666666666,2.75,0,0.7222222222222222
YPL028W,0.46590909090909094,2.2666666666666666,0.0,1,0.46590909090909094
YCR054C,0.0,0.0,0.0,1,0.0
YGL019W,3.2721415055952363,95.39285714285714,0.0,0,3.2721415055952363
YGR154C,0.0,0.0,0.0,0,0.0
YJL069C,9.269664593505116,205.0,134.375,1,9.269664593505116
YKL099C,6.4547237076935895,75.62301587301586,114.79166666666667,1,6.4547237076935895
YKR060W,11.817837058539173,365.33333333333326,113.50000000000001,0,11.817837058539173
YOR061W,8.332325065754613,146.58873626373628,0.0,0,8.332325065754613
YPR144C,16.357022171611778,345.0928571428572,206.70833333333331,1,16.357022171611778
YCR059C,0.0,0.0,0.0,0,0.0
YDR400W,0.0,0.0,0.0,0,0.0
YJL160C,0.0,0.0,0.0,0,0.0
YOL117W,0.0,0.0,0.0,0,0.0
YCR060W,0.0,0.0,0.0,0,0.0
YHR034C,0.0,0.0,0.0,0,0.0
YCR063W,0.0,0.0,0.0,0,0.0
YDR408C,0.15756302521008403,2.083333333333333,0.0,0,0.15756302521008403
YGL058W,0.0,0.0,0.0,0,0.0
YLR032W,0.0,0.0,0.0,0,0.0
YCR067C,0.0,0.0,0.0,0,0.0
YNL171C,0.0,0.0,0.0,0,0.0
YCR068W,0.0,0.0,0.0,0,0.0
YER019W,0.0,0.0,0.0,0,0.0
YCR071C,0.0,0.0,0.0,0,0.0
YLR006C,0.0,0.0,0.0,0,0.0
YCR076C,0.0,0.0,0.0,0,0.0
YDL139C,0.0,0.0,0.0,1,0.0
YDL216C,0.0,0.0,0.0,0,0.0
YDR141C,0.0,0.0,0.0,1,0.0
YDR389W,0.0,0.0,0.0,1,0.0
YER115C,0.09330628803245436,20.0,0.0,0,0.09330628803245436
YGL143C,0.0,0.0,0.0,0,0.0
YIL154C,0.0,0.0,0.0,0,0.0
YMR002W,0.0,0.0,0.0,0,0.0
YNR027W,0.0,0.0,0.0,0,0.0
YCR079W,0.0,1.7777777777777777,0.0,0,0.0
YMR277W,0.0,0.0,0.0,1,0.0
YGR161CC,0.0,0.0,0.0,0,0.0
YOR023C,0.06818181818181818,0.0,2.25,0,0.06818181818181818
YDL105W,0.4078144078144078,4.117857142857143,8.5,1,0.4078144078144078
YNL021W,0.3802081494816854,7.089285714285714,13.333333333333334,0,0.3802081494816854
YCR086W,0.2689655172413793,6.428571428571429,1.3333333333333333,0,0.2689655172413793
YDL089W,0.29166666666666663,10.0,2.9166666666666665,1,0.29166666666666663
YDL214C,0.0,0.0,0.0,0,0.0
YDR061W,0.0,0.0,0.0,0,0.0
YDR439W,0.0,0.0,0.0,0,0.0
YER106W,0.0,0.0,0.0,1,0.0
YFL008W,2.581090407177364,20.05277777777778,45.25,1,2.581090407177364
YGL175C,0.023104852018923976,3.666666666666667,3.0,0,0.023104852018923976
YHR152W,0.10656900191783913,28.5,0.0,0,0.10656900191783913
YKL077W,0.0,0.0,0.0,0,0.0
YKR010C,0.0,0.0,0.0,0,0.0
YML095C,0.34134615384615385,16.2,3.0,0,0.34134615384615385
YOL020W,0.0,0.0,0.0,0,0.0
YOR281C,0.3426791277258567,0.875,2.0,1,0.3426791277258567
YCR087CA,0.043412969283276454,0.0,0.0,0,0.0
YKR092C,0.0,0.0,0.0,0,0.0
YLR265C,0.0,0.0,0.0,0,0.0
YCR087W,0.0,0.0,0.0,0,0.0
YDR146C,0.0,0.0,0.0,0,0.0
YDL047W,1.5,0.0,2.0,0,1.5
YDR129C,0.15757575757575756,5.961988304093567,0.0,0,0.15757575757575756
YIR003W,0.0,0.0,0.0,0,0.0
YNL020C,0.0,0.0,0.0,1,0.0
YCR093W,5.957197681097261,62.82380952380953,145.225,1,5.957197681097261
YDL165W,5.0396851813327785,44.94761904761904,141.725,1,5.0396851813327785
YDR376W,0.0,0.0,0.0,1,0.0
YER068W,4.681772957005155,34.72619047619048,113.725,0,4.681772957005155
YMR005W,0.06850459482038429,2.0,4.5,1,0.06850459482038429
YCR094W,0.0,0.0,0.0,0,0.0
YGL090W,0.0,13.0,0.0,0,0.0
YCR095C,0.0,0.0,0.0,0,0.0
YHL029C,0.0,0.0,0.0,0,0.0
YNL099C,0.0,18.0,0.0,0,0.0
YPL027W,0.0,0.0,0.0,0,0.0
YCR097W,0.0,0.0,0.0,0,0.0
YCR098C,0.0,0.0,0.0,0,0.0
YJL184W,0.0,0.0,0.0,1,0.0
YGR203W,0.0,0.0,0.0,0,0.0
YGR205W,0.0,0.0,0.0,0,0.0
YGR262C,0.0,0.0,0.0,0,0.0
YIL059C,0.0,0.0,0.0,0,0.0
YLR208W,3.745454545454545,5.083333333333333,7.958333333333334,1,3.745454545454545
YCR100C,0.0,0.0,0.0,0,0.0
YIL110W,0.0,0.0,0.0,0,0.0
YCR101C,0.0,0.0,0.0,0,0.0
YOR114W,0.0,0.0,0.0,0,0.0
YCRX16C,0.043412969283276454,0.0,0.0,0,0.0
YDL001W,0.0,0.0,0.0,0,0.0
YLR457C,0.0,0.0,0.0,1,0.0
YMR079W,0.0,0.0,0.0,1,0.0
YDL002C,0.5763157894736842,2.1666666666666665,6.5,0,0.5763157894736842
YER092W,0.4893156170367674,5.017948717948719,7.833333333333333,0,0.4893156170367674
YDL003W,1.474099784841473,10.244444444444444,8.0,1,1.474099784841473
YDR180W,0.3333333333333333,2.355555555555556,2.0,1,0.3333333333333333
YFR027W,0.3333333333333333,4.926984126984127,4.0,1,0.3333333333333333
YMR001C,0.21014492753623187,2.083333333333333,0.0,1,0.21014492753623187
YDL005C,0.04980192416525184,10.125,2.0,0,0.04980192416525184
YDL006W,0.0,1.1111111111111112,0.0,0,0.0
YFR006W,1.67754421614604,117.5,8.0,0,1.67754421614604
YLR421C,7.464830646705938,141.9333333333333,7.0,0,7.464830646705938
YDL011C,0.0,0.0,0.0,0,0.0
YEL023C,0.0,0.0,0.0,0,0.0
YDL012C,0.0,0.0,0.0,0,0.0
YDR151C,0.0,0.0,0.0,1,0.0
YFR047C,0.023104852018923976,17.0,3.0,0,0.023104852018923976
YHR032W,0.0,0.0,0.0,0,0.0
YHR140W,0.0,0.0,0.0,0,0.0
YIL172C,0.0,0.0,0.0,0,0.0
YJL065C,0.0,0.0,0.0,0,0.0
YOR355W,0.0,0.0,0.0,0,0.0
YDL013W,0.07652016059942299,0.0,1.0,1,0.07652016059942299
YER116C,0.0,0.0,0.0,0,0.0
YGR159C,0.0,0.0,0.0,1,0.0
YHR072WA,0.3327838827838828,4.416666666666667,0.0,0,0.3327838827838828
YMR229C,7.40203748595321,161.70277777777778,195.875,1,7.40203748595321
YDL015C,0.0,0.0,0.0,1,0.0
YDL132W,0.7787878787878787,32.964285714285715,10.5,1,0.7787878787878787
YDR173C,0.9722222222222222,3.7857142857142856,8.5,0,0.9722222222222222
YFR057W,0.0,0.0,0.0,0,0.0
YGR099W,0.0,0.0,0.0,1,0.0
YJL088W,0.0,0.0,0.0,0,0.0
YKL039W,0.0,0.0,0.0,0,0.0
YNR048W,0.0,0.0,0.0,0,0.0
YOR006C,0.0,0.0,0.0,0,0.0
YGR086C,0.0,0.0,0.0,0,0.0
YDL022W,0.0,0.0,0.0,0,0.0
YDL023C,0.0,0.0,0.0,0,0.0
YDL024C,0.0,0.0,0.0,0,0.0
YEL017W,0.42272727272727273,0.0,7.666666666666666,0,0.42272727272727273
YDL026W,0.0,0.0,0.0,0,0.0
YDL028C,0.0,0.0,0.0,1,0.0
YDL209C,0.9452844774273345,12.433333333333334,24.5,1,0.9452844774273345
YDR421W,0.0,0.0,0.0,0,0.0
YDR485C,0.03267457180500659,2.25,4.5,0,0.03267457180500659
YML049C,3.3064864219609045,54.16666666666667,59.5,1,3.3064864219609045
YML104C,0.0,0.0,0.0,0,0.0
YMR288W,0.16919895822334846,5.716666666666667,4.0,1,0.16919895822334846
YPR143W,0.0,0.0,0.0,1,0.0
YDL035C,0.0,0.0,0.0,0,0.0
YDL036C,0.0,0.0,0.0,0,0.0
YDL037C,0.0,0.0,0.0,0,0.0
YDL040C,1.3333333333333333,4.25,2.0,0,1.3333333333333333
YGR254W,0.6666666666666666,2.5,2.0,0,0.6666666666666666
YHR013C,1.3333333333333333,2.75,2.0,0,1.3333333333333333
YDL041W,0.0,0.0,0.0,0,0.0
YIR002C,0.18803418803418803,1.7272727272727273,2.0,0,0.18803418803418803
YDL042C,0.5189655172413793,3.786064425770308,1.0,0,0.5189655172413793
YDR363W,0.0,0.0,0.0,0,0.0
YNR023W,0.32675438596491224,9.11111111111111,3.0,0,0.32675438596491224
YOL017W,0.0,0.0,0.0,0,0.0
YDR131C,0.0,10.0,0.0,0,0.0
YDR409W,0.3628389154704944,2.0723981900452486,3.4999999999999996,0,0.3628389154704944
YER113C,0.0,0.0,0.0,0,0.0
YJL146W,0.0,0.0,0.0,0,0.0
YKL155C,0.0,0.0,0.0,0,0.0
YLL014W,0.0,0.0,0.0,0,0.0
YMR302C,0.0,0.0,0.0,0,0.0
YNL023C,0.0,4.0,0.0,0,0.0
YNL286W,0.0,0.0,0.0,0,0.0
YPL233W,0.0,0.0,0.0,1,0.0
YDR505C,0.0,0.0,0.0,1,0.0
YER086W,0.8056022408963586,23.75,15.333333333333334,0,0.8056022408963586
YLR386W,0.12799310938845823,4.5,2.0,0,0.12799310938845823
YDL045C,0.0,0.0,0.0,1,0.0
YDL046W,0.0,0.0,0.0,0,0.0
YFR040W,2.0,0.0,2.0,0,2.0
YJL098W,2.0,0.0,0.0,0,0.0
YKR028W,1.5,0.0,2.0,0,1.5
YNL187W,0.0,0.0,0.0,0,0.0
YMR289W,0.0,0.0,0.0,0,0.0
YOR311C,0.0,0.0,0.0,0,0.0
YDL050C,0.0,0.0,0.0,0,0.0
YIR001C,0.0,0.0,0.0,0,0.0
YDL052C,0.0,0.0,0.0,0,0.0
YDL053C,0.0,0.0,0.0,0,0.0
YDL054C,0.0,0.0,0.0,0,0.0
YER140W,0.0,0.0,0.0,0,0.0
YGR173W,0.0,8.666666666666666,0.0,0,0.0
YDL055C,0.023104852018923976,1.4285714285714286,6.0,1,0.023104852018923976
YDL056W,0.0,0.0,0.0,0,0.0
YHR206W,0.2909090909090909,6.181818181818182,0.0,0,0.2909090909090909
YLR182W,0.40340909090909094,3.0,0.0,1,0.40340909090909094
YDL059C,0.0,0.75,0.0,0,0.0
YFL059W,2.1317114093959733,50.0,0.0,0,2.1317114093959733
YGR049W,0.0,0.0,0.0,0,0.0
YDR023W,0.0,0.0,0.0,1,0.0
YDR091C,2.1985943811209747,55.65674603174603,61.58333333333333,1,2.1985943811209747
YKR024C,3.165318040883176,55.06428571428571,114.20833333333334,0,3.165318040883176
YPL204W,0.30357142857142855,2.1142857142857143,6.377777777777778,1,0.30357142857142855
YDL062W,0.0,0.0,0.0,0,0.0
YDL063C,0.0,0.0,0.0,0,0.0
YMR168C,0.8999999999999999,0.0,7.791666666666666,1,0.8999999999999999
YDR329C,0.0,0.0,0.0,0,0.0
YGR242W,0.0,0.0,0.0,0,0.0
YLR063W,0.09305210918114144,2.128571428571429,12.6,0,0.09305210918114144
YML042W,0.0,19.0,0.0,0,0.0
YMR155W,0.0,0.0,0.0,0,0.0
YMR163C,0.0,0.0,0.0,0,0.0
YDL066W,0.0,0.0,0.0,0,0.0
YDL067C,5.809523809523808,8.533333333333333,5.0,1,5.809523809523808
YGL191W,6.238095238095238,8.533333333333333,0.0,0,6.238095238095238
YHR051W,6.238095238095238,15.66666666666667,5.0,0,6.238095238095238
YLR038C,5.809523809523808,10.5,5.0,0,5.809523809523808
YLR395C,5.809523809523808,12.083333333333334,5.0,0,5.809523809523808
YMR256C,6.238095238095237,8.533333333333333,0.0,0,6.238095238095237
YNL052W,6.238095238095237,12.083333333333334,5.0,0,6.238095238095237
YDL070W,0.0,0.0,0.0,0,0.0
YGL075C,0.0,0.0,0.0,1,0.0
YOL131W,0.0,0.0,0.0,0,0.0
YDL071C,0.0,0.0,0.0,0,0.0
YDR183W,0.0,0.0,0.0,0,0.0
YEL068C,0.027803213185715474,0.0,0.0,0,0.0
YGR269W,0.0,0.0,0.0,0,0.0
YNL155W,0.0,0.0,0.0,0,0.0
YDL072C,0.0,0.0,0.0,0,0.0
YDL074C,1.3868641659562373,8.333333333333334,23.333333333333332,0,1.3868641659562373
YDR295C,1.290121834687052,5.916666666666666,17.0,0,1.290121834687052
YFR031C,1.1530152106609233,2.5,11.222222222222221,1,1.1530152106609233
YNL153C,1.05,1.75,0.0,0,1.05
YOL069W,2.4874141876430205,33.66666666666667,52.37499999999999,1,2.4874141876430205
YOR195W,0.25,9.5,3.111111111111111,0,0.25
YJR067C,0.02484567901234568,0.0,1.0,1,0.02484567901234568
YDL076C,0.0,0.0,0.0,0,0.0
YLR098C,0.0,0.0,0.0,0,0.0
YDL077C,1.0,2.3076923076923075,5.25,0,1.0
YLR148W,1.9444444444444442,6.133333333333333,6.111111111111112,0,1.9444444444444442
YMR231W,0.9166666666666666,3.4913461538461537,4.944444444444445,0,0.9166666666666666
YPL045W,0.9166666666666666,3.4913461538461537,7.416666666666666,1,0.9166666666666666
YDL078C,0.2111111111111111,2.416666666666667,0.0,0,0.2111111111111111
YGR209C,0.0,0.0,0.0,0,0.0
YOR229W,0.0529616724738676,0.0,0.0,1,0.0
YPR078C,0.0,0.0,0.0,0,0.0
YDL084W,0.0,0.0,0.0,1,0.0
YER063W,0.19047619047619047,0.0,0.0,0,0.0
YDL085W,0.0,0.0,0.0,0,0.0
YGR139W,0.0,0.0,0.0,0,0.0
YDL086W,0.0,0.0,0.0,0,0.0
YDL087C,0.0,0.0,0.0,1,0.0
YDL088C,0.3717948717948718,15.142857142857142,2.3625,0,0.3717948717948718
YML031W,0.3717948717948718,22.0,1.6,1,0.3717948717948718
YMR153W,0.5956043956043956,26.04404761904762,12.3625,0,0.5956043956043956
YDR233C,0.0,0.0,0.0,1,0.0
YLR324W,0.5622364986950412,0.0,6.0,0,0.5622364986950412
YMR316CB,0.0,0.0,0.0,0,0.0
YPR028W,0.75,0.0,2.833333333333333,0,0.75
YDL090C,0.4444444444444444,0.0,0.0,0,0.0
YKL019W,0.4444444444444444,0.0,0.0,1,0.0
YKL152C,2.197155929962592,9.9,3.5,1,2.197155929962592
YDL091C,0.0,0.0,0.0,0,0.0
YIL022W,0.7582514332514332,0.0,6.25,1,0.7582514332514332
YDL092W,3.0,7.666666666666667,25.4,1,3.0
YKL122C,3.0,12.5,25.4,1,3.0
YPL210C,3.6666666666666665,12.833333333333332,2.8,1,3.6666666666666665
YPL243W,3.6666666666666665,9.8,37.9,1,3.6666666666666665
YDL093W,0.0,0.0,0.0,0,0.0
YGL055W,0.0,0.0,0.0,1,0.0
YDL094C,0.0,0.0,0.0,0,0.0
YDL193W,0.0,1.4285714285714286,0.0,1,0.0
YDL196W,0.0,0.0,0.0,1,0.0
YDL096C,0.0,0.0,0.0,0,0.0
YDL098C,0.0,0.0,0.0,1,0.0
YDL099W,0.0,4.0,0.0,0,0.0
YKL050C,0.0,0.0,0.0,0,0.0
YDL100C,0.0,0.0,0.0,0,0.0
YDL121C,0.0,0.0,0.0,0,0.0
YDR304C,0.0,0.0,0.0,0,0.0
YDR415C,0.0,0.0,0.0,0,0.0
YDR431W,0.0,0.0,0.0,0,0.0
YDR513W,0.0,0.0,0.0,0,0.0
YGR189C,0.0,0.0,0.0,0,0.0
YHR057C,0.0,0.0,0.0,0,0.0
YHR128W,0.0,0.0,0.0,1,0.0
YHR180W,0.0,0.0,0.0,0,0.0
YJL075C,0.0,0.0,0.0,0,0.0
YJL153C,0.0,0.0,0.0,0,0.0
YKR100C,0.0,0.0,0.0,0,0.0
YML101C,0.0,0.0,0.0,0,0.0
YNL199C,0.029418126757516764,2.5,4.5,0,0.029418126757516764
YOL111C,0.0,0.0,0.0,0,0.0
YOL126C,0.0,4.571428571428571,0.0,0,0.0
YOL159C,0.0,0.0,0.0,0,0.0
YOR164C,0.09825870646766169,4.333333333333333,5.833333333333333,0,0.09825870646766169
YPL252C,0.0,0.0,0.0,1,0.0
YPR037C,0.0,0.0,0.0,0,0.0
YDR051C,0.0,6.0,0.0,0,0.0
YHR135C,0.0,5.0,0.0,0,0.0
YPL153C,0.0,0.0,0.0,1,0.0
YPL269W,0.0,0.0,0.0,0,0.0
YDL103C,0.0,0.0,0.0,1,0.0
YDR288W,0.0,0.0,0.0,1,0.0
YDL104C,0.0,0.0,0.0,0,0.0
YHR216W,0.47240018022832414,7.0,14.916666666666666,0,0.47240018022832414
YLR216C,0.8697838109602817,35.2,10.0,0,0.8697838109602817
YNR031C,0.0,0.0,0.0,0,0.0
YFR034C,0.4434710499635406,28.000000000000004,5.0,0,0.4434710499635406
YKR099W,0.0,0.0,0.0,0,0.0
YDL108W,5.708272331801744,22.26998132586368,11.0,1,5.708272331801744
YDR460W,6.4670463623952,92.0,11.0,1,6.4670463623952
YGL134W,0.0,0.0,0.0,0,0.0
YGR258C,4.16063441063441,13.644607843137257,7.0,0,4.16063441063441
YIL143C,5.543139293139292,32.93789682539683,15.5,1,5.543139293139292
YKL028W,2.3580996705996706,20.914285714285715,7.0,1,2.3580996705996706
YLR005W,6.2430266805266825,51.17142857142857,26.0,1,6.2430266805266825
YOR299W,0.0,0.0,0.0,0,0.0
YPL122C,5.748541998541999,27.31083099906629,19.0,1,5.748541998541999
YPR025C,5.7040727363308,27.351715686274503,0.0,1,5.7040727363308
YPR056W,5.042627504571298,48.91428571428572,8.0,1,5.042627504571298
YDL110C,0.0,0.0,0.0,0,0.0
YKL015W,0.0,0.0,0.0,0,0.0
YLR125W,0.0,0.0,0.0,0,0.0
YOR078W,1.388787938761405,51.81666666666666,20.5,0,1.388787938761405
YDL112W,0.0,0.0,0.0,0,0.0
YDR075W,0.0,0.0,0.0,0,0.0
YDL114W,0.0,0.0,0.0,0,0.0
YDL123W,0.1507906507906508,4.0,0.0,0,0.1507906507906508
YDR348C,0.0,0.0,0.0,0,0.0
YLR040C,0.0,0.0,0.0,0,0.0
YDL115C,0.0,0.0,0.0,0,0.0
YDR335W,2.6431404613696836,27.81748529248529,0.0,0,2.6431404613696836
YGL092W,3.102022691982449,26.273992673992677,19.341666666666665,1,3.102022691982449
YGL100W,0.34169278996865204,14.14285714285714,2.4000000000000004,0,0.34169278996865204
YGL179C,0.0,6.0,0.0,0,0.0
YGL263W,0.0,0.0,0.0,0,0.0
YHR033W,0.0,0.0,0.0,0,0.0
YJL090C,0.0,5.8,0.0,1,0.0
YJR042W,2.201424502528657,39.92857142857143,9.925,1,2.201424502528657
YKL057C,1.4453036490128142,15.83470695970696,7.0,0,1.4453036490128142
YKR082W,0.8913948149997766,12.1,6.0,0,0.8913948149997766
YOL014W,0.0,0.0,0.0,0,0.0
YOR180C,0.3214285714285714,2.083333333333333,9.333333333333334,0,0.3214285714285714
YOR294W,0.0,0.0,0.0,1,0.0
YPL091W,0.0,2.1818181818181817,0.0,0,0.0
YDL118W,0.0,0.0,0.0,0,0.0
YMR305C,0.0,0.0,0.0,0,0.0
YDL125C,0.0,0.0,0.0,0,0.0
YKL213C,0.3611111111111111,2.2474747474747474,0.0,0,0.3611111111111111
YDL127W,0.0,0.0,0.0,0,0.0
YPL031C,0.2,0.0,1.0,0,0.2
YDL128W,0.0,0.0,0.0,0,0.0
YKL102C,0.0,0.0,0.0,0,0.0
YDL129W,0.0,0.0,0.0,0,0.0
YDR367W,0.0,0.0,0.0,1,0.0
YDR399W,0.0,0.0,0.0,0,0.0
YJL208C,0.0,0.0,0.0,0,0.0
YJL210W,0.0,0.0,0.0,0,0.0
YJR012C,0.0,0.0,0.0,1,0.0
YJR108W,0.0,0.0,0.0,0,0.0
YJR144W,0.0,0.0,0.0,0,0.0
YLR051C,0.3449612403100775,2.0,4.666666666666667,1,0.3449612403100775
YLR287C,0.0,0.0,0.0,0,0.0
YDL131W,0.0,0.0,0.0,0,0.0
YLR427W,0.0,6.0,0.0,0,0.0
YDR054C,0.6873015873015873,4.7785947712418295,15.0,1,0.6873015873015873
YDR274C,0.0,0.0,0.0,0,0.0
YDR285W,0.4,0.5,2.25,0,0.4
YGL249W,0.0,0.0,0.0,0,0.0
YLR079W,0.43939393939393934,10.4,2.9166666666666665,0,0.43939393939393934
YLR100W,0.0,0.0,0.0,1,0.0
YLR368W,0.1,5.0,2.9166666666666665,0,0.1
YMR052W,0.16203703703703703,3.6666666666666665,0.0,0,0.16203703703703703
YMR273C,2.2554597701149426,24.872294372294373,2.0,0,2.2554597701149426
YPR040W,0.24285714285714285,7.5,0.0,1,0.24285714285714285
YDL135C,0.0,0.0,0.0,0,0.0
YNL176C,0.0,0.0,0.0,0,0.0
YDL137W,0.0,0.0,0.0,0,0.0
YDR007W,0.0,0.0,0.0,0,0.0
YJL186W,0.0,0.0,0.0,0,0.0
YLL015W,0.0,0.0,0.0,0,0.0
YLR313C,0.0,0.0,0.0,0,0.0
YMR035W,0.0,0.0,0.0,0,0.0
YPL145C,0.0,0.0,0.0,0,0.0
YPR023C,0.0,0.0,0.0,0,0.0
YPR077C,0.0,0.0,0.0,0,0.0
YPR079W,0.0,0.0,0.0,0,0.0
YGL130W,1.0196078431372548,0.0,2.0,1,1.0196078431372548
YKR062W,0.2696078431372549,1.3333333333333333,3.0,1,0.2696078431372549
YMR201C,0.5269462254756372,32.2,8.5,0,0.5269462254756372
YNL266W,0.0,0.0,0.0,0,0.0
YPL228W,1.0196078431372548,0.0,2.0,1,1.0196078431372548
YDL143W,4.182765397034906,6.023809523809524,21.333333333333336,1,4.182765397034906
YDR212W,4.757575757575758,7.0,7.0,1,4.757575757575758
YIL142W,4.971861471861471,12.5,7.0,1,4.971861471861471
YJL014W,4.971861471861471,7.0,7.0,1,4.971861471861471
YJL111W,4.971861471861471,4.0,7.0,1,4.971861471861471
YJR064W,4.757575757575758,4.0,7.0,1,4.757575757575758
YOR260W,4.024361681627128,38.51890331890332,0.0,1,4.024361681627128
YDL144C,0.0,0.0,0.0,0,0.0
YDR238C,6.125298663324978,49.333333333333336,30.5,1,6.125298663324978
YGL137W,4.947349624060151,22.607142857142858,21.5,1,4.947349624060151
YIL076W,5.83943735237374,39.20039682539682,32.70833333333333,0,5.83943735237374
YPL010W,4.9195718462823725,54.75,28.25,1,4.9195718462823725
YDL146W,0.0,0.0,0.0,0,0.0
YKL070W,0.0,0.0,0.0,0,0.0
YDR201W,1.0503743127245617,22.333333333333336,11.75,1,1.0503743127245617
YDR341C,0.4,1.5,2.25,1,0.4
YPL026C,0.0,1.1428571428571428,0.0,0,0.0
YDL149W,0.0,0.0,0.0,0,0.0
YLR065C,0.0,0.0,0.0,0,0.0
YDR040C,0.0,0.0,0.0,0,0.0
YDR269C,0.0,0.0,0.0,0,0.0
YDR307W,0.34397163120567376,2.333333333333333,0.0,0,0.34397163120567376
YDR422C,1.5393939393939393,5.885714285714286,17.520833333333336,0,1.5393939393939393
YFL001W,0.0,0.0,0.0,0,0.0
YGL250W,0.0,0.0,0.0,0,0.0
YGR160W,0.0,0.0,0.0,0,0.0
YGR290W,0.0,0.0,0.0,0,0.0
YJL076W,0.0459915611814346,0.0,2.0,1,0.0459915611814346
YJL175W,0.0,0.0,0.0,0,0.0
YNL125C,0.0,0.0,0.0,0,0.0
YNL280C,0.0,0.0,0.0,0,0.0
YOL118C,0.0,0.0,0.0,0,0.0
YOR252W,0.0,0.0,0.0,0,0.0
YOR309C,0.0,0.0,0.0,0,0.0
YOR314W,0.0,0.0,0.0,0,0.0
YOR321W,0.0,0.0,0.0,0,0.0
YPL076W,0.0,0.0,0.0,1,0.0
YPR029C,1.25,3.416666666666666,7.033333333333333,0,1.25
YER173W,0.0,5.428571428571429,0.0,0,0.0
YGL025C,1.1373115613953069,26.57142857142857,6.0,0,1.1373115613953069
YGL170C,0.06692550395440312,4.0,4.916666666666666,0,0.06692550395440312
YLR394W,0.5345238095238095,6.4,2.25,0,0.5345238095238095
YMR224C,0.325,2.355555555555556,0.0,0,0.325
YDL155W,0.0,0.0,0.0,1,0.0
YGL003C,0.0,11.333333333333334,0.0,1,0.0
YDL156W,0.0,1.6666666666666667,0.0,0,0.0
YDL158C,0.0,0.0,0.0,0,0.0
YER125W,0.22647527910685805,6.507872244714351,8.125,1,0.22647527910685805
YGR178C,0.062403697996918334,0.0,2.5277777777777777,0,0.062403697996918334
YIL038C,2.14264208014208,25.38214285714286,77.975,0,2.14264208014208
YMR213W,0.31666666666666665,0.0,1.0,1,0.31666666666666665
YDL161W,0.0,0.0,0.0,0,0.0
YOR111W,0.0,34.0,0.0,0,0.0
YDL162C,0.0,0.0,0.0,0,0.0
YGR014W,0.0,0.0,0.0,0,0.0
YIL035C,7.782507181696602,173.29484126984124,0.0,0,7.782507181696602
YDL168W,0.0,0.0,0.0,0,0.0
YDL171C,0.0,0.0,0.0,0,0.0
YIL094C,0.8642857142857143,9.0,2.0,0,0.8642857142857143
YDL172C,0.0,0.0,0.0,0,0.0
YNR073C,0.0,0.0,0.0,0,0.0
YDL178W,0.0,0.0,0.0,0,0.0
YDL179W,0.0,0.2857142857142857,0.0,0,0.0
YDL180W,0.0,0.0,0.0,0,0.0
YLR452C,0.1111111111111111,10.0,0.0,0,0.1111111111111111
YGR089W,0.15458937198067632,0.0,2.9166666666666665,0,0.15458937198067632
YNL250W,1.1455889379163038,3.9333333333333336,0.0,0,1.1455889379163038
YDL183C,0.0,0.0,0.0,0,0.0
YNL055C,0.0,0.0,0.0,0,0.0
YDL186W,0.0,0.0,0.0,0,0.0
YDL189W,0.0,0.0,0.0,0,0.0
YDL190C,0.0,0.0,0.0,0,0.0
YGR130C,0.12040133779264214,0.0,0.0,0,0.0
YPR176C,0.8333333333333333,2.2666666666666666,0.0,1,0.8333333333333333
YFL022C,0.5,0.0,2.0,1,0.5
YGR062C,0.0,0.0,0.0,0,0.0
YOR026W,0.0,4.8,0.0,0,0.0
YIL109C,4.81,9.813492063492063,34.104166666666664,1,4.81
YPL085W,4.254978354978355,7.75,23.104166666666664,1,4.254978354978355
YPL218W,4.416798245614035,9.813492063492063,31.520833333333332,1,4.416798245614035
YPR181C,4.6344891871737515,11.94206349206349,40.64583333333333,1,4.6344891871737515
YDL201W,0.0,0.0,0.0,0,0.0
YDR165W,0.0,0.0,0.0,0,0.0
YER009W,0.7529705349792515,31.83333333333333,34.83333333333333,1,0.7529705349792515
YDL203C,0.0,0.0,0.0,0,0.0
YGR058W,0.0,12.571428571428571,0.0,0,0.0
YOR372C,0.0,0.0,0.0,1,0.0
YDL204W,0.0,0.0,0.0,0,0.0
YMR110C,0.0,0.0,0.0,0,0.0
YOL065C,0.28846153846153844,5.25,5.416666666666666,0,0.28846153846153844
YDL207W,0.9916666666666667,9.075,4.0,1,0.9916666666666667
YIL115C,0.9004329004329004,7.2,6.333333333333333,1,0.9004329004329004
YNL124W,0.2972222222222222,2.833333333333333,2.0,1,0.2972222222222222
YLR426W,0.0,0.0,0.0,0,0.0
YDL210W,0.0,0.0,0.0,0,0.0
YGL230C,0.0,0.0,0.0,0,0.0
YDL212W,0.0,0.0,0.0,1,0.0
YDR508C,0.10368663594470046,0.0,0.0,0,0.0
YFR032C,0.0,0.0,0.0,0,0.0
YEL013W,0.0,0.0,0.0,0,0.0
YML011C,0.0,0.0,0.0,0,0.0
YDL215C,0.0,0.0,0.0,0,0.0
YPR048W,0.0,0.0,0.0,1,0.0
YMR025W,0.07048092868988391,2.3956043956043955,2.9166666666666665,0,0.07048092868988391
YHR102W,0.0,0.0,0.0,1,0.0
YDL218W,0.0,0.0,0.0,0,0.0
YDL219W,0.0,0.0,0.0,0,0.0
YDL220C,0.6666666666666666,10.333333333333332,4.5,1,0.6666666666666666
YDR082W,0.6666666666666666,3.2666666666666666,4.5,1,0.6666666666666666
YLR010C,0.6666666666666666,2.2666666666666666,1.0,1,0.6666666666666666
YDL221W,0.0,0.0,0.0,1,0.0
YDL224C,0.0,0.0,0.0,0,0.0
YDR264C,0.4111111111111111,5.125,0.0,0,0.4111111111111111
YEL064C,0.0,0.0,0.0,0,0.0
YKL126W,0.0,0.0,0.0,0,0.0
YKR088C,0.0,0.0,0.0,0,0.0
YOL129W,0.0,0.0,0.0,0,0.0
YOR327C,0.0,0.0,0.0,0,0.0
YPR113W,0.0,0.0,0.0,1,0.0
YDL230W,0.0,0.0,0.0,0,0.0
YDL232W,6.799062049062049,4.583333333333334,7.0,1,6.799062049062049
YGL226CA,6.799062049062049,4.583333333333334,0.0,0,4.583333333333334
YML019W,5.307359307359307,7.083333333333333,6.0,0,5.307359307359307
YOR085W,6.799062049062049,4.583333333333334,7.0,0,6.799062049062049
YOR103C,6.799062049062049,16.0,7.0,1,6.799062049062049
YDL233W,0.0,0.0,0.0,0,0.0
YDL235C,0.0,0.0,0.0,1,0.0
YIL147C,0.0,0.0,0.0,1,0.0
YDL236W,0.0,0.0,0.0,0,0.0
YDL237W,0.0,0.0,0.0,0,0.0
YLR085C,0.0,0.0,0.0,0,0.0
YPR148C,0.0,0.0,0.0,0,0.0
YDR148C,0.540919625917657,32.33333333333333,36.416666666666664,0,0.540919625917657
YDR273W,0.0,0.0,0.0,0,0.0
YHR184W,0.0,6.666666666666667,0.0,0,0.0
YKL042W,0.6821154548776032,22.5,10.583333333333334,1,0.6821154548776032
YKL192C,0.0,0.0,0.0,1,0.0
YLR072W,0.0,0.0,0.0,0,0.0
YLR242C,0.0,0.0,0.0,0,0.0
YMR124W,0.22816066725197542,12.5,0.0,0,0.22816066725197542
YNL201C,0.0,0.0,0.0,0,0.0
YNR012W,0.1240981240981241,0.0,0.0,0,0.0
YOL091W,0.0,0.0,0.0,0,0.0
YOR324C,0.0,0.0,0.0,0,0.0
YOR373W,0.2588504468291282,2.2666666666666666,3.888888888888889,1,0.2588504468291282
YDL240W,0.0,0.0,0.0,0,0.0
YDL241W,0.0,0.0,0.0,0,0.0
YDL243C,0.0,0.0,0.0,0,0.0
YNL331C,0.0694251983392703,2.5,0.0,0,0.0694251983392703
YDL246C,1.0069307649844563,9.9,0.0,0,1.0069307649844563
YJR037W,0.20671140939597316,0.0,0.0,0,0.0
YJR159W,0.8531810280623506,14.5,0.0,0,0.8531810280623506
YDL247W,0.0,0.0,0.0,0,0.0
YGL252C,0.0,0.0,0.0,0,0.0
YLR270W,0.0,0.0,0.0,0,0.0
YDR002W,0.5965356677221084,5.0,7.916666666666667,1,0.5965356677221084
YMR235C,0.34285714285714286,7.083333333333334,4.5,1,0.34285714285714286
YDR003W,0.0,0.0,0.0,0,0.0
YDR004W,1.4541666666666666,20.22380952380952,16.0,0,1.4541666666666666
YDR076W,1.8160714285714286,29.5,12.5,0,1.8160714285714286
YGL163C,1.8160714285714286,21.101190476190474,12.5,0,1.8160714285714286
YJL023C,0.0,0.0,0.0,0,0.0
YDR005C,0.0,0.0,0.0,0,0.0
YDR006C,0.0,0.0,0.0,0,0.0
YOR242C,0.0,0.0,0.0,0,0.0
YDR008C,0.0,0.0,0.0,0,0.0
YDR009W,0.5625,2.011111111111111,0.0,0,0.5625
YDR010C,0.0,0.0,0.0,0,0.0
YDR013W,0.0,0.0,0.0,1,0.0
YDR016C,1.126068376068376,7.285714285714286,6.0,1,1.126068376068376
YKL052C,0.325,2.333333333333333,2.0,1,0.325
YKR037C,0.744626227835183,8.666666666666666,6.5625,1,0.744626227835183
YDR017C,0.0,0.0,0.0,0,0.0
YDR018C,0.0,0.0,0.0,0,0.0
YDR479C,0.0,0.0,0.0,0,0.0
YDR020C,0.0,0.0,0.0,0,0.0
YDR021W,0.0,0.0,0.0,1,0.0
YDR027C,0.0,0.0,0.0,0,0.0
YLR262C,0.7264705882352942,9.818181818181818,15.194444444444443,0,0.7264705882352942
YER027C,1.8636363636363638,8.149999999999999,33.41666666666667,0,1.8636363636363638
YNL076W,0.0,0.0,0.0,0,0.0
YDR030C,0.0,12.0,0.0,0,0.0
YDR031W,0.0,0.0,0.0,0,0.0
YDR342C,0.0,0.0,0.0,0,0.0
YDR417C,0.0,0.0,0.0,0,0.0
YDR438W,0.0,0.0,0.0,0,0.0
YDR456W,0.0,0.0,0.0,0,0.0
YER038C,0.0,0.0,0.0,1,0.0
YER043C,0.0,0.0,0.0,1,0.0
YER044C,0.0,0.0,0.0,0,0.0
YER064C,0.0,0.0,0.0,0,0.0
YFR046C,0.0,0.0,0.0,0,0.0
YFR055W,0.0,0.0,0.0,0,0.0
YGL125W,0.0,0.0,0.0,0,0.0
YGL169W,0.0,0.0,0.0,1,0.0
YGL223C,0.9166666666666665,13.25,5.0,0,0.9166666666666665
YGR111W,0.0,0.0,0.0,0,0.0
YGR124W,0.0,0.0,0.0,0,0.0
YGR295C,0.0,0.0,0.0,0,0.0
YHR060W,0.4360601501326603,1.7999999999999998,0.0,0,0.4360601501326603
YIL145C,0.0,0.0,0.0,0,0.0
YIR026C,0.0,0.0,0.0,0,0.0
YJL185C,0.0,0.0,0.0,0,0.0
YJR075W,1.4666666666666668,8.0,5.25,0,1.4666666666666668
YLR328W,0.47426070585934155,24.5,8.0,0,0.47426070585934155
YMR064W,0.0,0.0,0.0,0,0.0
YMR094W,0.8254901960784313,2.0723981900452486,12.291666666666666,1,0.8254901960784313
YMR187C,0.0,0.0,0.0,0,0.0
YOR009W,0.0,0.0,0.0,0,0.0
YPL102C,0.0,0.0,0.0,0,0.0
YPL114W,0.0,0.0,0.0,0,0.0
YPL178W,0.0,0.0,0.0,0,0.0
YPR136C,0.0,0.0,0.0,1,0.0
YDR036C,1.0797217021473313,10.25,6.0,0,1.0797217021473313
YGR150C,0.528623188405797,5.333333333333333,18.0,0,0.528623188405797
YHR019C,1.6,3.866666666666667,12.0,1,1.6
YLL018C,1.2000000000000002,2.033333333333333,8.5,1,1.2000000000000002
YDR038C,0.0,0.0,0.0,0,0.0
YDR380W,0.0,0.0,0.0,0,0.0
YOR205C,0.3125,4.0,9.333333333333334,0,0.3125
YDR042C,0.0,0.0,0.0,0,0.0
YLR413W,0.0,0.0,0.0,0,0.0
YDR077W,0.0,0.0,0.0,0,0.0
YDR049W,0.5126582278481012,1.0,0.9,0,0.5126582278481012
YGL246C,0.5623534927332395,1.0,22.8,0,0.5623534927332395
YDR050C,1.943374925727867,13.5,0.0,1,1.943374925727867
YFL009W,0.19999999999999998,13.444444444444445,5.833333333333333,1,0.19999999999999998
YDR056C,0.0,0.0,0.0,0,0.0
YPL024W,0.0,0.0,0.0,0,0.0
YDR062W,0.0,0.0,0.0,1,0.0
YMR296C,0.0,0.0,0.0,1,0.0
YDR063W,0.0,0.0,0.0,0,0.0
YGL239C,0.0,0.0,0.0,1,0.0
YDR066C,0.0,0.0,0.0,0,0.0
YDR067C,0.0,0.0,0.0,0,0.0
YDR068W,0.0,0.0,0.0,0,0.0
YLR237W,0.0,0.0,0.0,0,0.0
YDR070C,0.0,0.0,0.0,0,0.0
YER089C,0.0,0.0,0.0,0,0.0
YDR072C,0.0,0.0,0.0,0,0.0
YDR107C,0.0,0.0,0.0,0,0.0
YML068W,0.0,0.0,0.0,1,0.0
YER019CA,0.0,0.0,0.0,0,0.0
YMR251W,0.0,0.0,0.0,0,0.0
YIL152W,0.0,0.0,0.0,0,0.0
YLR376C,0.41666666666666663,2.05,2.0,0,0.41666666666666663
YDR079W,0.0,0.0,0.0,0,0.0
YJL099W,0.0,0.0,0.0,0,0.0
YDR080W,0.41666666666666663,2.0041666666666664,9.333333333333334,0,0.41666666666666663
YLR396C,1.5277777777777777,4.979166666666666,24.0,0,1.5277777777777777
YDR084C,0.10263157894736842,2.0,2.25,0,0.10263157894736842
YDR441C,0.0,0.0,0.0,0,0.0
YDR442W,0.0,0.0,0.0,0,0.0
YER011W,0.0,0.0,0.0,0,0.0
YDR086C,0.7,0.0,0.0,1,0.0
YER087CA,0.7,0.0,0.0,0,0.0
YDR092W,0.0,0.0,0.0,0,0.0
YDR095C,0.0,0.0,0.0,0,0.0
YDR098C,0.0,0.0,0.0,0,0.0
YGL071W,0.0,0.0,0.0,0,0.0
YER177W,0.1388888888888889,2.1484848484848484,0.0,0,0.1388888888888889
YGR123C,0.0,0.0,0.0,0,0.0
YNL042W,0.0,0.0,0.0,0,0.0
YNL293W,0.0,0.0,0.0,0,0.0
YOR298CA,0.0,0.0,0.0,0,0.0
YDR100W,0.3766917293233083,26.0,1.0,0,0.3766917293233083
YPL095C,0.5755417956656346,6.333333333333333,0.0,0,0.5755417956656346
YER036C,0.0,0.0,0.0,1,0.0
YNL112W,0.5753220808871493,2.225,20.0,1,0.5753220808871493
YOR048C,0.38156392694063923,2.225,11.0,1,0.38156392694063923
YDR102C,0.0,0.0,0.0,0,0.0
YER132C,0.0,0.0,0.0,0,0.0
YDR105C,0.0,0.0,0.0,0,0.0
YDR106W,0.0,0.0,0.0,0,0.0
YHR129C,0.2581564776686728,2.583333333333333,6.666666666666667,0,0.2581564776686728
YOL015W,0.0,0.0,0.0,0,0.0
YDR108W,0.0,0.0,0.0,0,0.0
YGR234W,0.6394230769230769,6.0,13.833333333333332,0,0.6394230769230769
YIR040C,0.0,0.0,0.0,0,0.0
YER161C,0.19047619047619047,4.222222222222222,0.0,0,0.19047619047619047
YLR095C,0.0,0.0,0.0,0,0.0
YGL116W,0.3111111111111111,8.0,2.0,1,0.3111111111111111
YGR060W,0.0,0.0,0.0,1,0.0
YGR098C,0.0,0.0,0.0,1,0.0
YNL041C,0.9166666666666666,16.0,6.75,0,0.9166666666666666
YGL064C,0.5412393162393162,6.75,15.0,0,0.5412393162393162
YDR121W,0.0,0.0,0.0,0,0.0
YDR122W,0.0,0.0,0.0,0,0.0
YDR123C,0.0,0.0,0.0,1,0.0
YDR126W,0.0,0.0,0.0,0,0.0
YNR051C,0.0,0.0,0.0,0,0.0
YOR303W,0.36019948519948514,1.5,2.0,0,0.36019948519948514
YDR128W,0.0,0.0,0.0,0,0.0
YHR134W,0.0,0.0,0.0,0,0.0
YDR132C,0.11529933481152993,0.0,3.0,0,0.11529933481152993
YJL218W,0.04632034632034632,65.0,0.0,0,0.04632034632034632
YDR133C,0.0,0.0,0.0,0,0.0
YDR134C,0.0,0.0,0.0,0,0.0
YDR135C,0.0,0.0,0.0,0,0.0
YDR136C,0.0,0.0,0.0,0,0.0
YDR139C,0.0,0.0,0.0,0,0.0
YLR306W,0.0,0.0,0.0,0,0.0
YDR142C,2.2496947496947497,16.416666666666664,11.25,0,2.2496947496947497
YDR244W,1.3736263736263736,2.0,5.0,0,1.3736263736263736
YHR160C,0.6959706959706959,4.333333333333333,2.611111111111111,0,0.6959706959706959
YNL214W,1.453962419832727,2.0,5.0,0,1.453962419832727
YDR144C,0.0,0.0,0.0,0,0.0
YPL121C,0.0,0.0,0.0,0,0.0
YNL092W,0.08418733510437124,4.0,0.0,0,0.08418733510437124
YDR150W,0.7287072688607215,4.083333333333334,17.0,0,0.7287072688607215
YJR112W,1.6386301953062634,10.3515873015873,24.583333333333336,1,1.6386301953062634
YJR104C,0.0,0.0,0.0,0,0.0
YKR105C,0.0,0.0,0.0,0,0.0
YML078W,0.0,0.0,0.0,0,0.0
YNL135C,0.0,0.0,0.0,0,0.0
YDR159W,0.0,0.0,0.0,0,0.0
YJL041W,2.1730792527895977,91.0,12.708333333333334,1,2.1730792527895977
YDR162C,0.0,0.0,0.0,0,0.0
YDR164C,0.4242424242424242,2.761904761904762,0.0,1,0.4242424242424242
YKR014C,1.7762297901616786,13.821428571428571,20.749999999999996,0,1.7762297901616786
YNR049C,0.0,0.0,0.0,0,0.0
YPL232W,0.4242424242424242,0.4285714285714285,0.0,0,0.4242424242424242
YER008C,3.4005012531328322,5.459967320261438,0.0,1,3.4005012531328322
YJL085W,3.7568542568542567,3.0416666666666665,12.0,1,3.7568542568542567
YGR097W,0.0,6.8,0.0,0,0.0
YIL129C,0.0,0.0,0.0,1,0.0
YLR228C,0.0,0.0,0.0,0,0.0
YPL089C,0.0,0.0,0.0,0,0.0
YPR115W,0.0,0.0,0.0,0,0.0
YDR168W,0.5105042016806722,2.3956043956043955,2.0,1,0.5105042016806722
YDR169C,0.0,0.0,0.0,0,0.0
YMR042W,1.2761658717541071,7.119047619047619,13.5,0,1.2761658717541071
YDR174W,0.18369553638010014,4.35,3.9166666666666665,0,0.18369553638010014
YIL013C,0.0,0.0,0.0,0,0.0
YGL068W,0.2691427565569442,2.1666666666666665,3.0,1,0.2691427565569442
YGL013C,0.0,0.0,0.0,0,0.0
YJR080C,0.0,0.0,0.0,0,0.0
YDR178W,1.4666666666666668,0.0,3.0,0,1.4666666666666668
YDR179C,0.0,0.0,0.0,0,0.0
YJR015W,0.0,0.0,0.0,0,0.0
YER147C,0.0,0.0,0.0,1,0.0
YDR181C,1.75,22.2,12.5,0,1.75
YMR127C,1.75,16.40833333333333,2.0,0,1.75
YDR184C,0.0,0.0,0.0,0,0.0
YLR319C,0.5596070596070596,4.408333333333333,0.0,0,0.5596070596070596
YDR214W,0.0,0.0,0.0,0,0.0
YFL016C,0.23376623376623376,0.0,4.5,0,0.23376623376623376
YPL231W,0.0,0.0,0.0,1,0.0
YMR316W,0.0,0.0,0.0,0,0.0
YNL239W,0.0,0.0,0.0,0,0.0
YOR075W,0.39617224880382773,4.5,6.0,1,0.39617224880382773
YER107C,0.053467561521252795,4.857142857142858,2.458333333333333,0,0.053467561521252795
YGL122C,0.6478308663752332,13.343531468531468,27.833333333333332,1,0.6478308663752332
YJR069C,0.0,0.0,0.0,0,0.0
YNL049C,0.43174603174603177,0.0,7.0625,0,0.43174603174603177
YOR134W,0.0,0.0,0.0,0,0.0
YOR204W,0.0,0.0,0.0,1,0.0
YDR193W,0.0,0.0,0.0,0,0.0
YDR228C,4.367521367521368,33.39404761904761,46.0,1,4.367521367521368
YOR179C,0.758974358974359,40.0,18.0,0,0.758974358974359
YDR196C,0.0,0.0,0.0,1,0.0
YDR199W,0.0,0.0,0.0,0,0.0
YDR200C,0.0,1.5,0.0,0,0.0
YLR238W,0.0,0.0,0.0,0,0.0
YHR083W,0.0,0.0,0.0,1,0.0
YKL179C,0.0,0.0,0.0,0,0.0
YJR033C,0.23333333333333334,5.843137254901961,3.0,0,0.23333333333333334
YDR203W,0.0,0.0,0.0,0,0.0
YOR087W,0.0,0.0,0.0,0,0.0
YDR205W,0.0,0.0,0.0,0,0.0
YNR039C,0.0,0.0,0.0,0,0.0
YJL030W,0.2222222222222222,2.428571428571429,2.0,0,0.2222222222222222
YJR094C,0.46783253842077377,0.0,0.0,0,0.0
YMR139W,0.46783253842077377,6.666666666666667,0.0,0,0.46783253842077377
YMR263W,1.0444193061840121,6.625,25.833333333333332,0,1.0444193061840121
YDR211W,3.6091567312677144,23.641955266955268,0.0,1,3.6091567312677144
YGR083C,4.116192190872498,64.33333333333333,0.0,1,4.116192190872498
YLR030W,0.0,0.0,0.0,0,0.0
YDR213W,0.0,0.0,0.0,0,0.0
YOL052C,0.0,0.0,0.0,0,0.0
YDR215C,0.0,0.0,0.0,0,0.0
YPL175W,0.0,0.0,0.0,1,0.0
YDR218C,0.10263157894736842,11.80952380952381,0.0,0,0.10263157894736842
YDR221W,0.0,0.0,0.0,0,0.0
YMR151W,0.0,0.0,0.0,0,0.0
YDR378C,1.1018830425867039,23.5218253968254,15.444444444444445,1,1.1018830425867039
YLR183C,0.5864773735581188,51.25,22.833333333333332,0,0.5864773735581188
YDR226W,0.0,0.0,0.0,1,0.0
YOR176W,0.0,0.0,0.0,1,0.0
YMR219W,0.0,0.0,0.0,0,0.0
YMR284W,0.0,0.0,0.0,0,0.0
YPR049C,0.0,0.0,0.0,0,0.0
YDR229W,0.023660561938346036,2.5,3.7916666666666665,0,0.023660561938346036
YGL066W,0.0,0.0,0.0,0,0.0
YJR131W,0.0,0.0,0.0,0,0.0
YDR236C,0.0,0.0,0.0,1,0.0
YGR278W,0.27748917748917745,8.961904761904762,6.25,1,0.27748917748917745
YHR086W,0.26143354902936783,12.488888888888887,18.833333333333336,1,0.26143354902936783
YGL205W,0.0,0.0,0.0,0,0.0
YEL036C,1.2000000000000002,6.333333333333333,3.4444444444444446,0,1.2000000000000002
YJL183W,1.4666666666666668,5.75,5.25,0,1.4666666666666668
YDR250C,0.0,0.0,0.0,0,0.0
YDR251W,0.0,0.0,0.0,0,0.0
YPL057C,0.0,0.0,0.0,0,0.0
YDR252W,0.0,0.0,0.0,0,0.0
YJR055W,0.0,0.0,0.0,0,0.0
YDR253C,0.30000000000000004,0.0,2.25,0,0.30000000000000004
YIR017C,0.5397761830235015,2.2403846153846154,12.666666666666668,0,0.5397761830235015
YNL103W,0.6000000000000001,0.0,11.333333333333334,1,0.6000000000000001
YDR254W,0.0,0.0,0.0,0,0.0
YEL077C,0.0,0.0,0.0,0,0.0
YIL111W,0.0,0.0,0.0,0,0.0
YDR255C,0.0,0.0,0.0,0,0.0
YDR256C,0.06222556736914752,2.142857142857143,10.5,0,0.06222556736914752
YDR484W,0.05337925096857512,0.7142857142857143,1.125,0,0.05337925096857512
YFR015C,0.30000000000000004,2.5,0.0,0,0.30000000000000004
YGR066C,0.0,0.0,0.0,0,0.0
YDR260C,0.0,4.0,0.0,0,0.0
YFL002WB,0.0,0.0,0.0,0,0.0
YDR262W,0.0,0.0,0.0,0,0.0
YDR454C,0.0,0.0,0.0,1,0.0
YDR263C,0.0,0.0,0.0,0,0.0
YOR214C,0.0,0.0,0.0,0,0.0
YKL178C,0.0,0.0,0.0,0,0.0
YOR101W,0.26666666666666666,3.7142857142857135,2.25,0,0.26666666666666666
YDR266C,0.0,2.0,0.0,0,0.0
YDR267C,0.0,2.0,0.0,1,0.0
YDR268W,0.0,0.0,0.0,0,0.0
YDR270W,0.0,0.0,0.0,0,0.0
YNL259C,0.0,0.0,0.0,0,0.0
YDR271C,0.0,0.0,0.0,0,0.0
YDR509W,0.0,0.0,0.0,0,0.0
YOR244W,0.0,0.0,0.0,1,0.0
YDR275W,0.0,0.0,0.0,0,0.0
YGL237C,0.0,10.0,0.0,0,0.0
YOR060C,0.10671140939597316,0.0,2.5277777777777777,1,0.10671140939597316
YDR279W,0.0,0.0,0.0,0,0.0
YIL131C,0.0,0.4,0.0,0,0.0
YLR154C,0.0,0.0,0.0,0,0.0
YOR076C,0.4096577227382181,6.61904761904762,19.5,1,0.4096577227382181
YPR189W,0.9366830065359477,7.76984126984127,13.5,0,0.9366830065359477
YDR281C,0.0,0.0,0.0,0,0.0
YDR283C,0.13574660633484165,2.2403846153846154,4.5,0,0.13574660633484165
YIL072W,0.4,6.0,2.25,0,0.4
YLR263W,0.4,2.5,4.0,0,0.4
YDR286C,0.0,0.0,0.0,0,0.0
YDR287W,0.0,0.0,0.0,0,0.0
YHR163W,0.0,0.0,0.0,0,0.0
YDR289C,0.0,0.0,0.0,0,0.0
YDR290W,0.0,0.0,0.0,0,0.0
YKL154W,0.0,0.0,0.0,1,0.0
YGL086W,0.3111111111111111,9.857142857142858,2.0,0,0.3111111111111111
YLR131C,0.0,0.0,0.0,0,0.0
YHR056C,0.0,0.0,0.0,0,0.0
YPL082C,0.13352468787251395,4.2,5.166666666666667,1,0.13352468787251395
YDR305C,0.0,0.0,0.0,0,0.0
YDR306C,0.0,8.0,0.0,0,0.0
YER145C,0.34397163120567376,2.333333333333333,0.0,0,0.34397163120567376
YER157W,2.0280148569622254,27.46587301587301,19.844444444444445,1,2.0280148569622254
YOR174W,0.6483163157736211,23.23333333333333,4.0,1,0.6483163157736211
YGR207C,0.0,0.0,0.0,0,0.0
YKL007W,0.0,0.0,0.0,0,0.0
YKL082C,0.36063218390804597,4.688636363636364,2.0,1,0.36063218390804597
YMR055C,0.5338203463203464,24.2,8.65,0,0.5338203463203464
YMR238W,0.14583333333333331,3.5,2.0,0,0.14583333333333331
YDR310C,0.6666666666666666,2.321428571428571,4.5,0,0.6666666666666666
YOR279C,0.6666666666666666,3.75,4.5,0,0.6666666666666666
YER162C,0.3439546296689154,5.6000000000000005,2.75,0,0.3439546296689154
YHR113W,0.08585055643879173,7.0,1.0,0,0.08585055643879173
YKR050W,0.0,0.0,0.0,0,0.0
YMR294W,0.41733904920403775,11.75,22.25,0,0.41733904920403775
YOR089C,0.33367733058135535,2.9,7.999999999999999,0,0.33367733058135535
YPL170W,0.0,0.0,0.0,0,0.0
YDR313C,0.0,3.0,0.0,0,0.0
YNL044W,0.34589578657456443,28.6,9.791666666666668,1,0.34589578657456443
YDR314C,0.0,0.0,0.0,0,0.0
YDR315C,0.0,0.0,0.0,0,0.0
YJR117W,0.0,0.0,0.0,0,0.0
YLR323C,0.0,0.0,0.0,1,0.0
YDR317W,0.0,0.0,0.0,0,0.0
YDR478W,0.0,0.0,0.0,1,0.0
YDR542W,0.0,0.0,0.0,0,0.0
YER035W,0.0,0.0,0.0,0,0.0
YER084W,0.0,0.0,0.0,0,0.0
YFL015C,0.0,0.0,0.0,0,0.0
YGR018C,0.0,0.0,0.0,0,0.0
YGR036C,0.0,0.0,0.0,0,0.0
YGR146C,0.0,0.0,0.0,0,0.0
YHL042W,0.0,0.0,0.0,0,0.0
YHR142W,0.0,0.0,0.0,0,0.0
YJR060W,0.30000000000000004,0.0,1.5,0,0.30000000000000004
YJR135C,0.0,0.0,0.0,1,0.0
YLL033W,0.0,0.0,0.0,0,0.0
YDR319C,0.0,0.0,0.0,0,0.0
YDR320C,0.4242424242424242,0.0,1.3333333333333333,0,0.4242424242424242
YGR167W,0.6818181818181819,0.0,7.416666666666667,0,0.6818181818181819
YDR321W,0.04632034632034632,35.5,0.0,0,0.04632034632034632
YGL095C,0.16666666666666666,0.6,1.9444444444444444,0,0.16666666666666666
YDR323C,0.0,0.0,0.0,1,0.0
YDR326C,0.0,0.0,0.0,0,0.0
YER007C,0.0,0.0,0.0,0,0.0
YER007CA,0.0,0.0,0.0,0,0.0
YDR327W,0.0,0.0,0.0,1,0.0
YOR378W,0.0,0.0,0.0,0,0.0
YGL149W,0.0,0.0,0.0,0,0.0
YGR140W,1.1833333333333333,2.5955882352941178,2.583333333333333,1,1.1833333333333333
YJL204C,0.0,0.0,0.0,0,0.0
YJR089W,0.2833333333333333,2.125,0.0,1,0.2833333333333333
YLR224W,0.2833333333333333,7.333333333333334,0.0,0,0.2833333333333333
YLR399C,0.0,0.0,0.0,0,0.0
YMR258C,0.0,0.0,0.0,0,0.0
YOR057W,0.2833333333333333,6.266666666666667,0.0,1,0.2833333333333333
YDR331W,0.0,0.0,0.0,1,0.0
YDR332W,0.0,0.0,0.0,0,0.0
YMR074C,0.0,0.0,0.0,0,0.0
YDR333C,0.0,0.0,0.0,0,0.0
YDR334W,0.0,0.0,0.0,0,0.0
YFR002W,2.456871021556645,29.625,18.124999999999996,1,2.456871021556645
YML103C,0.6074404761904761,2.017857142857143,1.8958333333333333,0,0.6074404761904761
YOR359W,0.0,0.0,0.0,0,0.0
YPR084W,0.0,0.0,0.0,0,0.0
YDR340W,0.0,0.0,0.0,0,0.0
YER048C,0.0,0.0,0.0,0,0.0
YLR081W,0.0,0.0,0.0,0,0.0
YDR344C,0.0,0.0,0.0,0,0.0
YDR345C,0.0,0.0,0.0,0,0.0
YDR346C,0.0,0.0,0.0,0,0.0
YLR077W,0.0,0.0,0.0,0,0.0
YMR295C,0.0,0.0,0.0,0,0.0
YDR349C,0.0,0.0,0.0,0,0.0
YLR099C,0.0,0.0,0.0,0,0.0
YDR350C,0.0,0.0,0.0,0,0.0
YDR351W,0.0,0.0,0.0,0,0.0
YNL070W,5.090909090909091,22.9,6.0,0,5.090909090909091
YDR353W,0.023104852018923976,0.0,2.0,1,0.023104852018923976
YDR356W,1.0499999999999998,5.570707070707071,4.125,1,1.0499999999999998
YGR078C,0.0,0.0,0.0,0,0.0
YLR212C,1.1857142857142857,3.767676767676768,6.458333333333333,1,1.1857142857142857
YOR257W,0.0,0.0,0.0,1,0.0
YDR357C,0.0,0.0,0.0,0,0.0
YGL079W,0.0,0.0,0.0,0,0.0
YMR226C,0.0,0.0,0.0,0,0.0
YDR366C,0.0,0.0,0.0,0,0.0
YGR054W,0.10682028366710171,31.5,0.0,0,0.10682028366710171
YHR065C,0.0,0.0,0.0,1,0.0
YDR368W,0.0,0.0,0.0,0,0.0
YDR369C,0.0,0.6666666666666666,0.0,0,0.0
YDR370C,0.0,0.0,0.0,0,0.0
YFL049W,0.0,0.0,0.0,0,0.0
YDR371W,0.0,0.0,0.0,0,0.0
YJL053W,1.6666666666666665,4.257142857142857,0.0,0,1.6666666666666665
YLR352W,0.0,0.0,0.0,0,0.0
YDR373W,0.0,0.0,0.0,1,0.0
YDR374C,0.0,0.0,0.0,0,0.0
YIR024C,0.0,0.0,0.0,0,0.0
YGL251C,0.0,0.0,0.0,0,0.0
YJL139C,0.0,0.0,0.0,0,0.0
YLR053C,0.0,0.0,0.0,0,0.0
YMR221C,0.0,0.0,0.0,0,0.0
YOR320C,0.09821428571428571,3.0,3.111111111111111,0,0.09821428571428571
YOR382W,0.0,0.0,0.0,0,0.0
YEL050C,0.0,0.0,0.0,0,0.0
YLR083C,0.0,0.0,0.0,0,0.0
YLR315W,0.0,0.0,0.0,0,0.0
YOL104C,0.0,0.0,0.0,0,0.0
YPL002C,0.5833333333333333,2.25,2.0,0,0.5833333333333333
YDR384C,0.0,0.0,0.0,0,0.0
YNL024C,0.0,0.0,0.0,0,0.0
YPL108W,0.0,0.0,0.0,0,0.0
YDR387C,0.0,0.0,0.0,0,0.0
YOR292C,0.0,0.0,0.0,0,0.0
YDR515W,0.0,0.0,0.0,0,0.0
YGL016W,0.48943498663174545,11.25,14.583333333333332,0,0.48943498663174545
YJR083C,0.07034632034632035,0.0,0.0,0,0.0
YLR144C,0.07034632034632035,1.6666666666666667,2.0,0,0.07034632034632035
YLR337W,0.9090634108782929,0.0,0.0,0,0.0
YLR436C,0.0,0.0,0.0,0,0.0
YPR088C,1.3333333333333333,4.466666666666667,38.3,1,1.3333333333333333
YDR390C,0.4344444444444444,5.7681818181818185,0.0,1,0.4344444444444444
YPR180W,0.24000000000000002,2.75,0.0,1,0.24000000000000002
YOL148C,0.17142857142857143,0.0,2.0,0,0.17142857142857143
YGL074C,0.0,0.0,0.0,1,0.0
YMR216C,0.04494949494949495,0.0,0.0,0,0.0
YOL070C,0.3819660014781966,2.5,2.5,0,0.3819660014781966
YDR397C,0.0,0.0,0.0,1,0.0
YER159C,0.0,0.0,0.0,1,0.0
YPL216W,0.0,0.0,0.0,0,0.0
YDR403W,0.0,0.0,0.0,0,0.0
YKR053C,0.0,0.0,0.0,0,0.0
YDR407C,0.0,0.0,0.0,1,0.0
YDR410C,0.0,0.0,0.0,0,0.0
YDR413C,0.0,0.0,0.0,1,0.0
YGR151C,0.0,0.0,0.0,0,0.0
YGR289C,0.0,0.0,0.0,0,0.0
YOR305W,0.0,0.0,0.0,0,0.0
YGR129W,0.9461538461538461,2.017857142857143,10.0,0,0.9461538461538461
YPL077C,0.0,0.0,0.0,0,0.0
YJL089W,1.398217468805704,14.75,58.5,0,1.398217468805704
YDR423C,0.0,0.0,0.0,0,0.0
YDR425W,0.6477640178878569,10.5,13.27777777777778,0,0.6477640178878569
YJR110W,0.0,0.0,0.0,0,0.0
YPL280W,0.0,0.0,0.0,0,0.0
YGR067C,0.044444444444444446,2.023809523809524,0.0,0,0.044444444444444446
YMR276W,0.5082601608917399,22.25,4.0,1,0.5082601608917399
YNR059W,0.0,0.0,0.0,0,0.0
YPL001W,0.23448275862068968,1.0,3.0,0,0.23448275862068968
YDR428C,0.0,0.0,0.0,0,0.0
YJR070C,0.10795454545454546,3.5,1.0,0,0.10795454545454546
YLR190W,0.0,0.0,0.0,0,0.0
YDR430C,0.3055555555555556,6.166666666666667,1.0,0,0.3055555555555556
YDR433W,0.0,0.0,0.0,0,0.0
YNL116W,0.0,4.727272727272728,0.0,0,0.0
YDR435C,0.0,0.0,0.0,0,0.0
YFL040W,0.0,0.0,0.0,0,0.0
YML022W,0.0,0.0,0.0,0,0.0
YNL288W,0.05900900900900901,0.0,1.0,0,0.05900900900900901
YDR444W,0.0,0.0,0.0,0,0.0
YDR445C,0.0,0.0,0.0,0,0.0
YDR446W,0.0,0.0,0.0,0,0.0
YFL031W,0.0,6.0,0.0,0,0.0
YDR452W,0.0,0.0,0.0,0,0.0
YIL039W,0.0,0.0,0.0,0,0.0
YLL046C,0.0,0.0,0.0,0,0.0
YLR173W,0.0,0.0,0.0,0,0.0
YOR108W,0.0,0.0,0.0,0,0.0
YDR464W,0.0,0.0,0.0,1,0.0
YJR021C,0.0,7.333333333333333,0.0,0,0.0
YMR018W,0.0,0.0,0.0,0,0.0
YEL005C,0.0,0.0,0.0,0,0.0
YDR474C,0.0,0.0,0.0,0,0.0
YNL218W,0.0,0.0,0.0,0,0.0
YNL257C,0.0,0.0,0.0,0,0.0
YHR039C,0.0,0.0,0.0,0,0.0
YDR482C,0.0,6.0,0.0,0,0.0
YGL028C,0.0,0.0,0.0,0,0.0
YOR276W,0.23431372549019608,13.166666666666668,2.0,0,0.23431372549019608
YDR483W,0.0,0.0,0.0,0,0.0
YDR487C,0.0,0.0,0.0,1,0.0
YDR488C,0.0,0.0,0.0,0,0.0
YIL135C,0.0,0.0,0.0,0,0.0
YFR043C,0.0,0.0,0.0,0,0.0
YJL072C,0.0,0.0,0.0,1,0.0
YML034W,0.0,0.0,0.0,0,0.0
YDR490C,0.0,0.0,0.0,0,0.0
YHR207C,0.0,0.0,0.0,0,0.0
YIR044C,0.0,0.0,0.0,0,0.0
YLR466W,0.0,0.0,0.0,0,0.0
YDR492W,0.0,0.0,0.0,0,0.0
YOR315W,0.0,0.0,0.0,0,0.0
YDR494W,0.0,0.0,0.0,0,0.0
YPL276W,0.0,0.0,0.0,0,0.0
YGR264C,0.17753623188405795,2.0,3.0,1,0.17753623188405795
YPL128C,0.026742581090407176,2.3,4.666666666666667,1,0.026742581090407176
YDR498C,0.25263157894736843,2.6944444444444446,2.9166666666666665,1,0.25263157894736843
YPR179C,0.0,0.0,0.0,0,0.0
YDR502C,0.27142857142857146,2.321428571428571,0.0,0,0.27142857142857146
YPL125W,0.10594386553632403,4.152380952380953,8.0,1,0.10594386553632403
YDR503C,0.0,0.0,0.0,0,0.0
YER049W,0.0,0.0,0.0,0,0.0
YNR074C,0.0,0.0,0.0,0,0.0
YDR504C,0.0,0.0,0.0,0,0.0
YKL043W,0.0,0.0,0.0,0,0.0
YMR211W,0.0,0.0,0.0,1,0.0
YOR156C,0.10263157894736842,5.843137254901961,0.0,0,0.10263157894736842
YPR104C,0.0,0.0,0.0,1,0.0
YDR511W,0.0,0.0,0.0,0,0.0
YDR512C,0.0,0.0,0.0,0,0.0
YDR514C,0.0,0.0,0.0,0,0.0
YNL173C,0.0,0.0,0.0,0,0.0
YGR169C,0.0,0.0,0.0,0,0.0
YKR034W,0.6190476190476191,15.333333333333334,37.2,0,0.6190476190476191
YDR524C,0.0,0.0,0.0,0,0.0
YOR066W,0.0,0.0,0.0,0,0.0
YDR526C,0.0,0.0,0.0,1,0.0
YDR527W,0.0,0.0,0.0,1,0.0
YDR528W,0.0,0.0,0.0,0,0.0
YNL206C,0.0,0.0,0.0,0,0.0
YDR530C,0.0,0.0,0.0,0,0.0
YDR531W,0.0,0.0,0.0,1,0.0
YHR079C,0.0,0.0,0.0,0,0.0
YIL134W,0.0,0.0,0.0,0,0.0
YKL194C,0.0,0.0,0.0,0,0.0
YDR533C,0.0,0.0,0.0,0,0.0
YMR010W,0.0,0.0,0.0,0,0.0
YDR534C,0.0,0.0,0.0,0,0.0
YDR536W,0.0,0.0,0.0,0,0.0
YDR538W,0.0,0.0,0.0,0,0.0
YDR541C,0.0,0.0,0.0,0,0.0
YLR025W,0.7241867043847241,2.5,1.0,0,0.7241867043847241
YOR187W,0.0,0.0,0.0,0,0.0
YEL003W,1.3166666666666667,2.017857142857143,0.0,0,1.3166666666666667
YLR200W,0.8282945736434109,3.142857142857143,4.5,0,0.8282945736434109
YML094W,1.3166666666666667,2.017857142857143,0.0,0,1.3166666666666667
YGR107W,0.0,0.0,0.0,0,0.0
YEL006W,0.0,0.0,0.0,0,0.0
YEL008W,0.0,0.0,0.0,0,0.0
YHR145C,0.0,0.0,0.0,0,0.0
YPL038W,0.0,0.0,0.0,0,0.0
YEL011W,0.0,0.0,0.0,0,0.0
YEL012W,0.0,0.0,0.0,0,0.0
YHR195W,0.0,0.0,0.0,0,0.0
YLR254C,0.0,0.0,0.0,0,0.0
YPR185W,0.15555555555555556,2.761904761904762,9.333333333333334,0,0.15555555555555556
YGR116W,0.12985347985347984,0.0,2.0,1,0.12985347985347984
YJR140C,0.0,0.0,0.0,0,0.0
YEL016C,0.0,0.0,0.0,0,0.0
YEL042W,0.0,0.0,0.0,0,0.0
YGL098W,0.0,0.0,0.0,1,0.0
YGR121C,0.14090909090909093,0.0,4.0,0,0.14090909090909093
YKL063C,0.0,0.0,0.0,0,0.0
YPL244C,0.0,0.0,0.0,0,0.0
YPR174C,0.0,0.0,0.0,0,0.0
YEL018W,0.0,0.0,0.0,0,0.0
YEL019C,0.0,0.0,0.0,1,0.0
YOR266W,0.0,0.0,0.0,0,0.0
YEL020C,0.0,0.0,0.0,0,0.0
YNR017W,1.1776315789473684,3.4,5.0,1,1.1776315789473684
YLR398C,0.0,0.0,0.0,0,0.0
YJR047C,0.0,0.0,0.0,0,0.0
YHR080C,0.0,0.0,0.0,0,0.0
YPL050C,0.0,0.0,0.0,0,0.0
YER143W,0.0,0.0,0.0,0,0.0
YHL030W,0.11363636363636363,3.333333333333333,0.0,0,0.11363636363636363
YEL038W,0.0,0.0,0.0,0,0.0
YEL041W,0.0,0.0,0.0,0,0.0
YJR049C,0.0,0.0,0.0,1,0.0
YER073W,0.0,0.0,0.0,0,0.0
YJL152W,0.3426791277258567,2.017857142857143,2.0,0,0.3426791277258567
YLR250W,0.0,0.0,0.0,0,0.0
YNL220W,0.0,0.0,0.0,0,0.0
YEL048C,0.0,0.0,0.0,0,0.0
YHR030C,0.4556818181818182,14.4984126984127,0.0,0,0.4556818181818182
YIL136W,0.0,0.0,0.0,0,0.0
YEL049W,0.0,0.0,0.0,0,0.0
YEL055C,0.4504264525878743,10.190476190476192,14.166666666666668,1,0.4504264525878743
YLR196W,0.15674603174603174,6.0,0.0,1,0.15674603174603174
YLL022C,0.0,0.0,0.0,0,0.0
YMR021C,0.0,0.0,0.0,0,0.0
YEL057C,0.0,0.0,0.0,0,0.0
YEL059W,0.0,0.0,0.0,0,0.0
YJR130C,0.0,0.0,0.0,0,0.0
YMR275C,0.0,0.0,0.0,0,0.0
YMR304W,0.0,0.0,0.0,0,0.0
YNL208W,0.0,0.0,0.0,0,0.0
YLR454W,0.0,0.0,0.0,1,0.0
YEL062W,0.0,0.0,0.0,0,0.0
YOR138C,0.0,0.0,0.0,0,0.0
YEL063C,0.0,0.0,0.0,0,0.0
YGR057C,0.0,0.0,0.0,0,0.0
YOR345C,0.0,0.0,0.0,0,0.0
YIR034C,0.0,0.0,0.0,0,0.0
YNR058W,0.0,0.0,0.0,0,0.0
YEL066W,0.0694251983392703,81.0,3.0,0,0.0694251983392703
YPL112C,0.0,0.0,0.0,0,0.0
YLR225C,0.0,0.0,0.0,0,0.0
YEL070W,0.0,0.0,0.0,0,0.0
YEL071W,0.0,0.0,0.0,0,0.0
YLR153C,0.0,0.0,0.0,1,0.0
YEL072W,0.0,0.0,0.0,0,0.0
YOR273C,0.0,0.0,0.0,0,0.0
YEL074W,0.0,0.0,0.0,0,0.0
YEL075C,0.0,0.0,0.0,0,0.0
YEL076WC,0.0,0.0,0.0,0,0.0
YFR053C,0.0,0.0,0.0,0,0.0
YER001W,0.0,0.0,0.0,0,0.0
YER004W,0.0,0.0,0.0,0,0.0
YER007W,0.0,3.333333333333333,0.0,0,0.0
YJL120W,0.0,0.0,0.0,0,0.0
YOR349W,0.0,0.0,0.0,0,0.0
YJL095W,0.717587071126091,9.555555555555555,22.833333333333332,0,0.717587071126091
YIL063C,0.22106002810680586,18.666666666666664,2.0,1,0.22106002810680586
YOR185C,0.3176470588235294,8.166666666666666,6.0,0,0.3176470588235294
YER010C,0.0,0.0,0.0,0,0.0
YOR274W,0.0,0.0,0.0,0,0.0
YNR011C,1.0416468206715885,11.0,6.0,1,1.0416468206715885
YKR066C,0.6666666666666666,1.6,2.0,0,0.6666666666666666
YMR089C,0.8333333333333333,0.625,2.0,0,0.8333333333333333
YER018C,0.21978021978021978,1.25,2.25,1,0.21978021978021978
YER104W,0.0,0.0,0.0,1,0.0
YPR065W,0.0,0.0,0.0,0,0.0
YOR371C,0.5,12.1,9.333333333333334,0,0.5
YFR038W,0.0,0.0,0.0,0,0.0
YGL027C,0.209009009009009,0.0,2.25,0,0.209009009009009
YGL261C,0.0,0.0,0.0,0,0.0
YGR243W,0.0,0.0,0.0,0,0.0
YHL005C,0.0,0.0,0.0,0,0.0
YHL044W,0.0,0.0,0.0,0,0.0
YHL045W,0.0,0.0,0.0,0,0.0
YHR116W,0.0,0.0,0.0,0,0.0
YIL078W,0.0,0.0,0.0,1,0.0
YJL142C,0.0,0.0,0.0,0,0.0
YJR148W,0.08593208593208594,0.6666666666666666,0.0,0,0.08593208593208594
YKL051W,0.0,0.0,0.0,0,0.0
YKR093W,0.0,0.0,0.0,0,0.0
YLL020C,0.0,0.0,0.0,0,0.0
YLL065W,0.023714891361950187,0.0,0.0,0,0.0
YLR331C,0.0,0.0,0.0,0,0.0
YML082W,0.0,0.0,0.0,0,0.0
YMR039C,0.0,0.0,0.0,0,0.0
YMR058W,0.0,0.0,0.0,0,0.0
YMR087W,0.0,0.0,0.0,0,0.0
YMR114C,0.0,0.0,0.0,0,0.0
YMR118C,0.0,0.0,0.0,0,0.0
YMR181C,0.0,0.0,0.0,0,0.0
YMR244W,0.0,0.0,0.0,0,0.0
YMR293C,0.0,0.0,0.0,0,0.0
YNL073W,0.0,0.0,0.0,0,0.0
YNL159C,0.0,3.0,0.0,0,0.0
YNL211C,0.0,0.0,0.0,0,0.0
YNL235C,0.0,0.0,0.0,0,0.0
YNL281W,0.0,0.0,0.0,0,0.0
YNR001C,0.0,0.0,0.0,0,0.0
YNR024W,0.0,0.0,0.0,0,0.0
YNR071C,0.021667236857110275,0.0,0.0,0,0.0
YOL022C,0.0,0.0,0.0,1,0.0
YOL042W,0.0,0.0,0.0,0,0.0
YOL106W,0.0,0.0,0.0,0,0.0
YOR028C,0.0,0.0,0.0,0,0.0
YOR039W,1.1664706683089034,15.75,0.0,0,1.1664706683089034
YOR072W,0.0,0.0,0.0,0,0.0
YOR143C,0.0,0.0,0.0,1,0.0
YOR302W,0.22167869226692757,0.0,0.0,0,0.0
YOR336W,0.0,0.0,0.0,1,0.0
YOR388C,0.0,0.0,0.0,0,0.0
YPL053C,0.0,0.0,0.0,0,0.0
YPL098C,0.021667236857110275,1.25,4.5,0,0.021667236857110275
YER026C,0.0,0.0,0.0,1,0.0
YLR220W,0.0,0.0,0.0,1,0.0
YER031C,1.6891032728881026,24.00394736842105,36.541666666666664,0,1.6891032728881026
YNL146W,0.0,0.0,0.0,0,0.0
YPR017C,0.0,8.333333333333334,0.0,0,0.0
YLR456W,0.0,0.0,0.0,0,0.0
YGR206W,0.0,0.0,0.0,0,0.0
YNL142W,0.0,0.0,0.0,0,0.0
YER037W,0.0,0.0,0.0,0,0.0
YER052C,0.0,0.0,0.0,0,0.0
YML023C,0.0,0.0,0.0,1,0.0
YER039C,0.0,0.0,0.0,0,0.0
YMR119W,0.0,0.0,0.0,0,0.0
YJR066W,0.857142857142857,4.923809523809524,0.8,0,0.857142857142857
YKL203C,0.34285714285714286,0.0,0.4,1,0.34285714285714286
YPL051W,0.0,4.25,0.0,0,0.0
YER045C,0.0,0.0,0.0,0,0.0
YGR247W,0.0,0.0,0.0,0,0.0
YOR059C,0.0,0.0,0.0,0,0.0
YPL205C,0.0,0.0,0.0,0,0.0
YGR271W,0.0,0.0,0.0,0,0.0
YER051W,0.0,0.0,0.0,0,0.0
YLR121C,0.0,0.0,0.0,0,0.0
YKR079C,0.0,0.0,0.0,1,0.0
YER053C,0.0,0.0,0.0,0,0.0
YLR326W,0.0,0.0,0.0,0,0.0
YKL193C,0.31792929292929295,3.583333333333333,0.0,1,0.31792929292929295
YMR311C,0.4797979797979798,7.75,0.0,0,0.4797979797979798
YER057C,0.0,0.0,0.0,0,0.0
YER058W,0.0,0.0,0.0,0,0.0
YER156C,0.0,0.0,0.0,0,0.0
YJL084C,0.0,0.0,0.0,0,0.0
YOR392W,0.0,0.0,0.0,0,0.0
YER061C,0.0,0.0,0.0,0,0.0
YPL073C,0.0,0.0,0.0,0,0.0
YER062C,0.0,0.0,0.0,0,0.0
YPL201C,0.0,0.0,0.0,0,0.0
YKL056C,0.0,0.0,0.0,0,0.0
YOR333C,0.19047619047619047,0.0,0.0,0,0.0
YPL172C,0.0,0.0,0.0,0,0.0
YNL157W,0.0,0.0,0.0,0,0.0
YPL212C,0.0,0.0,0.0,0,0.0
YPR125W,0.0,0.0,0.0,1,0.0
YER066W,0.0,0.0,0.0,0,0.0
YMR154C,0.15275813295615276,0.0,0.0,0,0.0
YPL180W,0.0,0.0,0.0,0,0.0
YER069W,0.0,0.0,0.0,0,0.0
YLR214W,0.0,0.0,0.0,0,0.0
YER070W,1.6,87.0,15.5,1,1.6
YGR180C,1.15,16.6,6.111111111111111,0,1.15
YOR171C,0.0,0.0,0.0,0,0.0
YPL032C,0.0,0.0,0.0,0,0.0
YPL257W,0.0,0.0,0.0,0,0.0
YLR113W,0.25,2.566666666666667,0.0,0,0.25
YER076C,0.0,0.0,0.0,0,0.0
YER077C,0.0,0.0,0.0,0,0.0
YFL027C,0.0,0.0,0.0,0,0.0
YER079W,0.0,0.0,0.0,0,0.0
YFR017C,0.0,0.0,0.0,0,0.0
YGL039W,0.0,0.0,0.0,0,0.0
YGL096W,0.04532163742690058,2.5,4.5,0,0.04532163742690058
YGL110C,0.0,0.0,0.0,0,0.0
YGR210C,0.0,0.0,0.0,0,0.0
YGR293C,0.0,0.0,0.0,0,0.0
YIL044C,0.0,0.0,0.0,0,0.0
YIL074C,0.0,0.0,0.0,0,0.0
YKR073C,0.0,0.0,0.0,0,0.0
YLR151C,0.0,0.0,0.0,0,0.0
YNR042W,0.0,0.0,0.0,0,0.0
YOR189W,0.0,0.0,0.0,0,0.0
YOR222W,0.0,0.0,0.0,0,0.0
YOR246C,0.0,0.0,0.0,0,0.0
YOR258W,0.0,0.0,0.0,0,0.0
YOR263C,0.0,0.0,0.0,0,0.0
YOR300W,0.0,0.0,0.0,0,0.0
YOR318C,0.0,0.0,0.0,0,0.0
YOR387C,0.0,0.0,0.0,0,0.0
YPL229W,0.0,0.0,0.0,0,0.0
YPR038W,0.0,0.0,0.0,0,0.0
YPR046W,0.0,0.0,0.0,0,0.0
YPR059C,0.0,0.0,0.0,0,0.0
YPR149W,0.0,0.0,0.0,0,0.0
YJL135W,0.0,0.0,0.0,0,0.0
YER083C,0.0,0.0,0.0,0,0.0
YMR038C,0.0,4.857142857142857,0.0,0,0.0
YOR383C,0.0,0.0,0.0,0,0.0
YJL091C,0.0,0.0,0.0,1,0.0
YER088C,0.0,0.0,0.0,0,0.0
YER090W,0.5714285714285714,4.0,0.0,0,0.5714285714285714
YKL211C,0.5714285714285714,2.9333333333333336,0.0,0,0.5714285714285714
YOR155C,0.0,0.0,0.0,0,0.0
YER091C,0.0,0.0,0.0,0,0.0
YMR233W,0.0,0.0,0.0,0,0.0
YPL238C,0.0,0.0,0.0,1,0.0
YPR011C,0.0,0.0,0.0,0,0.0
YER096W,0.0,0.0,0.0,0,0.0
YER099C,1.0333333333333332,3.0,3.0,0,1.0333333333333332
YKL181W,0.5833333333333333,2.0,2.0,0,0.5833333333333333
YER100W,0.0,2.0,0.0,0,0.0
YJR077C,0.0,0.0,0.0,0,0.0
YGL065C,0.0,0.0,0.0,1,0.0
YPR001W,0.0,0.0,0.0,0,0.0
YHL008C,0.0,0.0,0.0,0,0.0
YER109C,0.0,0.0,0.0,0,0.0
YKR001C,0.0,0.0,0.0,0,0.0
YNL313C,0.34509803921568627,0.0,2.25,1,0.34509803921568627
YER111C,0.40340909090909094,4.587301587301587,0.0,0,0.40340909090909094
YIL029C,0.0,0.0,0.0,0,0.0
YJR138W,0.05295429208472687,1.125,0.0,0,0.05295429208472687
YKL209C,0.0,0.0,0.0,0,0.0
YLL032C,0.0,0.0,0.0,0,0.0
YLR269C,0.032036613272311214,2.1666666666666665,4.0,0,0.032036613272311214
YNL091W,0.0,0.0,0.0,0,0.0
YOR219C,0.0,0.0,0.0,0,0.0
YOR188W,0.0,0.0,0.0,0,0.0
YOR370C,0.6666666666666666,0.6,0.0,1,0.6
YOL003C,0.0,0.0,0.0,0,0.0
YLR096W,0.0,0.0,0.0,0,0.0
YNL139C,0.0,0.0,0.0,0,0.0
YER119C,0.0,0.0,0.0,0,0.0
YKL055C,0.0,0.0,0.0,0,0.0
YNL027W,0.2909090909090909,0.0,0.0,0,0.0
YER121W,0.0,0.0,0.0,0,0.0
YER122C,0.0,0.0,0.0,0,0.0
YER176W,0.0,0.0,0.0,0,0.0
YER123W,0.25396825396825395,0.0,1.1666666666666667,0,0.25396825396825395
YHR003C,0.0,0.0,0.0,0,0.0
YFR022W,0.0,0.0,0.0,0,0.0
YKL020C,0.0,15.6,0.0,0,0.0
YML111W,0.0,0.0,0.0,0,0.0
YOR018W,0.0,0.0,0.0,0,0.0
YOR385W,0.0,0.0,0.0,0,0.0
YHR204W,0.0,0.0,0.0,0,0.0
YML093W,0.685569645737713,12.5,14.166666666666666,1,0.685569645737713
YER128W,0.0,0.0,0.0,0,0.0
YPR173C,0.619047619047619,0.5,4.5,0,0.619047619047619
YER129W,0.0,0.0,0.0,0,0.0
YLR420W,0.0,0.0,0.0,0,0.0
YLL027W,0.03419053185271771,0.7142857142857143,2.0,0,0.03419053185271771
YLR435W,0.03419053185271771,5.0,1.0,0,0.03419053185271771
YHR100C,0.0,0.0,0.0,0,0.0
YOR344C,0.08055555555555555,0.0,5.833333333333333,0,0.08055555555555555
YOR351C,0.0,7.5,0.0,0,0.0
YER136W,0.0,0.0,0.0,1,0.0
YER137C,0.0,0.0,0.0,0,0.0
YER138C,3.0,0.0,4.0,0,3.0
YER160C,3.0,0.0,4.0,0,3.0
YJR027W,3.0,0.0,4.0,0,3.0
YJR028W,3.0,0.0,6.0,0,3.0
YOR034C,0.0,0.0,0.0,0,0.0
YIL056W,0.0,0.0,0.0,0,0.0
YFL066C,0.1468253968253968,0.0,0.0,0,0.0
YLR058C,0.0,0.0,0.0,0,0.0
YOR201C,0.0,0.0,0.0,0,0.0
YPL152W,0.0,0.0,0.0,0,0.0
YIR005W,0.0,4.857142857142857,0.0,0,0.0
YKL058W,0.8385778635778636,16.5,6.25,1,0.8385778635778636
YNL039W,0.5381381381381382,2.288235294117647,3.0,1,0.5381381381381382
YOR194C,0.8385778635778636,14.25,6.25,1,0.8385778635778636
YIL040W,0.0,0.0,0.0,0,0.0
YKL034W,0.0,0.0,0.0,0,0.0
YER151C,0.0,0.0,0.0,0,0.0
YER152C,0.0,0.0,0.0,0,0.0
YJL107C,0.0,0.0,0.0,0,0.0
YER153C,0.0,0.0,0.0,0,0.0
YJL170C,0.0,0.0,0.0,0,0.0
YER154W,0.0,0.0,0.0,0,0.0
YOR121C,0.0,0.0,0.0,0,0.0
YHL031C,0.1388888888888889,2.0,2.9166666666666665,0,0.1388888888888889
YPR105C,0.5576285240464345,11.88034188034188,6.333333333333333,1,0.5576285240464345
YKL120W,0.0,0.0,0.0,0,0.0
YER159CA,0.0,0.0,0.0,0,0.0
YPR158WA,0.0,0.0,0.0,0,0.0
YJR052W,0.0,5.5,0.0,0,0.0
YER163C,0.0,0.0,0.0,0,0.0
YER167W,0.0,0.0,0.0,0,0.0
YGR229C,0.0,0.0,0.0,0,0.0
YER168C,0.0,0.0,0.0,1,0.0
YER169W,0.0,0.0,0.0,0,0.0
YPL071C,0.0,0.0,0.0,0,0.0
YER170W,0.0,0.0,0.0,0,0.0
YHR079CA,0.0,0.0,0.0,0,0.0
YPL194W,0.0,0.0,0.0,0,0.0
YER175C,0.0,0.0,0.0,0,0.0
YLR155C,0.20719424460431657,2.083333333333333,0.0,0,0.20719424460431657
YLR160C,0.20719424460431657,2.083333333333333,0.0,0,0.20719424460431657
YKL124W,0.0,0.0,0.0,0,0.0
YGL151W,0.04980192416525184,10.1,2.0,0,0.04980192416525184
YJL125C,0.0,0.0,0.0,1,0.0
YNL013C,0.0,0.0,0.0,0,0.0
YNR010W,0.04980192416525184,14.375,2.0,0,0.04980192416525184
YPR168W,0.04980192416525184,10.166666666666666,2.0,1,0.04980192416525184
YER180C,0.0,0.0,0.0,0,0.0
YER181C,0.0,0.0,0.0,0,0.0
YER184C,0.0,0.0,0.0,0,0.0
YER186C,0.0,0.0,0.0,0,0.0
YER188W,0.0,0.0,0.0,0,0.0
YFL005W,0.869233746130031,42.5,14.694444444444443,1,0.869233746130031
YNL272C,0.0,0.0,0.0,1,0.0
YFL006W,0.1449915824915825,2.0,0.0,0,0.1449915824915825
YFL007W,0.0,0.0,0.0,0,0.0
YOL115W,0.16847826086956522,0.4545454545454545,5.833333333333333,0,0.16847826086956522
YPR141C,0.6713595583160801,1.9,7.111111111111111,0,0.6713595583160801
YOL133W,0.0,8.0,0.0,1,0.0
YFL010C,0.0,0.0,0.0,0,0.0
YPL059W,0.26785714285714285,1.5555555555555556,6.0,0,0.26785714285714285
YPR054W,0.0,0.0,0.0,0,0.0
YFL011W,0.0,0.0,0.0,0,0.0
YFL012W,0.17601246105919002,2.023809523809524,0.0,0,0.17601246105919002
YPL111W,0.34868586533123,8.166666666666668,0.0,0,0.34868586533123
YFL013C,0.0,0.0,0.0,0,0.0
YJR045C,1.0746753246753247,2.05,5.5,1,1.0746753246753247
YKL189W,0.0,0.0,0.0,1,0.0
YJR051W,0.0,0.0,0.0,0,0.0
YOL058W,0.3055555555555556,18.25,0.0,0,0.3055555555555556
YFL020C,0.0,0.0,0.0,0,0.0
YGR072W,0.24358974358974358,0.0,4.5,0,0.24358974358974358
YFL021W,0.0,0.0,0.0,0,0.0
YLR068W,0.0,0.0,0.0,0,0.0
YLR060W,0.5833333333333333,0.0,2.0,1,0.5833333333333333
YPR047W,0.5833333333333333,0.0,2.0,0,0.5833333333333333
YLR243W,0.0,0.0,0.0,1,0.0
YFL026W,0.0,0.0,0.0,0,0.0
YGR141W,0.0,0.0,0.0,0,0.0
YKL195W,0.0,0.0,0.0,1,0.0
YPR161C,0.0,0.0,0.0,1,0.0
YFL030W,0.0,0.0,0.0,0,0.0
YIR016W,0.0,0.0,0.0,0,0.0
YFL035C,0.0,0.0,0.0,1,0.0
YFL036W,0.0,0.0,0.0,0,0.0
YMR228W,0.0,0.0,0.0,0,0.0
YOR265W,0.0,0.0,0.0,0,0.0
YGR080W,0.0,0.0,0.0,0,0.0
YIL138C,0.0,5.428571428571429,0.0,0,0.0
YOR122C,0.21536796536796535,2.0296052631578947,10.333333333333334,1,0.21536796536796535
YOR141C,0.0,0.0,0.0,0,0.0
YLR349W,0.0,0.0,0.0,0,0.0
YFL042C,0.0,0.0,0.0,0,0.0
YFL043C,0.0,0.0,0.0,0,0.0
YFL044C,0.0,0.0,0.0,0,0.0
YFL045C,0.0,0.0,0.0,1,0.0
YLR343W,0.0,0.0,0.0,0,0.0
YOL152W,0.0,0.0,0.0,0,0.0
YFL050C,0.0,0.0,0.0,0,0.0
YFL051C,0.0,0.0,0.0,0,0.0
YKL026C,0.0,0.0,0.0,0,0.0
YNL316C,0.0,0.0,0.0,0,0.0
YFL052W,0.0,0.0,0.0,0,0.0
YOR366W,0.0,0.0,0.0,0,0.0
YFL054C,0.0,0.0,0.0,0,0.0
YFL055W,0.0,0.0,0.0,0,0.0
YFL056C,0.0,0.0,0.0,0,0.0
YFL060C,0.9,6.5,0.0,0,0.9
YJL047C,0.0,0.0,0.0,0,0.0
YMR095C,0.9,4.1,0.0,0,0.9
YMR096W,2.1999999999999997,6.200000000000001,0.0,0,2.1999999999999997
YMR322C,0.9,2.9,0.0,0,0.9
YNL334C,0.25,0.0,0.0,0,0.0
YFL061W,0.0,0.0,0.0,0,0.0
YFL065C,0.0,0.0,0.0,0,0.0
YLR415C,0.0,0.0,0.0,0,0.0
YFL067W,0.0,0.0,0.0,0,0.0
YFL068W,0.0,0.0,0.0,0,0.0
YIL149C,0.0,0.0,0.0,0,0.0
YLR178C,0.43358395989974935,4.964285714285714,16.0,0,0.43358395989974935
YMR129W,0.8864468864468864,6.571428571428571,4.0,0,0.8864468864468864
YFR003C,0.0,1.25,0.0,1,0.0
YIL064W,0.0,0.0,0.0,0,0.0
YOR147W,0.0,0.0,0.0,0,0.0
YPR050C,0.0,0.0,0.0,0,0.0
YIR011C,0.0,0.0,0.0,1,0.0
YOR086C,0.3087263613579403,2.083333333333333,0.0,0,0.3087263613579403
YPR033C,0.0,0.0,0.0,1,0.0
YFR008W,0.31225815367606413,20.5,0.0,0,0.31225815367606413
YFR009W,0.0,0.0,0.0,0,0.0
YFR011C,0.0,0.0,0.0,0,0.0
YJL021C,0.0,0.0,0.0,0,0.0
YFR013W,0.0,0.0,0.0,0,0.0
YJL137C,0.30000000000000004,8.0,0.0,0,0.30000000000000004
YFR016C,0.0,0.0,0.0,0,0.0
YOR010C,0.0,0.0,0.0,0,0.0
YJL212C,0.0,0.0,0.0,0,0.0
YFR018C,0.0,0.0,0.0,0,0.0
YGR105W,0.0,0.0,0.0,0,0.0
YHR103W,0.0,0.0,0.0,0,0.0
YLR094C,0.0,0.0,0.0,0,0.0
YML059C,0.0,0.0,0.0,0,0.0
YNL242W,0.0,0.0,0.0,0,0.0
YFR024CA,0.0,0.0,0.0,0,0.0
YFR026C,0.0,0.0,0.0,0,0.0
YMR076C,0.0,0.0,0.0,1,0.0
YFR028C,0.7499435347261434,8.916666666666666,2.7,1,0.7499435347261434
YJR053W,0.26785714285714285,0.0,6.65,0,0.26785714285714285
YMR065W,0.18382352941176472,0.0,1.9444444444444444,0,0.18382352941176472
YOL001W,0.0,0.0,0.0,0,0.0
YJR031C,0.0,0.0,0.0,0,0.0
YML127W,0.0,0.0,0.0,1,0.0
YMR091C,0.0,0.0,0.0,0,0.0
YFR039C,0.0,0.0,0.0,0,0.0
YFR042W,0.0,0.0,0.0,1,0.0
YNR025C,0.0,0.0,0.0,0,0.0
YFR044C,0.0,0.0,0.0,0,0.0
YFR045W,0.0,0.0,0.0,0,0.0
YOL062C,0.30952380952380953,0.0,3.0,0,0.30952380952380953
YJL141C,0.0,5.4,0.0,0,0.0
YNL253W,0.0,0.0,0.0,0,0.0
YJR133W,0.0,0.0,0.0,0,0.0
YLR235C,0.0,0.0,0.0,0,0.0
YGL001C,0.0,0.0,0.0,1,0.0
YGL005C,0.0,0.0,0.0,0,0.0
YGL006W,0.0,0.0,0.0,0,0.0
YGL009C,0.0,0.0,0.0,0,0.0
YGL010W,0.0,0.0,0.0,0,0.0
YGL014W,0.0,0.0,0.0,1,0.0
YNL231C,0.0,0.0,0.0,0,0.0
YGL015C,0.0,0.0,0.0,0,0.0
YGL018C,0.0,0.0,0.0,1,0.0
YMR172W,0.0,0.0,0.0,0,0.0
YNL087W,0.0,0.0,0.0,0,0.0
YGL021W,0.0,0.0,0.0,0,0.0
YLR133W,0.0,0.0,0.0,0,0.0
YGL023C,0.0,0.0,0.0,0,0.0
YGL024W,0.0,0.0,0.0,0,0.0
YOL130W,0.0,0.0,0.0,1,0.0
YGL029W,0.0,0.0,0.0,1,0.0
YGL032C,0.0,0.0,0.0,0,0.0
YGR257C,0.0,0.0,0.0,0,0.0
YNR044W,0.0,0.0,0.0,0,0.0
YPL025C,0.0,0.0,0.0,0,0.0
YML124C,0.12955465587044535,0.0,0.0,0,0.0
YGL037C,0.023104852018923976,4.888888888888889,2.0,0,0.023104852018923976
YGL040C,0.023104852018923976,16.0,0.0,1,0.023104852018923976
YGL042C,0.0,0.0,0.0,0,0.0
YJR030C,0.0,0.0,0.0,0,0.0
YGR004W,0.4583333333333333,0.0,2.9166666666666665,0,0.4583333333333333
YGL046W,0.0,0.0,0.0,0,0.0
YGL047W,0.0,0.0,0.0,1,0.0
YGR184C,0.13962921488117458,10.666666666666666,0.0,0,0.13962921488117458
YGL050W,0.0,0.0,0.0,0,0.0
YGL053W,0.0,0.0,0.0,0,0.0
YJL134W,0.0,0.0,0.0,0,0.0
YOL107W,0.0,0.0,0.0,0,0.0
YGL054C,0.0,0.0,0.0,0,0.0
YLL043W,0.0,0.0,0.0,0,0.0
YKL153W,0.0,0.0,0.0,1,0.0
YOL080C,0.0,0.0,0.0,0,0.0
YGL060W,0.0,0.0,0.0,0,0.0
YIR004W,0.0,0.0,0.0,1,0.0
YJL179W,0.0,0.0,0.0,0,0.0
YGR094W,0.0,0.0,0.0,1,0.0
YGL069C,0.0,0.0,0.0,1,0.0
YJL182C,0.0,0.0,0.0,0,0.0
YJR162C,0.0,0.0,0.0,0,0.0
YKL036C,0.0,0.0,0.0,1,0.0
YKL086W,0.0,0.0,0.0,0,0.0
YKL190W,0.0,3.7777777777777777,0.0,0,0.0
YGL073W,0.0,0.0,0.0,1,0.0
YGL083W,0.0,0.0,0.0,0,0.0
YMR264W,0.0,0.0,0.0,0,0.0
YGL084C,0.0,0.0,0.0,1,0.0
YLR308W,0.0,0.0,0.0,0,0.0
YHR036W,0.0,0.0,0.0,1,0.0
YPR111W,0.0,0.0,0.0,1,0.0
YGL093W,0.0,0.0,0.0,1,0.0
YGL094C,0.0,0.0,0.0,0,0.0
YOR364W,0.0,0.0,0.0,0,0.0
YGL102C,0.0,0.0,0.0,1,0.0
YHR194W,0.0,0.0,0.0,0,0.0
YGL105W,0.0,0.0,0.0,0,0.0
YKL205W,0.14215686274509803,5.9,8.125,1,0.14215686274509803
YNL016W,0.0,0.0,0.0,0,0.0
YOR220W,0.0,0.0,0.0,0,0.0
YGL113W,0.0,0.0,0.0,1,0.0
YPR194C,0.0,0.0,0.0,0,0.0
YJL114W,0.0,0.0,0.0,0,0.0
YML110C,0.0,0.0,0.0,0,0.0
YMR291W,0.0,5.6,0.0,0,0.0
YGL119W,0.0,0.0,0.0,0,0.0
YGR161C,0.0,0.0,0.0,0,0.0
YIL092W,0.0,0.0,0.0,0,0.0
YGL124C,0.0,0.0,0.0,0,0.0
YKL025C,0.0,0.0,0.0,0,0.0
YGL126W,0.0,0.0,0.0,0,0.0
YGL157W,0.0,0.0,0.0,0,0.0
YHR130C,0.0,0.0,0.0,0,0.0
YIL025C,0.0,0.0,0.0,0,0.0
YIL031W,0.0,0.0,0.0,1,0.0
YJL032W,0.0,0.0,0.0,1,0.0
YKL137W,0.0,0.0,0.0,0,0.0
YLR019W,0.0,7.6,0.0,0,0.0
YLR108C,0.06894687252403692,91.0,13.333333333333334,0,0.06894687252403692
YML133C,0.0,0.0,0.0,0,0.0
YMR202W,0.0,0.0,0.0,0,0.0
YNR028W,0.0,0.0,0.0,0,0.0
YOL016C,0.0,0.0,0.0,0,0.0
YOR162C,0.0,0.0,0.0,0,0.0
YOR289W,0.0,0.0,0.0,0,0.0
YOR377W,0.0,0.0,0.0,0,0.0
YPL064C,0.0,0.0,0.0,0,0.0
YOR054C,0.0,0.0,0.0,0,0.0
YGL138C,0.0,0.0,0.0,0,0.0
YGL139W,0.0,0.0,0.0,0,0.0
YGL145W,0.0,0.0,0.0,1,0.0
YGL148W,0.0,0.0,0.0,0,0.0
YGL150C,0.0,0.0,0.0,1,0.0
YLR284C,0.3677489177489177,7.666666666666666,9.333333333333334,0,0.3677489177489177
YOL105C,0.0,0.0,0.0,0,0.0
YGL254W,0.0,0.0,0.0,0,0.0
YGL155W,0.0,0.0,0.0,1,0.0
YGL156W,0.1588235294117647,1.1666666666666667,1.5,0,0.1588235294117647
YNR064C,0.0,0.0,0.0,0,0.0
YGL210W,0.21145510835913311,0.0,6.5,0,0.21145510835913311
YNL093W,0.7062435500515996,12.214285714285715,15.916666666666668,0,0.7062435500515996
YNL304W,0.21145510835913311,0.0,3.25,0,0.21145510835913311
YGL165C,0.0,0.0,0.0,0,0.0
YGL166W,0.0,0.0,0.0,1,0.0
YJL154C,2.1,4.285714285714286,8.0,0,2.1
YLL028W,0.0,0.0,0.0,0,0.0
YML006C,0.0,0.0,0.0,0,0.0
YGL168W,0.0,0.0,0.0,0,0.0
YLL024C,0.33814547101072856,6.392765567765569,8.527777777777779,0,0.33814547101072856
YGL177W,0.0,0.0,0.0,0,0.0
YGL180W,0.0,0.0,0.0,1,0.0
YML112W,0.0,3.333333333333333,0.0,0,0.0
YGR241C,0.06634974809036243,0.0,0.0,0,0.0
YIL010W,0.0,0.0,0.0,0,0.0
YIL057C,0.0,0.0,0.0,0,0.0
YIL122W,0.0,0.0,0.0,0,0.0
YLL019C,0.0,0.0,0.0,0,0.0
YNR068C,0.0,0.0,0.0,0,0.0
YOR331C,0.0,0.0,0.0,0,0.0
YOR384W,0.0,0.0,0.0,0,0.0
YPL156C,0.0,0.0,0.0,0,0.0
YPL188W,0.0,0.0,0.0,0,0.0
YGL183C,0.0,0.0,0.0,0,0.0
YGL184C,0.0,0.0,0.0,0,0.0
YGL194C,0.0,0.0,0.0,0,0.0
YMR215W,0.0,0.0,0.0,0,0.0
YGL202W,0.0,0.0,0.0,0,0.0
YGL204C,0.0,0.0,0.0,0,0.0
YMR209C,0.0,0.0,0.0,0,0.0
YML069W,0.17692307692307693,0.0,2.25,1,0.17692307692307693
YGL208W,0.0,0.0,0.0,0,0.0
YMR053C,0.65,50.0,0.0,0,0.65
YHL022C,0.0,0.0,0.0,0,0.0
YGL214W,0.0,0.0,0.0,0,0.0
YGL215W,0.0,0.0,0.0,0,0.0
YGL217C,0.0,0.0,0.0,0,0.0
YGL220W,0.0,0.0,0.0,0,0.0
YGL221C,0.0,38.0,0.0,0,0.0
YGL222C,0.0,0.0,0.0,0,0.0
YGL225W,0.0,0.0,0.0,1,0.0
YGL226W,0.0,0.0,0.0,0,0.0
YJL178C,0.0,0.0,0.0,0,0.0
YJL211C,0.0,0.0,0.0,0,0.0
YOR062C,0.10671140939597316,3.633333333333333,0.0,0,0.10671140939597316
YKL110C,0.5833333333333333,1.6,2.0,0,0.5833333333333333
YOR161C,0.0,0.0,0.0,0,0.0
YGL234W,0.0,0.0,0.0,0,0.0
YOR298W,0.0,0.0,0.0,0,0.0
YGL235W,0.0,0.0,0.0,0,0.0
YLR407W,0.0,0.0,0.0,0,0.0
YGL236C,0.0,0.0,0.0,1,0.0
YPL179W,0.0,0.0,0.0,0,0.0
YGL238W,0.0,0.0,0.0,1,0.0
YGL242C,0.0,0.0,0.0,0,0.0
YGL244W,0.0,0.0,0.0,0,0.0
YKL098W,0.0,0.0,0.0,0,0.0
YMR068W,0.26785714285714285,3.5,1.5,0,0.26785714285714285
YHR215W,0.0,0.0,0.0,0,0.0
YGL256W,0.0,0.0,0.0,0,0.0
YLR146C,0.0,0.0,0.0,0,0.0
YGL258W,0.0,0.0,0.0,0,0.0
YGL259W,0.0,0.0,0.0,0,0.0
YJR020W,0.0,0.0,0.0,0,0.0
YGR003W,0.0,0.0,0.0,0,0.0
YLR297W,0.0,0.0,0.0,0,0.0
YMR183C,0.0,0.0,0.0,0,0.0
YGR010W,0.45115585384041756,14.5,9.833333333333332,0,0.45115585384041756
YIL009W,0.0,0.0,0.0,0,0.0
YGR016W,0.0,0.0,0.0,0,0.0
YGR017W,0.0,0.0,0.0,0,0.0
YLR403W,0.0,4.5,0.0,1,0.0
YGR021W,0.0,0.0,0.0,0,0.0
YGR023W,0.0,0.0,0.0,0,0.0
YLR460C,0.0,0.0,0.0,0,0.0
YGR024C,0.0,13.333333333333334,0.0,1,0.0
YIL082W,0.0,0.0,0.0,0,0.0
YPL110C,0.0,0.0,0.0,0,0.0
YGR026W,0.0,0.0,0.0,0,0.0
YGR031W,0.0,0.0,0.0,0,0.0
YGR035C,0.031584488506755576,2.033333333333333,0.0,0,0.031584488506755576
YOR031W,0.0,0.0,0.0,0,0.0
YOR118W,0.0,0.0,0.0,0,0.0
YGR041W,0.0,0.0,0.0,0,0.0
YPL251W,0.0,0.0,0.0,1,0.0
YGR042W,0.0,0.0,0.0,0,0.0
YGR045C,0.0,0.0,0.0,0,0.0
YOR271C,0.0,0.0,0.0,1,0.0
YGR046W,0.0,0.0,0.0,1,0.0
YLR257W,0.0,0.0,0.0,0,0.0
YHRS03C,0.0,0.0,0.0,0,0.0
YPL222W,0.0,0.0,0.0,0,0.0
YGR052W,0.0,0.0,0.0,0,0.0
YJL086C,0.0,0.0,0.0,1,0.0
YPL060W,0.0,0.0,0.0,0,0.0
YGR053C,0.0,0.0,0.0,0,0.0
YOR097C,0.0,0.0,0.0,0,0.0
YGR059W,0.0,0.0,0.0,0,0.0
YJL202C,0.0,0.0,0.0,1,0.0
YGR064W,0.0,0.0,0.0,0,0.0
YGR065C,0.0,0.0,0.0,1,0.0
YJL199C,0.11669071669071669,4.533333333333333,0.0,0,0.11669071669071669
YGR071C,0.0,0.0,0.0,0,0.0
YHR109W,0.0,0.0,0.0,0,0.0
YIL008W,0.0,0.0,0.0,0,0.0
YKL149C,0.0,0.0,0.0,0,0.0
YGR073C,0.0,0.0,0.0,1,0.0
YML119W,0.0,0.0,0.0,0,0.0
YKL183W,0.0,0.0,0.0,0,0.0
YKL188C,0.0,0.0,0.0,0,0.0
YLR440C,0.0,0.0,0.0,1,0.0
YGR079W,0.0,0.0,0.0,0,0.0
YNL081C,0.0,0.0,0.0,0,0.0
YHR117W,6.153282828282828,42.5,6.0,0,6.153282828282828
YMR060C,6.278282828282828,19.93809523809524,0.0,0,6.278282828282828
YMR203W,5.672727272727273,34.83333333333333,7.0,1,5.672727272727273
YNL121C,6.153282828282828,18.500000000000004,6.0,0,6.153282828282828
YNL131W,6.072727272727272,24.516666666666666,7.0,1,6.072727272727272
YPR133WA,6.278282828282828,19.93809523809524,0.0,0,6.278282828282828
YGR251W,0.0,0.0,0.0,1,0.0
YPL004C,0.0,0.0,0.0,0,0.0
YPR030W,0.0,0.0,0.0,0,0.0
YGR088W,0.0,0.0,0.0,0,0.0
YHL010C,0.0,0.0,0.0,0,0.0
YLR086W,0.2124467178175618,1.0,2.0,1,0.2124467178175618
YKL116C,0.0,0.0,0.0,0,0.0
YGR100W,0.0,0.0,0.0,0,0.0
YGR101W,0.0,0.0,0.0,0,0.0
YJL213W,0.0,0.0,0.0,0,0.0
YPL009C,0.0,0.0,0.0,0,0.0
YGR110W,0.0,0.0,0.0,0,0.0
YOL151W,0.0,0.0,0.0,0,0.0
YJL064W,0.0,0.0,0.0,0,0.0
YLR329W,0.0,0.0,0.0,0,0.0
YPR045C,0.0,0.0,0.0,0,0.0
YGR115C,0.0,0.0,0.0,1,0.0
YPR083W,0.11722488038277512,3.333333333333333,0.0,0,0.11722488038277512
YOR353C,0.0,2.333333333333333,0.0,1,0.0
YGR122W,0.0,0.0,0.0,0,0.0
YMR008C,0.0,0.0,0.0,0,0.0
YNL011C,0.0,0.0,0.0,0,0.0
YGR126W,0.0,0.0,0.0,0,0.0
YGR133W,0.0,0.0,0.0,0,0.0
YIL108W,0.0,0.0,0.0,0,0.0
YMR265C,0.0,0.0,0.0,0,0.0
YGR142W,0.0,0.0,0.0,0,0.0
YNL141W,0.0,0.0,0.0,0,0.0
YGR143W,0.5,2.0,4.0,0,0.5
YIL121W,0.0,0.0,0.0,0,0.0
YGR149W,0.0,0.0,0.0,0,0.0
YNL219C,0.0,0.0,0.0,0,0.0
YGR153W,0.0,0.0,0.0,0,0.0
YPR121W,0.0,0.0,0.0,0,0.0
YMR260C,0.0,0.0,0.0,1,0.0
YMR300C,0.0,0.0,0.0,0,0.0
YGR192C,0.3810457516339869,0.0,6.916666666666666,0,0.3810457516339869
YGR163W,0.5,2.230769230769231,2.0,0,0.5
YML121W,0.3333333333333333,8.5,2.0,0,0.3333333333333333
YPL265W,0.0,0.0,0.0,0,0.0
YGR166W,0.12841296928327645,0.0,0.0,0,0.0
YGR168C,0.0,0.0,0.0,0,0.0
YGR177C,0.0,0.0,0.0,0,0.0
YGR174C,0.0,0.0,0.0,0,0.0
YHR121W,0.0,0.0,0.0,0,0.0
YJL035C,0.0,0.0,0.0,1,0.0
YJR135WA,0.625,2.033333333333333,0.0,0,0.625
YPL066W,0.0,0.0,0.0,0,0.0
YPL177C,0.0,0.0,0.0,0,0.0
YGR185C,0.0,0.0,0.0,1,0.0
YGR188C,0.0,0.0,0.0,0,0.0
YGR191W,0.0,0.0,0.0,1,0.0
YLR283W,0.0,0.0,0.0,0,0.0
YGR282C,0.0,0.0,0.0,0,0.0
YJR009C,0.2222222222222222,0.0,5.833333333333333,0,0.2222222222222222
YNL037C,0.6983516483516483,4.354761904761904,12.5,0,0.6983516483516483
YGR200C,1.7055555555555557,3.742857142857143,4.0,0,1.7055555555555557
YMR312W,1.4222222222222223,2.017857142857143,4.0,0,1.4222222222222223
YPL086C,2.0722222222222224,1.875,5.0,0,2.0722222222222224
YGR208W,0.0,0.0,0.0,0,0.0
YKL177W,0.0,0.0,0.0,0,0.0
YGR211W,0.0,0.0,0.0,1,0.0
YGR213C,0.0,0.0,0.0,0,0.0
YHR082C,0.0,0.0,0.0,1,0.0
YHR108W,0.0,0.0,0.0,0,0.0
YJR061W,0.0,0.0,0.0,0,0.0
YJR134C,0.023660561938346036,10.0,7.583333333333333,0,0.023660561938346036
YLL060C,0.0,0.0,0.0,0,0.0
YML117W,0.0,0.0,0.0,0,0.0
YML120C,0.0,0.0,0.0,0,0.0
YMR180C,0.0,0.0,0.0,0,0.0
YNL164C,0.0,0.0,0.0,0,0.0
YOR177C,0.0,0.0,0.0,0,0.0
YOR184W,0.0,0.0,0.0,0,0.0
YOR329C,0.023660561938346036,0.0,7.583333333333333,1,0.023660561938346036
YPL056C,0.0,0.0,0.0,0,0.0
YNR045W,0.0,0.0,0.0,0,0.0
YGR223C,0.0,0.0,0.0,0,0.0
YGR225W,0.0,0.0,0.0,0,0.0
YGR228W,0.0,0.0,0.0,0,0.0
YGR233C,0.0,0.0,0.0,0,0.0
YML028W,0.5833333333333333,2.225,0.6666666666666666,0,0.5833333333333333
YPL106C,0.5833333333333333,0.625,9.333333333333334,0,0.5833333333333333
YGR236C,0.0,0.0,0.0,0,0.0
YGR238C,0.0,0.0,0.0,0,0.0
YMR267W,0.0,0.0,0.0,0,0.0
YOR389W,0.0,0.0,0.0,0,0.0
YOR100C,0.0,0.0,0.0,0,0.0
YPL037C,0.0,0.0,0.0,0,0.0
YNL183C,0.0,0.0,0.0,0,0.0
YGR244C,0.0,0.0,0.0,1,0.0
YOL063C,0.0,0.0,0.0,0,0.0
YKL201C,0.0,0.0,0.0,0,0.0
YOR225W,0.0,0.0,0.0,0,0.0
YNR036C,0.0,0.0,0.0,0,0.0
YGR259C,0.0,0.0,0.0,0,0.0
YOR301W,0.0,0.0,0.0,0,0.0
YJR058C,1.2857142857142858,0.0,6.277777777777778,0,1.2857142857142858
YGR263C,0.0,0.0,0.0,0,0.0
YGR267C,0.023104852018923976,0.0,0.0,1,0.0
YPL003W,0.0,2.0,0.0,0,0.0
YOR124C,0.0,0.0,0.0,0,0.0
YGR275W,0.0,0.0,0.0,0,0.0
YML115C,0.0,0.0,0.0,0,0.0
YGR276C,0.0,0.0,0.0,0,0.0
YNR015W,0.0,0.0,0.0,0,0.0
YGR280C,0.0,0.0,0.0,1,0.0
YMR102C,0.0,0.0,0.0,0,0.0
YGR281W,0.0,0.0,0.0,0,0.0
YGR283C,0.0,0.0,0.0,0,0.0
YGR291C,0.0,0.0,0.0,0,0.0
YLR054C,0.0,0.0,0.0,0,0.0
YGR294W,0.0,0.0,0.0,1,0.0
YHL018W,0.07037037037037036,2.033333333333333,0.0,0,0.07037037037037036
YGR296W,0.0,0.0,0.0,0,0.0
YIL156W,0.28622655195361724,0.0,11.333333333333334,0,0.28622655195361724
YNL015W,0.0,0.0,0.0,0,0.0
YNR005C,0.0,0.0,0.0,0,0.0
YHL003C,0.6666666666666666,0.8333333333333334,2.0,0,0.6666666666666666
YKL008C,0.6666666666666666,2.033333333333333,2.0,0,0.6666666666666666
YLR046C,0.0,0.0,0.0,0,0.0
YHL009C,0.013422818791946308,10.0,3.7916666666666665,0,0.013422818791946308
YHL009WA,0.0,0.0,0.0,0,0.0
YLL031C,0.0,0.0,0.0,1,0.0
YOR350C,0.0,0.0,0.0,0,0.0
YHL017W,0.0,0.0,0.0,0,0.0
YOR107W,0.0,0.0,0.0,0,0.0
YMR234W,0.0,0.0,0.0,0,0.0
YHL026C,0.0,0.0,0.0,0,0.0
YHL027W,0.0,0.0,0.0,0,0.0
YJL056C,0.0,0.0,0.0,0,0.0
YOR275C,0.30952380952380953,8.4,4.5,0,0.30952380952380953
YIL009CA,0.6111111111111112,0.0,0.0,0,0.0
YHL036W,0.0,0.0,0.0,0,0.0
YPR163C,0.41438848920863314,1.5,0.0,0,0.41438848920863314
YHL043W,0.0,0.0,0.0,0,0.0
YKR035C,0.0,0.0,0.0,0,0.0
YHL046C,0.0,0.0,0.0,0,0.0
YHL048W,0.0,0.0,0.0,0,0.0
YKL079W,0.0,0.0,0.0,0,0.0
YHL049C,0.0,0.0,0.0,0,0.0
YOL099C,0.0,0.0,0.0,0,0.0
YMR069W,0.0,0.0,0.0,0,0.0
YOL034W,0.0,0.0,0.0,1,0.0
YHR009C,0.0,0.0,0.0,1,0.0
YHR011W,0.0,0.0,0.0,0,0.0
YPR004C,0.0,0.0,0.0,0,0.0
YHR012W,1.2333333333333334,4.8,0.0,0,1.2333333333333334
YOR069W,1.9,11.114285714285714,4.0625,0,1.9
YHR014W,0.0,0.0,0.0,1,0.0
YHR185C,0.0,0.0,0.0,0,0.0
YHR015W,0.0,0.0,0.0,0,0.0
YIL028W,0.0,0.0,0.0,0,0.0
YHR024C,0.0,0.0,0.0,1,0.0
YLR163C,0.0,0.0,0.0,1,0.0
YHR025W,0.0,9.5,0.0,0,0.0
YOR374W,0.0724009900990099,0.0,4.5,0,0.0724009900990099
YLR346C,0.0,0.0,0.0,0,0.0
YLR350W,0.0,0.0,0.0,0,0.0
YOR208W,0.0,0.0,0.0,0,0.0
YPL140C,0.13392857142857142,2.033333333333333,0.0,0,0.13392857142857142
YHR035W,0.0,0.0,0.0,0,0.0
YLL013C,0.0,0.0,0.0,0,0.0
YHR038W,0.0,0.0,0.0,0,0.0
YHR040W,0.0,0.0,0.0,1,0.0
YJL015C,0.0,0.0,0.0,1,0.0
YLR164W,0.0,0.0,0.0,0,0.0
YLR309C,0.0,0.0,0.0,0,0.0
YOR073W,0.0,0.0,0.0,0,0.0
YPR203W,0.0,0.0,0.0,0,0.0
YHR043C,0.0,0.0,0.0,0,0.0
YHR044C,0.0,0.0,0.0,0,0.0
YHR045W,0.0,0.0,0.0,0,0.0
YHR047C,0.0,0.0,0.0,0,0.0
YHR049W,0.0,0.0,0.0,0,0.0
YHR050W,0.0,0.0,0.0,0,0.0
YKR089C,0.0,0.0,0.0,0,0.0
YHR053C,0.0,0.0,0.0,0,0.0
YHR055C,0.0,0.0,0.0,0,0.0
YKL119C,0.1736111111111111,1.0,0.0,0,0.1736111111111111
YPL019C,0.0,0.0,0.0,0,0.0
YHR063C,0.0,0.0,0.0,0,0.0
YHR067W,0.0,0.0,0.0,0,0.0
YHR068W,0.13171140939597314,2.9,0.0,1,0.13171140939597314
YHR070W,0.0,0.0,0.0,1,0.0
YHR071W,0.0,0.0,0.0,0,0.0
YHR073W,0.0,0.6153846153846154,0.0,0,0.0
YHR074W,0.0,0.0,0.0,1,0.0
YLR356W,0.0,0.0,0.0,0,0.0
YMR257C,0.0,0.0,0.0,0,0.0
YHR087W,0.0,0.0,0.0,0,0.0
YHR090C,0.0,0.0,0.0,0,0.0
YHR091C,0.0,0.0,0.0,0,0.0
YOL088C,0.0,0.0,0.0,0,0.0
YHR094C,0.0,0.0,0.0,0,0.0
YHR096C,0.0,0.0,0.0,0,0.0
YJR048W,0.0,0.0,0.0,0,0.0
YLR365W,0.0,0.0,0.0,0,0.0
YPL018W,0.0,0.0,0.0,0,0.0
YHR106W,0.0,0.0,0.0,0,0.0
YMR198W,0.2095238095238095,6.666666666666666,1.9444444444444444,1,0.2095238095238095
YPL241C,0.0,0.0,0.0,0,0.0
YJL010C,0.0,0.0,0.0,1,0.0
YHR111W,0.0,3.571428571428572,0.0,0,0.0
YHR112C,0.0,0.0,0.0,0,0.0
YPR145W,0.0,0.0,0.0,0,0.0
YHR133C,0.0,0.0,0.0,0,0.0
YJL012C,0.0,0.0,0.0,1,0.0
YJL174W,0.0,0.0,0.0,1,0.0
YKL157W,0.0,0.0,0.0,0,0.0
YKR032W,0.0,0.0,0.0,0,0.0
YLL054C,0.0,0.0,0.0,0,0.0
YLR112W,0.0,0.0,0.0,0,0.0
YLR136C,0.0,0.0,0.0,0,0.0
YLR461W,0.0,0.0,0.0,0,0.0
YML131W,0.0,0.0,0.0,0,0.0
YOL002C,0.0,0.0,0.0,0,0.0
YOR175C,0.0,0.0,0.0,0,0.0
YPR094W,0.0,0.0,0.0,1,0.0
YLR215C,0.0,0.0,0.0,1,0.0
YOR215C,0.0,0.0,0.0,0,0.0
YOR323C,0.0,0.0,0.0,0,0.0
YHR127W,0.0,0.0,0.0,0,0.0
YLR056W,0.028381642512077296,2.0,1.0,0,0.028381642512077296
YJR008W,0.0,0.0,0.0,0,0.0
YHR132C,0.0,0.0,0.0,0,0.0
YNL291C,0.0,0.0,0.0,0,0.0
YHR136C,0.0,0.0,0.0,0,0.0
YMR246W,0.0,6.0,0.0,0,0.0
YMR152W,0.0,0.0,0.0,0,0.0
YHR138C,0.0,0.0,0.0,0,0.0
YJL131C,0.0,0.0,0.0,0,0.0
YKL127W,0.0,0.0,0.0,0,0.0
YHR144C,0.0,0.0,0.0,0,0.0
YHR149C,0.15948275862068967,3.1666666666666665,0.0,0,0.15948275862068967
YHR151C,0.0,0.0,0.0,0,0.0
YNL193W,0.0,0.0,0.0,0,0.0
YLR016C,0.0,4.5,0.0,0,0.0
YLR132C,0.0,0.0,0.0,1,0.0
YOR173W,0.0,0.0,0.0,0,0.0
YHR156C,0.0,0.0,0.0,0,0.0
YJR010W,0.0,2.5,0.0,0,0.0
YHR159W,0.0,0.0,0.0,0,0.0
YKR044W,0.0,0.0,0.0,0,0.0
YLR451W,0.0,0.0,0.0,0,0.0
YHR167W,0.0,0.0,0.0,0,0.0
YNL260C,0.0,2.0,0.0,1,0.0
YKL075C,0.0,0.0,0.0,0,0.0
YKL134C,0.0,0.0,0.0,0,0.0
YNL212W,0.0,0.0,0.0,0,0.0
YNL255C,0.0,0.0,0.0,0,0.0
YIL091C,0.0,0.0,0.0,1,0.0
YPR053C,0.0,0.0,0.0,0,0.0
YHR175W,0.0,0.0,0.0,0,0.0
YMR020W,0.0,0.0,0.0,0,0.0
YNL175C,0.0,0.0,0.0,0,0.0
YHR182W,0.0,0.0,0.0,0,0.0
YHR186C,0.0,0.0,0.0,1,0.0
YHR187W,0.0,0.0,0.0,0,0.0
YHR190W,0.0,0.0,0.0,1,0.0
YHR198C,0.0,0.0,0.0,0,0.0
YKR029C,0.0,0.0,0.0,0,0.0
YHR199C,0.0,4.0,0.0,0,0.0
YNL095C,0.0,0.0,0.0,0,0.0
YHR201C,0.0,0.0,0.0,0,0.0
YNL034W,0.03508771929824561,0.0,0.0,0,0.0
YPL258C,0.0,0.0,0.0,0,0.0
YHR209W,0.0,0.0,0.0,0,0.0
YHR211W,0.0,0.0,0.0,0,0.0
YOR360C,0.0,0.0,0.0,0,0.0
YHR212C,0.0,0.0,0.0,0,0.0
YHR214W,0.0,0.0,0.0,0,0.0
YLR088W,0.0,0.0,0.0,1,0.0
YIL001W,0.0,0.0,0.0,0,0.0
YIL002C,0.0,0.0,0.0,0,0.0
YIL005W,0.016122816032887975,2.1666666666666665,2.25,0,0.016122816032887975
YLR318W,0.6111111111111112,0.0,0.0,0,0.0
YIL011W,0.0,0.0,0.0,0,0.0
YIL014W,0.0,0.0,0.0,0,0.0
YIL016W,0.0,0.0,0.0,0,0.0
YMR222C,0.0,0.0,0.0,0,0.0
YIL019W,0.0,0.0,0.0,1,0.0
YIL020C,0.0,0.0,0.0,0,0.0
YIL023C,0.0,0.0,0.0,0,0.0
YMR104C,0.0,1.3333333333333333,0.0,0,0.0
YIL024C,0.0,0.0,0.0,0,0.0
YOR352W,0.0,0.0,0.0,0,0.0
YMR313C,0.0,0.0,0.0,0,0.0
YIL032C,0.0,0.0,0.0,0,0.0
YJL164C,0.4583333333333333,8.0,0.0,1,0.4583333333333333
YMR022W,0.0,6.571428571428571,0.0,0,0.0
YPL203W,0.4583333333333333,2.4333333333333336,0.0,1,0.4583333333333333
YIL042C,0.0,0.0,0.0,0,0.0
YNL245C,0.0,0.0,0.0,1,0.0
YIL047C,0.0,0.0,0.0,0,0.0
YIL051C,0.0,0.0,0.0,1,0.0
YIL053W,0.0,0.0,0.0,0,0.0
YIL054W,0.0,0.0,0.0,0,0.0
YIL055C,0.0,0.0,0.0,0,0.0
YIL060W,0.0,0.0,0.0,0,0.0
YLR017W,0.0,0.0,0.0,0,0.0
YLR213C,0.0,0.0,0.0,0,0.0
YMR044W,0.0,0.0,0.0,0,0.0
YNR016C,0.0,0.0,0.0,1,0.0
YOR346W,0.0,0.0,0.0,0,0.0
YIL065C,0.0,0.0,0.0,0,0.0
YJL112W,0.0,0.0,0.0,0,0.0
YNL311C,0.0,0.0,0.0,0,0.0
YIL085C,0.0,0.0,0.0,0,0.0
YIL086C,0.0,0.0,0.0,0,0.0
YNR040W,0.0,0.0,0.0,0,0.0
YIL096C,0.0,0.0,0.0,0,0.0
YIL097W,0.0,0.0,0.0,0,0.0
YPL227C,0.0,0.0,0.0,0,0.0
YIL098C,0.0,0.0,0.0,0,0.0
YIL103W,0.0,0.0,0.0,0,0.0
YKL191W,0.0,0.0,0.0,0,0.0
YNL326C,0.0,0.0,0.0,0,0.0
YNL161W,0.0,0.9333333333333332,0.0,1,0.0
YOR032C,0.0,0.0,0.0,0,0.0
YPL187W,0.4666666666666667,0.0,0.0,0,0.0
YIL113W,0.0,0.0,0.0,0,0.0
YIL117C,0.0,0.0,0.0,0,0.0
YOL116W,0.0,0.0,0.0,0,0.0
YLR114C,0.0,0.0,0.0,0,0.0
YIL119C,0.0,0.0,0.0,0,0.0
YIL124W,0.0,0.0,0.0,0,0.0
YPL191C,0.0,0.0,0.0,0,0.0
YIL130W,0.0,0.0,0.0,0,0.0
YIL137C,0.0,0.0,0.0,1,0.0
YIL139C,0.0,0.0,0.0,0,0.0
YPL167C,0.0,0.0,0.0,0,0.0
YPL260W,0.0,0.0,0.0,0,0.0
YOR142WA,0.0,0.0,0.0,0,0.0
YIL153W,0.0,0.0,0.0,0,0.0
YOL044W,0.0,0.0,0.0,0,0.0
YIL157C,0.0,0.0,0.0,0,0.0
YIL158W,0.0,0.0,0.0,0,0.0
YLL016W,0.17777777777777776,0.0,0.0,0,0.0
YIL163C,0.0,0.0,0.0,0,0.0
YIL173W,0.0,0.0,0.0,0,0.0
YIL174W,0.0,0.0,0.0,0,0.0
YMR057C,0.0,0.0,0.0,0,0.0
YLR067C,0.0508578431372549,2.0,1.0,0,0.0508578431372549
YNL036W,0.0,0.0,0.0,1,0.0
YNL165W,0.0,0.0,0.0,0,0.0
YOR011W,0.0,0.0,0.0,0,0.0
YIR010W,0.0,0.0,0.0,1,0.0
YLR202C,0.0,0.0,0.0,0,0.0
YJR004C,0.0,0.0,0.0,0,0.0
YIR013C,0.0,0.0,0.0,0,0.0
YJL102W,0.0,0.0,0.0,0,0.0
YLR437C,0.0,0.0,0.0,0,0.0
YIR022W,0.45,0.0,0.0,1,0.0
YJR010CA,0.45,0.0,0.0,0,0.0
YIR023W,0.6428571428571428,0.4,0.0,0,0.4
YNL314W,0.6428571428571428,11.5,0.0,0,0.6428571428571428
YIR025W,0.0,0.0,0.0,0,0.0
YIR027C,0.0,0.0,0.0,0,0.0
YIR032C,0.0,0.0,0.0,0,0.0
YIR035C,0.0,0.0,0.0,0,0.0
YIR036C,0.0,0.0,0.0,0,0.0
YIR037W,0.0,0.0,0.0,0,0.0
YML048W,0.0,0.0,0.0,0,0.0
YIR042C,0.0,0.0,0.0,0,0.0
YJL006C,0.0,0.0,0.0,0,0.0
YJL019W,0.0,0.0,0.0,1,0.0
YOR081C,0.0,0.0,0.0,0,0.0
YJL024C,0.3666666666666667,0.0,2.0,0,0.3666666666666667
YJL029C,0.0,0.0,0.0,0,0.0
YJL034W,0.0,0.0,0.0,1,0.0
YMR214W,0.0,0.0,0.0,0,0.0
YMR297W,0.0,0.0,0.0,0,0.0
YLR316C,0.0,0.0,0.0,1,0.0
YJL044C,0.0,3.0,0.0,0,0.0
YPL207W,0.0,0.0,0.0,1,0.0
YJL045W,0.0,0.0,0.0,0,0.0
YJL048C,0.0,0.0,0.0,0,0.0
YJL052W,0.0,0.0,0.0,0,0.0
YOR132W,1.2333333333333334,2.0,4.0625,0,1.2333333333333334
YJL055W,0.0,0.0,0.0,0,0.0
YJL057C,0.3717948717948718,2.6095238095238096,0.0,0,0.3717948717948718
YJL059W,0.0,0.0,0.0,0,0.0
YJL143W,0.5027777777777778,3.666666666666667,4.0,1,0.5027777777777778
YNR029C,0.0,0.0,0.0,0,0.0
YJL066C,0.0,0.0,0.0,0,0.0
YJL067W,0.0,0.0,0.0,0,0.0
YJL078C,0.0,0.0,0.0,0,0.0
YJL079C,0.0,0.0,0.0,0,0.0
YPR069C,0.0,0.0,0.0,0,0.0
YJL082W,0.0,0.0,0.0,0,0.0
YLR014C,0.0,3.75,0.0,0,0.0
YJL087C,0.0,0.0,0.0,1,0.0
YMR280C,0.0,4.571428571428571,0.0,0,0.0
YJL094C,0.0,0.0,0.0,0,0.0
YLR193C,0.0,0.0,0.0,0,0.0
YPL084W,0.0,0.0,0.0,0,0.0
YOL075C,0.0,0.0,0.0,0,0.0
YJL100W,0.0,0.0,0.0,0,0.0
YPL040C,0.0,0.0,0.0,0,0.0
YJL106W,0.0,0.0,0.0,0,0.0
YLL001W,0.0,0.0,0.0,0,0.0
YJR143C,0.0,0.0,0.0,0,0.0
YML088W,0.0,4.666666666666667,0.0,0,0.0
YNL032W,0.0,5.0,0.0,0,0.0
YNL163C,0.0,0.0,0.0,1,0.0
YNL276C,0.0,0.0,0.0,0,0.0
YOR109W,0.0,0.0,0.0,0,0.0
YOR375C,0.0,0.0,0.0,0,0.0
YMR212C,0.0,0.0,0.0,1,0.0
YJL158C,0.0,0.0,0.0,0,0.0
YLR226W,0.0,0.0,0.0,0,0.0
YNL321W,0.0,0.0,0.0,0,0.0
YOR380W,0.0,6.571428571428571,0.0,0,0.0
YMR204C,0.0,0.0,0.0,0,0.0
YJL192C,0.0,0.0,0.0,0,0.0
YLR198C,0.0,0.0,0.0,1,0.0
YJL200C,0.0,0.0,0.0,0,0.0
YKR090W,0.0,0.0,0.0,0,0.0
YMR285C,0.0,0.0,0.0,0,0.0
YOL136C,0.0,0.0,0.0,0,0.0
YKL222C,0.0,0.0,0.0,0,0.0
YJL215C,0.0,0.0,0.0,0,0.0
YJL219W,0.0,0.0,0.0,0,0.0
YJL225C,0.0,0.0,0.0,0,0.0
YJR001W,0.0,0.0,0.0,0,0.0
YJR003C,0.0,0.0,0.0,1,0.0
YML053C,0.0,0.0,0.0,0,0.0
YJR011C,0.0,0.0,0.0,0,0.0
YJR017C,0.0,1.6363636363636365,0.0,1,0.0
YJR019C,0.0,0.0,0.0,0,0.0
YKR021W,0.0,0.0,0.0,0,0.0
YKR104W,0.0,0.0,0.0,0,0.0
YLR143W,0.0,0.0,0.0,0,0.0
YLR430W,0.0,0.0,0.0,1,0.0
YNL050C,0.0,0.0,0.0,0,0.0
YNL329C,0.0,0.0,0.0,0,0.0
YNR050C,0.0,0.0,0.0,0,0.0
YOL031C,0.0,0.0,0.0,0,0.0
YOL140W,0.0,0.0,0.0,0,0.0
YJR023C,0.0,0.0,0.0,1,0.0
YJR024C,0.0,5.2,0.0,0,0.0
YJR025C,0.0,0.0,0.0,0,0.0
YJR034W,0.0,0.0,0.0,0,0.0
YJR035W,0.0,0.0,0.0,0,0.0
YJR038C,0.0,0.0,0.0,0,0.0
YPL193W,0.0,0.0,0.0,0,0.0
YNL148C,0.0,0.0,0.0,0,0.0
YJR072C,0.0,0.0,0.0,1,0.0
YOR262W,0.0,0.0,0.0,1,0.0
YOR084W,0.0,0.0,0.0,0,0.0
YMR315W,0.0,0.0,0.0,0,0.0
YJR079W,0.0,0.0,0.0,0,0.0
YLR217W,0.0,0.0,0.0,0,0.0
YNL051W,0.0,0.0,0.0,0,0.0
YOR354C,0.0,0.0,0.0,0,0.0
YPR096C,0.0,0.0,0.0,0,0.0
YPR158WB,0.0,0.0,0.0,0,0.0
YJR119C,0.0,0.0,0.0,0,0.0
YKL076C,0.0,0.0,0.0,0,0.0
YKL111C,0.0,0.0,0.0,1,0.0
YKL117W,0.9151763269410328,10.77142857142857,0.0,0,0.9151763269410328
YKL146W,0.0,0.0,0.0,0,0.0
YKL160W,0.0,0.0,0.0,0,0.0
YKL224C,0.0,0.0,0.0,0,0.0
YKR040C,0.0,0.0,0.0,0,0.0
YKR087C,0.0,0.0,0.0,0,0.0
YLL030C,0.0,0.0,0.0,0,0.0
YLR037C,0.0,0.0,0.0,0,0.0
YLR059C,0.0,0.0,0.0,1,0.0
YLR066W,0.0,0.0,0.0,1,0.0
YLR092W,0.0,0.0,0.0,0,0.0
YLR104W,0.0,0.0,0.0,0,0.0
YLR118C,0.0,0.0,0.0,0,0.0
YLR156W,0.0,0.0,0.0,0,0.0
YLR172C,0.0,0.0,0.0,0,0.0
YLR205C,0.0,0.0,0.0,0,0.0
YLR230W,0.0,0.0,0.0,1,0.0
YLR236C,0.0,0.0,0.0,0,0.0
YLR248W,0.0,0.0,0.0,0,0.0
YLR379W,0.0,0.0,0.0,1,0.0
YLR392C,0.0,0.0,0.0,0,0.0
YLR397C,0.0,0.0,0.0,1,0.0
YML013W,0.0,0.0,0.0,0,0.0
YML041C,0.0,0.0,0.0,0,0.0
YML123C,0.0,0.0,0.0,0,0.0
YML126C,0.0,0.0,0.0,1,0.0
YMR067C,0.0,0.0,0.0,0,0.0
YMR160W,0.0,0.0,0.0,0,0.0
YMR278W,0.0,0.0,0.0,0,0.0
YNL008C,0.0,0.0,0.0,0,0.0
YNL109W,0.0,0.0,0.0,0,0.0
YNL144C,0.0,0.0,0.0,0,0.0
YNL215W,0.0,0.0,0.0,0,0.0
YNL230C,0.0,5.2,0.0,0,0.0
YNL241C,0.0,0.0,0.0,1,0.0
YNL285W,0.0,0.0,0.0,0,0.0
YOL072W,0.0,0.0,0.0,0,0.0
YOL101C,0.0,0.0,0.0,0,0.0
YOR008C,0.0,0.0,0.0,0,0.0
YOR033C,0.16783216783216784,0.0,2.0,0,0.16783216783216784
YOR379C,0.0,0.0,0.0,0,0.0
YPL052W,0.0,0.0,0.0,0,0.0
YPL088W,0.0,0.0,0.0,0,0.0
YPL092W,0.0,0.0,0.0,0,0.0
YPL158C,0.0,0.0,0.0,0,0.0
YPL159C,0.0,0.0,0.0,0,0.0
YPL219W,0.0,0.0,0.0,0,0.0
YPL270W,0.0,0.0,0.0,0,0.0
YPR003C,0.0,0.0,0.0,0,0.0
YPR114W,0.0,0.0,0.0,0,0.0
YPR130C,0.0,0.0,0.0,0,0.0
YPR188C,0.0,0.0,0.0,0,0.0
YKL059C,0.41936572199730093,4.0,6.5,1,0.41936572199730093
YJR097W,0.0,0.0,0.0,0,0.0
YJR099W,0.0,0.0,0.0,0,0.0
YJR100C,0.0,0.0,0.0,0,0.0
YJR102C,1.0,5.3,3.7777777777777777,0,1.0
YLR417W,1.1666666666666665,3.95,3.7777777777777777,0,1.1666666666666665
YMR077C,0.5833333333333333,3.0,2.0,0,0.5833333333333333
YJR105W,0.0,0.0,0.0,0,0.0
YLR301W,0.0,0.0,0.0,0,0.0
YKL048C,0.0,0.6153846153846154,0.0,0,0.0
YJR120W,0.0,0.0,0.0,0,0.0
YJR125C,0.0,0.0,0.0,0,0.0
YJR127C,0.0,0.0,0.0,0,0.0
YJR136C,0.0,0.0,0.0,1,0.0
YKL033W,0.0,0.0,0.0,1,0.0
YJR146W,0.0,0.0,0.0,0,0.0
YLR246W,0.0,0.0,0.0,0,0.0
YJR154W,0.0,0.0,0.0,0,0.0
YJR157W,0.0,0.0,0.0,0,0.0
YKL001C,0.0,0.0,0.0,0,0.0
YNL107W,0.0,0.0,0.0,0,0.0
YKL073W,0.0,0.0,0.0,0,0.0
YLR109W,0.0,1.6,0.0,0,0.0
YNL014W,0.0,0.0,0.0,0,0.0
YPL283C,0.0,0.0,0.0,0,0.0
YPR122W,0.0,0.0,0.0,0,0.0
YKL017C,0.028381642512077296,2.0,1.0,0,0.028381642512077296
YML097C,0.2361111111111111,0.3333333333333333,0.0,0,0.2361111111111111
YKL024C,0.0,0.0,0.0,1,0.0
YKL029C,0.0,0.0,0.0,0,0.0
YMR090W,0.0,0.0,0.0,0,0.0
YKL035W,0.0,0.0,0.0,1,0.0
YKL038W,0.0,0.0,0.0,0,0.0
YKL041W,0.30952380952380953,0.0,0.0,0,0.0
YKL044W,0.0,0.0,0.0,0,0.0
YKL047W,0.0,0.0,0.0,0,0.0
YPL130W,0.0,0.0,0.0,0,0.0
YLR285W,0.0,0.0,0.0,0,0.0
YNL122C,0.0,0.0,0.0,0,0.0
YKL067W,0.023104852018923976,1.1111111111111112,2.0,0,0.023104852018923976
YNL273W,0.0,0.0,0.0,0,0.0
YKL069W,0.0,0.0,0.0,0,0.0
YKL072W,0.0,0.0,0.0,0,0.0
YOR148C,0.0,0.0,0.0,1,0.0
YKL087C,0.0,0.0,0.0,0,0.0
YKL088W,0.0,0.0,0.0,1,0.0
YKL093W,0.0,0.0,0.0,0,0.0
YOR239W,0.0,0.0,0.0,0,0.0
YKL106W,0.0,0.0,0.0,0,0.0
YKL107W,0.0,0.0,0.0,0,0.0
YKL114C,0.0,0.0,0.0,0,0.0
YLR389C,0.0,0.0,0.0,0,0.0
YKR069W,0.08711433756805807,0.0,0.0,0,0.0
YOR247W,0.08711433756805807,0.0,1.0,0,0.08711433756805807
YML106W,0.0,0.0,0.0,0,0.0
YOL073C,0.0,0.0,0.0,0,0.0
YKL133C,0.0,0.0,0.0,0,0.0
YLR170C,1.4166666666666665,5.333333333333333,4.016666666666667,0,1.4166666666666665
YPL259C,1.4166666666666665,10.666666666666666,13.0,0,1.4166666666666665
YMR165C,0.0,0.0,0.0,0,0.0
YMR210W,0.0,0.0,0.0,0,0.0
YMR243C,0.0,0.0,0.0,0,0.0
YMR307W,0.0,0.0,0.0,0,0.0
YKL163W,0.0,0.0,0.0,0,0.0
YKL164C,0.0,0.0,0.0,0,0.0
YKL166C,0.0,2.1818181818181817,0.0,1,0.0
YKL168C,0.0,0.0,0.0,0,0.0
YLR012C,0.0,0.0,0.0,0,0.0
YKL176C,0.0,0.0,0.0,0,0.0
YKL182W,0.0,0.0,0.0,1,0.0
YNL104C,0.0,0.0,0.0,0,0.0
YKL186C,0.0,0.0,0.0,1,0.0
YML057W,0.2159090909090909,3.6,0.0,0,0.2159090909090909
YPL163C,0.0,0.0,0.0,0,0.0
YKL197C,0.0,0.0,0.0,0,0.0
YOR003W,0.0,0.0,0.0,0,0.0
YKL204W,0.0,0.0,0.0,0,0.0
YNR034W,0.0,0.0,0.0,0,0.0
YKL208W,0.0,0.0,0.0,0,0.0
YKL214C,0.0,0.0,0.0,0,0.0
YKL221W,0.0,0.0,0.0,0,0.0
YOR221C,0.0,0.0,0.0,0,0.0
YKR005C,0.0,0.0,0.0,0,0.0
YKR016W,0.0,0.0,0.0,0,0.0
YKR017C,0.0,0.0,0.0,0,0.0
YMR269W,0.0,0.0,0.0,0,0.0
YOR190W,0.0,0.0,0.0,0,0.0
YOR198C,0.0,0.0,0.0,0,0.0
YKR031C,0.0,0.0,0.0,0,0.0
YKR064W,0.0,0.0,0.0,0,0.0
YKR065C,0.0,0.0,0.0,0,0.0
YLR036C,0.0,0.0,0.0,0,0.0
YKR070W,0.0,0.0,0.0,0,0.0
YKR072C,0.0,0.0,0.0,0,0.0
YKR074W,0.0,0.0,0.0,0,0.0
YKR080W,0.0,0.0,0.0,0,0.0
YLR462W,0.0,0.0,0.0,0,0.0
YPL023C,0.0,0.0,0.0,0,0.0
YPL067C,0.0,0.0,0.0,0,0.0
YPR177C,0.0,0.0,0.0,1,0.0
YKR095W,0.0,0.0,0.0,0,0.0
YOL143C,0.0,0.0,0.0,0,0.0
YLL006W,0.0,0.0,0.0,0,0.0
YOR112W,0.0,0.0,0.0,0,0.0
YLL010C,0.0,22.0,0.0,0,0.0
YLL012W,0.0,0.0,0.0,0,0.0
YNR075W,0.0,0.0,0.0,0,0.0
YOR095C,0.0,0.0,0.0,1,0.0
YOR282W,0.0,0.0,0.0,1,0.0
YOL112W,0.0,0.0,0.0,0,0.0
YLL023C,0.0,0.0,0.0,0,0.0
YLR459W,0.0,0.0,0.0,1,0.0
YNL180C,0.0,0.0,0.0,0,0.0
YLL038C,0.0,0.0,0.0,0,0.0
YNL327W,0.0,0.0,0.0,0,0.0
YNR006W,0.0,0.0,0.0,0,0.0
YLL047W,0.0,0.0,0.0,0,0.0
YLL052C,0.0,0.0,0.0,0,0.0
YLL059C,0.0,0.0,0.0,0,0.0
YLR001C,0.0,0.0,0.0,0,0.0
YNL019C,0.0,0.0,0.0,0,0.0
YLR007W,0.0,0.0,0.0,1,0.0
YLR383W,0.0,0.0,0.0,1,0.0
YLR008C,0.0,0.0,0.0,1,0.0
YLR011W,0.0,0.0,0.0,0,0.0
YLR021W,0.0,0.0,0.0,0,0.0
YLR028C,0.0,0.0,0.0,0,0.0
YLR034C,0.0,0.0,0.0,0,0.0
YML125C,0.0,0.0,0.0,1,0.0
YLR042C,0.0,0.0,0.0,0,0.0
YLR434C,0.0,0.0,0.0,0,0.0
YLR050C,0.0,0.0,0.0,0,0.0
YLR057W,0.0,0.0,0.0,0,0.0
YLR070C,0.0,0.0,0.0,0,0.0
YLR076C,0.0,0.0,0.0,1,0.0
YLR080W,0.0,0.0,0.0,0,0.0
YLR110C,0.0,0.0,0.0,0,0.0
YPL257WA,0.0,0.0,0.0,0,0.0
YLR124W,0.0,0.0,0.0,0,0.0
YMR030W,0.0,0.0,0.0,0,0.0
YLR261C,0.0,0.0,0.0,0,0.0
YOR390W,0.0,0.0,0.0,0,0.0
YPL224C,0.0,0.0,0.0,0,0.0
YMR088C,0.0,0.0,0.0,0,0.0
YNR072W,0.0,0.0,0.0,0,0.0
YPR014C,0.0,0.0,0.0,0,0.0
YPR066W,0.0,0.0,0.0,0,0.0
YPL262W,0.0,0.0,0.0,0,0.0
YLR159W,0.0,0.0,0.0,0,0.0
YOR342C,0.0,0.0,0.0,0,0.0
YLR161W,0.0,0.0,0.0,0,0.0
YLR168C,0.0,0.0,0.0,0,0.0
YLR171W,0.0,0.0,0.0,0,0.0
YPR201W,0.0,0.0,0.0,0,0.0
YLR174W,0.0,0.0,0.0,0,0.0
YNR065C,0.0,0.0,0.0,0,0.0
YML035C,0.0,0.0,0.0,0,0.0
YLR199C,0.0,0.0,0.0,0,0.0
YLR201C,0.0,0.0,0.0,0,0.0
YLR203C,0.0,0.0,0.0,0,0.0
YLR204W,0.0,0.0,0.0,0,0.0
YMR299C,0.0,0.0,0.0,0,0.0
YLR207W,1.3333333333333333,2.2976190476190474,3.583333333333333,0,1.3333333333333333
YLR450W,0.6666666666666666,1.7142857142857142,1.3333333333333333,0,0.6666666666666666
YML075C,0.6666666666666666,0.0,1.3333333333333333,0,0.6666666666666666
YOL013C,1.3333333333333333,0.5833333333333334,3.583333333333333,0,1.3333333333333333
YLR209C,0.0,0.0,0.0,0,0.0
YLR211C,0.0,0.0,0.0,0,0.0
YNR041C,0.0,0.0,0.0,0,0.0
YLR227C,0.0,0.0,0.0,0,0.0
YLR239C,0.0,0.0,0.0,0,0.0
YLR245C,0.11669071669071669,13.033333333333337,0.0,0,0.11669071669071669
YOL110W,0.0,0.0,0.0,0,0.0
YLR251W,0.0,0.0,0.0,0,0.0
YLR252W,0.0,0.0,0.0,0,0.0
YLR259C,0.0,0.0,0.0,1,0.0
YLR266C,0.0,0.0,0.0,0,0.0
YLR281C,0.0,0.0,0.0,0,0.0
YLR290C,0.0,0.0,0.0,0,0.0
YNL158W,0.0,0.0,0.0,1,0.0
YNL190W,0.0,0.0,0.0,0,0.0
YOL046C,0.0,0.0,0.0,0,0.0
YOL093W,0.0,0.0,0.0,0,0.0
YOR104W,0.0,0.0,0.0,0,0.0
YOR368W,0.0,3.0,0.0,0,0.0
YLR289W,0.0,0.0,0.0,0,0.0
YLR294C,0.0,0.0,0.0,0,0.0
YLR455W,0.016122816032887975,3.75,4.5,0,0.016122816032887975
YML079W,0.0,0.0,0.0,0,0.0
YMR003W,0.0,0.0,0.0,0,0.0
YMR141C,0.0,0.0,0.0,0,0.0
YMR177W,0.0,0.0,0.0,0,0.0
YNL009W,0.0,0.0,0.0,0,0.0
YNL194C,0.0,0.0,0.0,0,0.0
YNL205C,0.0,0.0,0.0,0,0.0
YNL324W,0.0,0.0,0.0,0,0.0
YNL328C,0.0,0.0,0.0,0,0.0
YOL008W,0.0,0.0,0.0,0,0.0
YOL050C,0.0,0.0,0.0,0,0.0
YPR118W,0.0,0.0,0.0,0,0.0
YLR299W,0.0,0.0,0.0,0,0.0
YOL137W,0.0,0.0,0.0,0,0.0
YLR303W,0.0,0.0,0.0,0,0.0
YNL192W,0.0,0.0,0.0,0,0.0
YLR305C,0.0,0.0,0.0,1,0.0
YLR312C,0.0,0.0,0.0,0,0.0
YLR317W,0.0,0.0,0.0,1,0.0
YNL140C,0.0,0.0,0.0,0,0.0
YLR327C,0.0,0.0,0.0,0,0.0
YLR332W,0.0,0.0,0.0,0,0.0
YLR334C,0.0,0.0,0.0,0,0.0
YLR377C,0.023104852018923976,12.333333333333332,0.0,0,0.023104852018923976
YLR351C,0.0,0.0,0.0,0,0.0
YLR358C,0.0,0.0,0.0,0,0.0
YNL145W,0.0,0.0,0.0,0,0.0
YLR359W,0.0,0.0,0.0,1,0.0
YLR363C,0.0,0.0,0.0,0,0.0
YLR366W,0.0,0.0,0.0,0,0.0
YPR093C,0.0,0.0,0.0,0,0.0
YLR372W,0.0,0.0,0.0,0,0.0
YMR140W,0.0,0.0,0.0,0,0.0
YPL107W,0.0,0.0,0.0,0,0.0
YPL253C,0.0,0.0,0.0,0,0.0
YLR385C,0.0,0.0,0.0,0,0.0
YLR387C,0.0,0.0,0.0,0,0.0
YOL056W,0.0,0.0,0.0,0,0.0
YLR393W,0.0,0.0,0.0,0,0.0
YMR279C,0.0,0.0,0.0,0,0.0
YOR338W,0.0,0.0,0.0,0,0.0
YLR401C,0.0,0.0,0.0,0,0.0
YOR025W,0.0,0.0,0.0,0,0.0
YLR411W,0.0,0.0,0.0,0,0.0
YLR412W,0.0,0.0,0.0,0,0.0
YLR414C,0.0,0.0,0.0,0,0.0
YOR013W,0.0,0.0,0.0,0,0.0
YLR416C,0.0,0.0,0.0,0,0.0
YPR135W,0.0,0.0,0.0,0,0.0
YLR422W,0.0,0.0,0.0,0,0.0
YMR017W,0.0,0.0,0.0,0,0.0
YNL090W,0.08635394456289978,14.583333333333332,1.3333333333333333,0,0.08635394456289978
YLR425W,0.0,0.0,0.0,0,0.0
YOR053W,0.0,0.0,0.0,0,0.0
YLR428C,0.0,0.0,0.0,0,0.0
YML107C,0.0,0.0,0.0,0,0.0
YOR119C,0.0,0.0,0.0,1,0.0
YLR465C,0.0,0.0,0.0,0,0.0
YNL028W,0.0,0.0,0.0,1,0.0
YNL134C,0.0,0.0,0.0,0,0.0
YNL169C,0.0,0.0,0.0,0,0.0
YNL323W,0.0,0.0,0.0,0,0.0
YPR006C,0.0,0.0,0.0,0,0.0
YML027W,0.0,0.0,0.0,0,0.0
YNL072W,0.0,0.0,0.0,0,0.0
YNL133C,0.0,0.0,0.0,0,0.0
YNR009W,0.0,0.0,0.0,0,0.0
YNR066C,0.0,0.0,0.0,0,0.0
YOR230W,0.0,1.25,0.0,0,0.0
YPL034W,0.0,0.0,0.0,0,0.0
YPL154C,0.0,0.0,0.0,0,0.0
YPR071W,0.0,0.0,0.0,0,0.0
YPL074W,0.0,0.0,0.0,0,0.0
YOL128C,0.0,1.2,0.0,0,0.0
YML037C,0.0,0.0,0.0,0,0.0
YNL046W,0.0,0.0,0.0,0,0.0
YML054C,1.125,2.1142857142857143,2.0,0,1.125
YPL063W,1.125,0.7142857142857143,2.0,1,1.125
YML060W,0.0,0.0,0.0,0,0.0
YMR063W,0.0,0.0,0.0,0,0.0
YML062C,0.0,0.0,0.0,0,0.0
YNL097C,0.0,0.0,0.0,0,0.0
YML070W,0.0,0.0,0.0,0,0.0
YOR102W,0.0,0.0,0.0,1,0.0
YPR099C,0.0,0.0,0.0,0,0.0
YOL144W,0.0,0.0,0.0,1,0.0
YML129C,0.0,0.0,0.0,0,0.0
YMR014W,0.0,0.0,0.0,0,0.0
YMR019W,0.0,0.0,0.0,0,0.0
YMR150C,0.0,0.0,0.0,0,0.0
YMR036C,0.0,0.0,0.0,0,0.0
YMR041C,0.0,0.0,0.0,0,0.0
YNL068C,0.0,0.0,0.0,0,0.0
YOR088W,0.0,0.0,0.0,0,0.0
YMR157C,0.0,0.0,0.0,0,0.0
YNL300W,0.0,0.0,0.0,0,0.0
YNL319W,0.0,0.0,0.0,0,0.0
YNR061C,0.0,0.0,0.0,0,0.0
YOL146W,0.0,0.0,0.0,1,0.0
YOR251C,0.0,0.0,0.0,0,0.0
YOR286W,0.0,0.0,0.0,0,0.0
YPL214C,0.0,8.5,0.0,0,0.0
YMR051C,0.0,0.0,0.0,0,0.0
YNL335W,0.0,0.0,0.0,0,0.0
YMR282C,0.0,0.0,0.0,0,0.0
YPL263C,0.0,0.0,0.0,0,0.0
YMR097C,0.0,0.0,0.0,0,0.0
YOR154W,0.0,0.0,0.0,0,0.0
YOR120W,0.2111111111111111,2.523809523809524,0.0,0,0.2111111111111111
YMR106C,0.0,2.1538461538461537,0.0,0,0.0
YPR167C,0.0,0.0,0.0,0,0.0
YMR123W,0.0,0.0,0.0,0,0.0
YMR131C,0.0,0.0,0.0,1,0.0
YMR133W,0.0,0.0,0.0,0,0.0
YMR134W,0.0,0.0,0.0,1,0.0
YOR070C,0.0,0.0,0.0,0,0.0
YPL164C,0.20202020202020202,0.0,9.333333333333334,0,0.20202020202020202
YMR178W,0.0,0.0,0.0,0,0.0
YMR179W,0.0,0.0,0.0,1,0.0
YNL003C,0.0,0.0,0.0,0,0.0
YMR184W,0.0,0.0,0.0,0,0.0
YMR195W,0.0,0.0,0.0,0,0.0
YMR271C,0.0,0.0,0.0,0,0.0
YPL101W,0.45,0.0,2.0,0,0.45
YMR317W,0.0,0.0,0.0,0,0.0
YMR323W,0.0,0.0,0.0,0,0.0
YMR325W,0.0,0.0,0.0,0,0.0
YPR199C,0.0,0.0,0.0,0,0.0
YNR018W,0.0,0.0,0.0,0,0.0
YNL045W,0.0,0.0,0.0,0,0.0
YNL056W,0.0,0.0,0.0,0,0.0
YPL061W,0.0,0.0,0.0,0,0.0
YOR004W,0.0,0.0,0.0,1,0.0
YNL224C,0.0,0.0,0.0,0,0.0
YOR093C,0.0,0.0,0.0,0,0.0
YPR062W,0.0,0.0,0.0,0,0.0
YPL249C,0.0,0.0,0.0,0,0.0
YPL075W,0.0,0.0,0.0,1,0.0
YNL226W,0.0,0.0,0.0,0,0.0
YNL246W,0.0,0.0,0.0,1,0.0
YPR058W,0.0,0.0,0.0,0,0.0
YPL150W,0.0,2.0,0.0,0,0.0
YNL279W,0.0,0.0,0.0,0,0.0
YNL289W,0.0,0.0,0.0,0,0.0
YNL292W,0.0,0.0,0.0,0,0.0
YNR043W,0.0,0.0,0.0,1,0.0
YNL320W,0.0,0.0,0.0,0,0.0
YNR004W,0.0,0.0,0.0,0,0.0
YPL157W,0.0,0.0,0.0,0,0.0
YNR019W,0.0,0.0,0.0,0,0.0
YNR033W,0.0,0.0,0.0,0,0.0
YNR063W,0.0,0.0,0.0,0,0.0
YOL009C,0.0,0.0,0.0,0,0.0
YOL035C,0.0,0.0,0.0,0,0.0
YPL196W,0.0,0.0,0.0,0,0.0
YOL066C,0.0,0.0,0.0,1,0.0
YOL078W,0.0,0.0,0.0,1,0.0
YOL095C,0.0,0.0,0.0,0,0.0
YOL103WB,0.0,0.0,0.0,0,0.0
YOL147C,0.0,0.0,0.0,0,0.0
YPL008W,0.0,0.0,0.0,0,0.0
YOR051C,0.0,0.0,0.0,0,0.0
YOR074C,0.019345238095238096,2.013888888888889,2.25,1,0.019345238095238096
YOR079C,0.0,0.0,0.0,0,0.0
YPR169W,0.0,0.0,0.0,1,0.0
YOR393W,0.0,0.0,0.0,0,0.0
YPR085C,0.0,0.0,0.0,1,0.0
YOR131C,0.0,0.0,0.0,0,0.0
YOR146W,0.0,0.0,0.0,1,0.0
YOR172W,0.0,0.0,0.0,0,0.0
YOR288C,0.0,0.0,0.0,0,0.0
YOR325W,0.0,0.0,0.0,0,0.0
YPR123C,0.0,0.0,0.0,0,0.0
YPL097W,0.0,0.0,0.0,0,0.0
YPR070W,0.0,0.0,0.0,0,0.0
YPR157W,0.0,0.0,0.0,0,0.0
YPR133C,0.0,0.0,0.0,1,0.0
