protein,ECC,GO_Nb,SL_Nb,essential,ES
YDL106C,0.0,0.0,0.0,0,0.0
YKR099W,0.0,0.0,0.0,0,0.0
YKL205W,0.18803418803418803,5.9,8.125,1,0.18803418803418803
YNR034W,0.0,0.0,0.0,0,0.0
YGL035C,0.375,4.714285714285714,2.0,0,0.375
YBR112C,0.75,4.790909090909091,5.0,1,0.75
YBR195C,0.0,3.2,0.0,0,0.0
YML102W,0.0,1.25,0.0,0,0.0
YNL259C,0.0,0.0,0.0,0,0.0
YDR270W,0.0,0.0,0.0,0,0.0
YBR010W,3.6180555555555554,16.004901960784313,0.0,0,3.6180555555555554
YLR442C,0.9852272727272727,6.259103641456583,4.0,0,0.9852272727272727
YBR009C,2.9,13.683473389355743,0.0,1,2.9
YDR227W,0.2851190476190476,0.0,0.0,0,0.0
YNL216W,0.0,0.0,0.0,1,0.0
YDR225W,5.377272727272727,35.900000000000006,7.0,0,5.377272727272727
YDR224C,4.47260101010101,19.914285714285715,7.0,1,4.47260101010101
YLR182W,0.6916666666666667,3.0,0.0,1,0.6916666666666667
YER111C,0.6916666666666667,4.587301587301587,0.0,0,0.6916666666666667
YPR119W,0.0,0.0,0.0,0,0.0
YPL204W,2.0,2.2666666666666666,9.377777777777778,1,2.0
YDR085C,0.0,0.0,0.0,0,0.0
YHR107C,1.107142857142857,19.943722943722943,6.0,1,1.107142857142857
YDR477W,1.7142857142857144,5.885714285714286,19.8125,0,1.7142857142857144
YNL257C,0.0,0.0,0.0,0,0.0
YER032W,0.20833333333333331,2.2403846153846154,0.0,0,0.20833333333333331
YDR195W,0.0,0.0,0.0,0,0.0
YLR240W,0.0,0.0,0.0,1,0.0
YBR097W,0.0,0.0,0.0,0,0.0
YGL086W,0.0,7.428571428571429,0.0,0,0.0
YGL116W,0.0,5.2,0.0,1,0.0
YLR178C,0.427485380116959,4.964285714285714,12.0,0,0.427485380116959
YJL061W,0.32142857142857145,0.0,1.8958333333333333,1,0.32142857142857145
YFR002W,1.7329991645781118,11.708333333333332,10.895833333333332,1,1.7329991645781118
YGR119C,3.1999999999999997,44.16666666666666,25.25,1,3.1999999999999997
YGL172W,3.6329519450800913,39.595238095238095,27.249999999999996,1,3.6329519450800913
YPR141C,0.8352007469654529,1.9,7.111111111111111,0,0.8352007469654529
YMR198W,0.27142857142857146,6.666666666666666,1.9444444444444444,1,0.27142857142857146
YFR034C,0.6540709290709291,28.000000000000004,5.0,0,0.6540709290709291
YBR119W,0.0,0.0,0.0,0,0.0
YLR223C,0.0,0.0,0.0,1,0.0
YLR449W,0.0,0.0,0.0,0,0.0
YNL227C,0.0,0.0,0.0,0,0.0
YML016C,0.30952380952380953,2.0,0.0,0,0.30952380952380953
YDR110W,0.0,0.0,0.0,0,0.0
YIL061C,0.0,0.0,0.0,1,0.0
YAL047C,0.2,0.0,3.0,0,0.2
YCR101C,0.0,0.0,0.0,0,0.0
YFR039C,0.0,0.0,0.0,0,0.0
YGR203W,0.0,0.0,0.0,0,0.0
YLR017W,0.0,0.0,0.0,0,0.0
YLR213C,0.0,0.0,0.0,0,0.0
YMR009W,0.0,0.0,0.0,0,0.0
YMR044W,0.0,0.0,0.0,0,0.0
YOR275C,0.0,2.4,0.0,0,0.0
YLR153C,0.0,0.0,0.0,1,0.0
YNR016C,0.0,0.0,0.0,1,0.0
YNL199C,0.0,0.0,0.0,0,0.0
YHR079C,0.0,0.0,0.0,0,0.0
YBL063W,0.0,0.0,0.0,0,0.0
YFL016C,0.5333333333333333,0.0,4.5,0,0.5333333333333333
YHR023W,0.0,0.0,0.0,1,0.0
YER105C,0.051417270929466054,2.1142857142857143,1.0,0,0.051417270929466054
YOR346W,0.0,0.0,0.0,0,0.0
YOL004W,0.8,28.485,8.0,0,0.8
YPL016W,4.753246753246753,17.22222222222222,3.0,1,4.753246753246753
YBR117C,0.0,0.0,0.0,0,0.0
YER172C,0.9246047430830041,5.357142857142857,21.5,1,0.9246047430830041
YPL215W,0.0,0.0,0.0,0,0.0
YDL013W,0.0,0.0,0.0,1,0.0
YMR240C,0.375,2.207792207792208,2.0,1,0.375
YLR090W,0.0,0.0,0.0,0,0.0
YOR319W,0.0,5.5,0.0,1,0.0
YGR056W,6.415384615384616,39.84166666666667,9.0,0,6.415384615384616
YHR209W,0.0,0.0,0.0,0,0.0
YJR022W,0.43478260869565216,47.833333333333336,9.75,1,0.43478260869565216
YDR228C,2.3795518207282913,2.25,14.0,1,2.3795518207282913
YGL096W,0.0,0.0,0.0,0,0.0
YHR034C,0.0,0.0,0.0,0,0.0
YHR035W,0.0,0.0,0.0,0,0.0
YIL173W,0.0,0.0,0.0,0,0.0
YNL050C,0.0,0.0,0.0,0,0.0
YOR076C,0.0,0.0,0.0,1,0.0
YBR003W,0.0,0.0,0.0,0,0.0
YGL173C,0.2995496894409938,0.631578947368421,4.5,0,0.2995496894409938
YNR050C,0.0,0.0,0.0,0,0.0
YDR277C,0.0,0.0,0.0,0,0.0
YNL118C,0.06173913043478261,3.482456140350877,4.0,1,0.06173913043478261
YNR053C,0.6191095740008784,8.0,5.25,1,0.6191095740008784
YER013W,0.0,0.0,0.0,1,0.0
YLR116W,0.4880952380952381,0.0,0.0,1,0.0
YJR066W,0.857142857142857,4.923809523809523,0.8,0,0.857142857142857
YJR005W,1.5,2.05,3.5,0,1.5
YDL156W,0.0,0.0,0.0,0,0.0
YDL161W,0.0,0.0,0.0,0,0.0
YIL130W,0.0,0.0,0.0,0,0.0
YMR065W,0.2159090909090909,0.0,1.9444444444444444,0,0.2159090909090909
YML046W,0.20833333333333331,0.0,0.0,1,0.0
YBR172C,0.20833333333333331,0.0,0.0,0,0.0
YKL074C,0.5714285714285714,0.0,0.0,0,0.0
YPL105C,0.0,0.0,0.0,0,0.0
YLR357W,6.77094017094017,31.241666666666664,9.0,0,6.77094017094017
YDL043C,0.125,18.0,4.5,1,0.125
YJL146W,0.0,0.0,0.0,0,0.0
YMR302C,0.0,0.0,0.0,0,0.0
YBR113W,0.0,0.0,0.0,0,0.0
YDR131C,0.0,4.0,0.0,0,0.0
YDR180W,0.0,0.0,0.0,1,0.0
YDR386W,0.0,0.0,0.0,0,0.0
YDR409W,0.35,0.0,1.5,0,0.35
YER113C,0.0,0.0,0.0,0,0.0
YKL155C,0.0,0.0,0.0,0,0.0
YLL014W,0.0,0.0,0.0,0,0.0
YMR117C,1.018627450980392,23.4,9.25,1,1.018627450980392
YNL023C,0.0,1.6,0.0,0,0.0
YJL203W,0.16666666666666666,1.0,2.0,1,0.16666666666666666
YOL136C,0.0,0.0,0.0,0,0.0
YDR170C,0.16783216783216784,0.0,2.6666666666666665,1,0.16783216783216784
YCR081W,0.6166666666666667,2.321428571428571,3.0,0,0.6166666666666667
YHL007C,0.9326923076923078,14.580143540669855,6.444444444444445,0,0.9326923076923078
YBL067C,0.0,0.0,0.0,0,0.0
YBL101C,0.0,0.0,0.0,0,0.0
YKR090W,0.0,0.0,0.0,0,0.0
YMR285C,0.0,0.0,0.0,0,0.0
YOL091W,0.0,0.0,0.0,0,0.0
YLR067C,0.0,0.0,0.0,0,0.0
YGR074W,0.0,0.0,0.0,1,0.0
YDR389W,0.0,0.0,0.0,1,0.0
YBR043C,0.0,0.0,0.0,0,0.0
YGL202W,0.0,0.0,0.0,0,0.0
YJR033C,0.24761904761904763,5.843137254901961,3.0,0,0.24761904761904763
YKL188C,0.0,0.0,0.0,0,0.0
YLR440C,0.0,0.0,0.0,1,0.0
YLR147C,0.11264822134387352,0.8571428571428571,2.25,1,0.11264822134387352
YKR080W,0.0,0.0,0.0,0,0.0
YIL139C,0.0,0.0,0.0,0,0.0
YLL021W,0.6153846153846154,3.2,0.0,0,0.6153846153846154
YLR433C,0.4,2.355555555555556,0.0,0,0.4
YBR114W,0.0,0.0,0.0,0,0.0
YGR290W,0.0,0.0,0.0,0,0.0
YHR178W,0.0,0.0,0.0,0,0.0
YMR088C,0.0,0.0,0.0,0,0.0
YDR422C,2.571428571428571,5.885714285714286,19.3125,0,2.571428571428571
YER029C,0.0,0.0,0.0,1,0.0
YLR220W,0.0,0.0,0.0,1,0.0
YNL187W,0.0,0.0,0.0,0,0.0
YDL030W,0.1534090909090909,2.5,4.5,1,0.1534090909090909
YCL061C,0.0,0.0,0.0,0,0.0
YDR421W,0.0,0.0,0.0,0,0.0
YDR485C,0.0,0.0,0.0,0,0.0
YOR023C,0.0,0.0,0.0,0,0.0
YOR191W,0.0,0.0,0.0,0,0.0
YPL146C,0.0,0.0,0.0,1,0.0
YOR017W,0.0,0.0,0.0,0,0.0
YML104C,0.0,0.0,0.0,0,0.0
YMR005W,0.0,0.0,0.0,1,0.0
YIR009W,0.0,0.0,0.0,0,0.0
YAL024C,0.0,0.0,0.0,0,0.0
YBR136W,0.0,0.0,0.0,1,0.0
YNL036W,0.0,0.0,0.0,1,0.0
YJL092W,0.0,0.0,0.0,0,0.0
YIL143C,6.703030303030305,30.268452380952382,12.5,1,6.703030303030305
YDL001W,0.0,0.0,0.0,0,0.0
YDR184C,0.0,0.0,0.0,0,0.0
YHR099W,8.72171634620147,45.76175520386048,13.0,1,8.72171634620147
YHR197W,0.0,0.75,0.0,1,0.0
YNL091W,0.0,0.0,0.0,0,0.0
YOR011W,0.0,0.0,0.0,0,0.0
YLR456W,0.0,0.0,0.0,0,0.0
YIL144W,0.6562324929971989,3.333333333333333,8.916666666666666,1,0.6562324929971989
YKR084C,3.7,7.833333333333334,4.5,0,3.7
YBR275C,0.0,0.0,0.0,0,0.0
YOR351C,0.0,3.5,0.0,0,0.0
YOR101W,0.0,0.0,0.0,0,0.0
YCR096C,0.5535714285714286,2.192513368983957,2.0,1,0.5535714285714286
YCR084C,0.6482142857142856,6.420855614973262,3.0,0,0.6482142857142856
YJR045C,1.45,2.05,5.5,1,1.45
YIL022W,0.8583333333333334,0.0,4.0,1,0.8583333333333334
YOR232W,1.0666666666666667,1.3333333333333333,8.0,1,1.0666666666666667
YDR103W,1.35,7.813095238095237,4.0,0,1.35
YOR212W,0.8928321678321678,9.211904761904762,0.0,0,0.8928321678321678
YCR088W,1.0907393331306376,37.33333333333333,59.45,1,1.0907393331306376
YDR388W,0.9230769230769232,10.571741854636592,100.91666666666666,0,0.9230769230769232
YNL138W,0.2509374683287727,0.75,26.2,1,0.2509374683287727
YFL039C,1.1296153846153847,27.301900584795323,77.66666666666666,1,1.1296153846153847
YMR092C,0.0,0.0,0.0,0,0.0
YDL178W,0.0,0.0,0.0,0,0.0
YLR319C,0.43269230769230765,2.0,0.0,0,0.43269230769230765
YOR122C,0.11858974358974358,0.0,9.333333333333334,1,0.11858974358974358
YHR179W,0.0,0.0,0.0,0,0.0
YCL040W,0.0,4.75,0.0,0,0.0
YDR382W,78.89344368280273,177.56666666666658,146.0,0,78.89344368280273
YCL027W,0.25724637681159424,8.166666666666666,17.333333333333332,0,0.25724637681159424
YBR200W,1.0586480186480187,22.25,21.0,1,1.0586480186480187
YLR229C,1.9835164835164836,26.392282717282715,7.444444444444445,1,1.9835164835164836
YNL271C,0.9717157096952493,13.307017543859647,3.0,0,0.9717157096952493
YOR181W,1.4400000000000002,18.375,0.0,1,1.4400000000000002
YDR129C,0.21424242424242426,5.961988304093567,0.0,0,0.21424242424242426
YIL034C,0.0,0.0,0.0,0,0.0
YLL050C,0.0,0.0,0.0,1,0.0
YIL159W,0.20202020202020202,0.0,0.0,0,0.0
YKR055W,0.0,3.75,0.0,0,0.0
YOR363C,0.0,0.0,0.0,0,0.0
YPR165W,0.38095238095238093,10.397435897435898,5.840000000000001,1,0.38095238095238093
YNL243W,0.9318389943389942,8.45083863504916,2.125,1,0.9318389943389942
YLR337C,0.379656862745098,0.0,6.5,0,0.379656862745098
YDR448W,8.76140152753425,59.30242812742812,17.0,0,8.76140152753425
YDL165W,9.9375,66.41428571428571,180.475,1,9.9375
YDR176W,8.674327122153208,59.68955386718545,18.0,0,8.674327122153208
YGL013C,0.0,0.0,0.0,0,0.0
YBL005W,0.0,0.0,0.0,0,0.0
YEL009C,1.9186290825878927,13.28034188034188,9.0,0,1.9186290825878927
YER148W,1.5500000000000005,24.40996732026144,39.83333333333333,1,1.5500000000000005
YPL248C,1.3619423768451229,32.288888888888884,12.5,0,1.3619423768451229
YGL048C,30.286411149825796,276.29246031746027,84.16666666666667,1,30.286411149825796
YHR041C,17.078675889328057,124.9309523809524,24.0,0,17.078675889328057
YER022W,16.843992094861655,114.5531746031746,23.0,1,16.843992094861655
YDR308C,17.071264822134385,136.3952380952381,22.0,1,17.071264822134385
YMR236W,12.210690758516845,118.6111111111111,21.0,1,12.210690758516845
YGL112C,11.825592885375492,99.41623931623934,35.5,1,11.825592885375492
YBR198C,11.39772727272727,123.71666666666664,29.5,1,11.39772727272727
YDR216W,1.3953418625615421,13.196618242438676,8.0,0,1.3953418625615421
YGR274C,7.338269339356296,46.51278166278166,37.0,1,7.338269339356296
YDR167W,8.166666666666663,76.31847626058152,33.5,1,8.166666666666663
YGR252W,9.39242746193547,47.44293031529874,15.0,0,9.39242746193547
YPR086W,0.8579545454545456,16.572222222222223,10.5,1,0.8579545454545456
YML085C,0.2857142857142857,2.8,4.5,1,0.2857142857142857
YNL148C,0.0,0.0,0.0,0,0.0
YMR043W,1.6428571428571426,7.333333333333334,8.5,1,1.6428571428571426
YHR084W,0.41666666666666663,0.0,0.0,1,0.0
YCL066W,0.7261904761904762,0.0,0.0,0,0.0
YDR245W,1.0,2.5,1.3333333333333333,0,1.0
YJR075W,2.0,7.0,3.583333333333333,0,2.0
YJL183W,2.0,4.166666666666667,3.583333333333333,0,2.0
YPL050C,0.0,0.0,0.0,0,0.0
YEL036C,1.0,2.6666666666666665,1.3333333333333333,0,1.0
YER179W,14.87181818181818,90.10515873015876,20.0,0,14.87181818181818
YBR073W,0.0,0.0,0.0,0,0.0
YGR047C,2.6666666666666665,4.023809523809524,14.5,1,2.6666666666666665
YDL150W,0.0,0.0,0.0,1,0.0
YNL113W,12.652780455412037,69.91666666666669,58.5,1,12.652780455412037
YIL021W,7.988567670146618,86.78571428571426,83.0,1,7.988567670146618
YGL070C,8.028815628815629,54.70714285714286,43.75,0,8.028815628815629
YOR116C,8.398544438018122,22.88571428571429,81.0,1,8.398544438018122
YGR246C,1.0833333333333333,1.7,4.0,1,1.0833333333333333
YOL086C,0.0,0.0,0.0,0,0.0
YPL242C,0.08514492753623187,3.482456140350877,2.0,1,0.08514492753623187
YDR264C,0.55,5.125,0.0,0,0.55
YDL226C,0.0,0.0,0.0,0,0.0
YJR086W,0.5269230769230769,8.5,0.0,0,0.5269230769230769
YKL178C,0.0,0.0,0.0,0,0.0
YPL129W,12.909090909090903,917.0,106.33333333333333,0,12.909090909090903
YLR418C,7.215730565730566,38.19761904761904,76.5,0,7.215730565730566
YBR279W,0.2824675324675324,8.125,4.0,0,0.2824675324675324
YDR099W,0.0,0.0,0.0,0,0.0
YLR267W,0.0,0.0,0.0,0,0.0
YOR026W,0.0,2.8,0.0,0,0.0
YDL193W,0.0,1.4285714285714286,0.0,1,0.0
YDL132W,1.8630952380952381,24.4,19.0,1,1.8630952380952381
YDR285W,0.5,0.5,2.25,0,0.5
YDL017W,3.1169740887132193,10.188311688311687,0.0,1,3.1169740887132193
YDR173C,1.3333333333333333,3.7857142857142856,8.5,0,1.3333333333333333
YOR039W,2.3000000000000003,7.708333333333333,0.0,0,2.3000000000000003
YOR302W,0.0,0.0,0.0,0,0.0
YLR390WA,0.0,0.0,0.0,0,0.0
YDR145W,11.510069640504422,100.85454545454544,26.5,1,11.510069640504422
YPL070W,0.0,0.0,0.0,0,0.0
YOR260W,2.85,3.416666666666666,0.0,1,2.85
YGL122C,0.0,1.2307692307692308,0.0,1,0.0
YLR288C,0.0,13.333333333333334,0.0,0,0.0
YBR253W,17.527786561264826,192.41666666666669,21.0,1,17.527786561264826
YPL031C,0.0,0.0,0.0,0,0.0
YER162C,0.0,0.0,0.0,0,0.0
YLL039C,0.5769230769230769,4.1,0.0,0,0.5769230769230769
YBR135W,0.0,0.0,0.0,1,0.0
YBL072C,53.00132625994699,317.1666666666667,187.5,0,53.00132625994699
YFL017C,0.0,0.0,0.0,1,0.0
YFL059W,0.0,2.0,0.0,0,0.0
YFL060C,0.0,0.0,0.0,0,0.0
YGL071W,0.0,0.0,0.0,0,0.0
YML007W,0.0,0.0,0.0,0,0.0
YBR270C,0.0,0.0,0.0,0,0.0
YLR117C,0.0,0.0,0.0,1,0.0
YHR204W,0.0,0.0,0.0,0,0.0
YLR321C,6.415384615384616,29.24836601307189,9.0,1,6.415384615384616
YMR075W,0.0,0.0,0.0,0,0.0
YCR023C,0.0,0.0,0.0,0,0.0
YER031C,0.19090909090909092,0.0,4.5,0,0.19090909090909092
YJL099W,0.0,0.0,0.0,0,0.0
YHR016C,0.6787521688837477,2.0,16.5,0,0.6787521688837477
YGR243W,0.0,0.0,0.0,0,0.0
YGR020C,12.534348739495801,173.0,0.0,0,12.534348739495801
YCL016C,0.0,0.0,0.0,0,0.0
YHR152W,0.0,19.5,0.0,0,0.0
YLR132C,0.0,0.0,0.0,1,0.0
YHR128W,0.0,0.0,0.0,1,0.0
YDR267C,0.0,1.6,0.0,1,0.0
YHR073W,0.0,0.6153846153846154,0.0,0,0.0
YLR016C,0.0,2.0,0.0,0,0.0
YJL168C,0.0,0.0,0.0,0,0.0
YJR148W,0.0,0.0,0.0,0,0.0
YPR152C,0.0,0.0,0.0,0,0.0
YGL058W,0.0,0.0,0.0,0,0.0
YIL035C,3.5166666666666666,14.938888888888888,0.0,0,3.5166666666666666
YKL112W,2.6,5.055555555555555,0.0,1,2.6
YOR061W,3.5166666666666666,11.155555555555557,0.0,0,3.5166666666666666
YGL019W,2.6666666666666665,20.5,0.0,0,2.6666666666666665
YBL007C,1.478260869565217,3.0416666666666665,7.2,0,1.478260869565217
YIL138C,0.0,5.428571428571429,0.0,0,0.0
YGR080W,0.0,0.0,0.0,0,0.0
YFL031W,0.0,6.0,0.0,0,0.0
YJR064W,5.999999999999999,4.0,7.0,1,5.999999999999999
YML124C,0.0,0.0,0.0,0,0.0
YCR097W,0.0,0.0,0.0,0,0.0
YLR127C,8.113636363636363,7.314285714285715,43.75,1,8.113636363636363
YOL133W,0.0,5.2,0.0,1,0.0
YGL105W,0.0,0.0,0.0,0,0.0
YGR264C,0.0,0.0,0.0,1,0.0
YDL192W,6.773762838468721,251.0,114.25,0,6.773762838468721
YPR176C,0.8333333333333333,2.2666666666666666,0.0,1,0.8333333333333333
YAL026C,0.0,0.0,0.0,0,0.0
YDL029W,3.195222816399287,11.564935064935067,8.0,1,3.195222816399287
YNL084C,0.36764705882352944,1.0,2.25,0,0.36764705882352944
YKL129C,0.9691704374057316,2.0404040404040407,15.333333333333332,0,0.9691704374057316
YMR109W,1.6012820512820514,8.285353535353536,34.66666666666667,0,1.6012820512820514
YJL095W,0.26266968325791856,2.0,18.333333333333336,0,0.26266968325791856
YOR231W,0.24358974358974358,2.033333333333333,0.0,0,0.24358974358974358
YPL084W,0.0,0.0,0.0,0,0.0
YBL085W,0.6610611610611612,9.75151515151515,0.0,0,0.6610611610611612
YJL157C,0.7321289821289823,3.333333333333333,0.0,1,0.7321289821289823
YGR152C,0.5441558441558441,0.0,3.111111111111111,0,0.5441558441558441
YLR078C,5.793478260869566,53.08333333333333,47.83333333333333,1,5.793478260869566
YIL004C,6.2660714285714265,36.37301587301587,43.83333333333333,1,6.2660714285714265
YPL218W,4.892689663277898,9.813492063492063,31.520833333333332,1,4.892689663277898
YPR181C,4.750137362637363,9.813492063492063,34.104166666666664,1,4.750137362637363
YIL109C,5.337549950049949,9.813492063492063,34.104166666666664,1,5.337549950049949
YLR268W,5.268487394957983,53.73809523809525,48.833333333333336,0,5.268487394957983
YNR003C,7.827217616691302,44.0,76.5,1,7.827217616691302
YBR123C,2.666666666666667,4.023809523809524,13.5,1,2.666666666666667
YML111W,0.0,0.0,0.0,0,0.0
YER125W,0.2661904761904762,4.918128654970761,8.125,1,0.2661904761904762
YBR160W,0.1111111111111111,0.0,0.0,1,0.0
YFL029C,0.0,0.0,0.0,1,0.0
YJR060W,0.3666666666666667,0.0,1.5,0,0.3666666666666667
YDR318W,0.0,0.0,0.0,0,0.0
YLR293C,1.2197802197802199,21.195454545454545,40.33333333333333,1,1.2197802197802199
YIL063C,0.20192307692307693,15.916666666666666,2.0,1,0.20192307692307693
YER009W,0.7061410811410811,18.83333333333333,25.166666666666664,1,0.7061410811410811
YPR017C,0.0,6.333333333333333,0.0,0,0.0
YGR172C,0.0,0.0,0.0,1,0.0
YFL038C,0.37473262032085564,4.0,3.75,1,0.37473262032085564
YKL196C,0.8958333333333333,5.6,4.611111111111111,1,0.8958333333333333
YLR093C,1.7023809523809523,15.166666666666668,21.066666666666666,0,1.7023809523809523
YOR106W,1.4107142857142858,11.233333333333333,20.733333333333334,1,1.4107142857142858
YGL212W,0.8333333333333333,2.833333333333333,11.333333333333334,0,0.8333333333333333
YLR249W,0.0,0.0,0.0,1,0.0
YBR118W,2.6185897435897436,20.666666666666664,0.0,0,2.6185897435897436
YAL040C,0.18055555555555555,0.0,0.0,0,0.0
YNL064C,0.0,0.0,0.0,0,0.0
YLL026W,0.3333333333333333,0.0,0.0,0,0.0
YAL005C,0.6704079254079255,6.248626373626374,11.0,0,0.6704079254079255
YDL229W,0.0,0.0,0.0,0,0.0
YDR507C,1.25,8.012066365007541,9.5,0,1.25
YLR310C,0.6787878787878789,16.0,9.666666666666668,1,0.6787878787878789
YPL240C,1.0476190476190474,16.81758241758242,17.5,0,1.0476190476190474
YNL098C,0.4242424242424242,2.555555555555556,0.0,0,0.4242424242424242
YLL016W,0.20202020202020202,0.0,0.0,0,0.0
YLL024C,0.260207336523126,4.26419413919414,3.3333333333333335,0,0.260207336523126
YBL075C,0.0,0.0,0.0,0,0.0
YJL194W,7.869699941553488,39.74675324675325,24.0,1,7.869699941553488
YGR108W,0.0,0.0,0.0,0,0.0
YLR210W,0.0,0.0,0.0,0,0.0
YGL178W,0.5555555555555556,12.214285714285715,4.0,0,0.5555555555555556
YER120W,0.0,0.0,0.0,0,0.0
YHR102W,0.0,0.0,0.0,1,0.0
YOR257W,0.0,0.0,0.0,1,0.0
YDR356W,0.3666666666666667,2.1666666666666665,1.5,1,0.3666666666666667
YFL009W,0.6785714285714285,16.90277777777778,10.333333333333334,1,0.6785714285714285
YAL041W,0.8540626040626041,2.0075757575757573,0.0,1,0.8540626040626041
YNL298W,1.9386446886446889,25.279495504495504,0.0,0,1.9386446886446889
YHR061C,2.36473583887377,54.15357142857143,17.583333333333332,0,2.36473583887377
YDR309C,2.4392446633825946,40.1724025974026,17.583333333333332,0,2.4392446633825946
YOR127W,0.46336996336996333,7.195804195804196,0.0,0,0.46336996336996333
YHR161C,0.4,0.0,1.0,0,0.4
YGL206C,0.95,0.0,7.416666666666666,0,0.95
YGR167W,1.2,0.0,7.416666666666667,0,1.2
YIR006C,0.3062547673531655,0.0,12.7,1,0.3062547673531655
YBL023C,16.41501976284585,47.53102642971065,127.0,1,16.41501976284585
YDR207C,0.3666666666666667,0.0,4.5,0,0.3666666666666667
YMR139W,0.0,0.0,0.0,0,0.0
YDR390C,0.75,2.6545454545454548,0.0,1,0.75
YKR002W,0.75,2.2,0.0,1,0.75
YGR048W,0.5,0.4545454545454545,0.0,1,0.4545454545454545
YDL140C,6.353849853849854,53.0,88.0,1,6.353849853849854
YGL130W,1.0454545454545454,0.0,2.0,1,1.0454545454545454
YPL228W,1.0454545454545454,0.0,2.0,1,1.0454545454545454
YCR077C,0.17261904761904762,17.125,0.0,0,0.17261904761904762
YNL088W,0.0,0.0,0.0,1,0.0
YGL049C,1.0588235294117647,2.5,5.5,0,1.0588235294117647
YER165W,1.3158102578536017,13.381959706959709,17.958333333333332,1,1.3158102578536017
YPL256C,0.5,14.571428571428571,0.0,0,0.5
YJR090C,0.8809523809523809,4.48844537815126,10.333333333333334,0,0.8809523809523809
YBR109C,0.05405405405405406,9.09090909090909,0.0,1,0.05405405405405406
YNR035C,3.3777777777777773,8.412987012987013,5.0,1,3.3777777777777773
YGL043W,0.0,0.0,0.0,0,0.0
YHR030C,0.5769230769230769,4.833333333333333,0.0,0,0.5769230769230769
YJR109C,0.0,0.0,0.0,0,0.0
YLR216C,0.8999999999999999,30.0,4.5,0,0.8999999999999999
YMR186W,1.3333333333333333,12.846428571428572,1.5,0,1.3333333333333333
YKL117W,1.2000000000000002,8.628571428571428,0.0,0,1.2000000000000002
YNL330C,1.3,0.3999999999999999,2.75,0,1.3
YJR032W,1.05,2.9846153846153847,0.0,0,1.05
YDR172W,0.0,0.0,0.0,1,0.0
YGR218W,0.24239130434782608,2.321428571428571,8.277777777777777,1,0.24239130434782608
YGL092W,4.371124299041918,26.424908424908427,20.508333333333336,1,4.371124299041918
YOR098C,0.19999999999999998,0.0,8.88888888888889,1,0.19999999999999998
YIL115C,0.4,2.033333333333333,2.0,1,0.4
YGL097W,0.31195652173913047,0.5714285714285714,12.833333333333332,1,0.31195652173913047
YDR002W,0.24347826086956523,1.75,4.666666666666667,1,0.24347826086956523
YNL286W,0.0,0.0,0.0,0,0.0
YJL005W,0.4242424242424242,2.6944444444444446,0.0,1,0.4242424242424242
YBR140C,0.0,0.0,0.0,1,0.0
YDR052C,3.1169740887132193,11.40909090909091,0.0,1,3.1169740887132193
YMR001C,0.0,0.5,0.0,1,0.0
YPL153C,0.0,0.0,0.0,1,0.0
YOR368W,0.0,0.75,0.0,0,0.0
YPL194W,0.0,0.0,0.0,0,0.0
YHR164C,0.0,0.0,0.0,1,0.0
YKL113C,0.0,0.0,0.0,0,0.0
YJR132W,0.0,0.0,0.0,0,0.0
YMR199W,0.0,2.6666666666666665,0.0,0,0.0
YOR027W,1.2333333333333334,7.2857142857142865,6.5,0,1.2333333333333334
YGR186W,0.5227272727272727,4.25,2.0,1,0.5227272727272727
YMR277W,0.0,0.0,0.0,1,0.0
YNL135C,0.0,0.0,0.0,0,0.0
YDR174W,0.0,0.0,0.0,0,0.0
YDR464W,0.0,0.0,0.0,1,0.0
YKL203C,0.6428571428571428,0.0,0.4,1,0.4
YML051W,0.5625,4.666666666666666,0.0,0,0.5625
YBR020W,0.0,0.0,0.0,0,0.0
YOL051W,16.496166007905135,114.02698412698412,23.0,0,16.496166007905135
YKL028W,0.5434782608695652,0.75,2.0,1,0.5434782608695652
YKR062W,0.5434782608695652,1.3333333333333333,2.0,1,0.5434782608695652
YDL159W,1.9935897435897436,7.271428571428571,0.0,0,1.9935897435897436
YLR313C,0.2833333333333333,0.0,0.0,0,0.0
YFL037W,0.39285714285714285,0.3571428571428571,4.5,1,0.39285714285714285
YCL029C,0.6666666666666666,0.5,4.666666666666667,0,0.6666666666666666
YER016W,0.0,0.0,0.0,1,0.0
YER007W,0.0,3.333333333333333,0.0,0,0.0
YNL223W,0.39285714285714285,3.157142857142857,1.0,0,0.39285714285714285
YDR283C,0.0,0.0,0.0,0,0.0
YMR311C,3.314285714285714,21.25,0.0,0,3.314285714285714
YDL207W,1.24,9.075,4.0,1,1.24
YKL068W,0.6923076923076924,10.857142857142858,8.791666666666666,0,0.6923076923076924
YDR192C,1.36,20.386904761904763,16.9375,0,1.36
YOR046C,1.2,5.666666666666667,3.0,1,1.2
YMR255W,1.04,12.666666666666668,3.0,0,1.04
YNL229C,0.9285714285714285,0.0,25.4,0,0.9285714285714285
YER040W,0.5714285714285714,0.0,25.4,0,0.5714285714285714
YHR005C,0.3076923076923077,5.0,0.0,1,0.3076923076923077
YLR452C,0.1111111111111111,10.0,0.0,0,0.1111111111111111
YLR362W,1.8141025641025639,22.842857142857135,0.0,0,1.8141025641025639
YGL238W,0.0,0.0,0.0,1,0.0
YOL021C,4.285714285714286,12.92929292929293,4.5,1,4.285714285714286
YER110C,0.4750092013249908,2.023809523809524,8.194444444444443,0,0.4750092013249908
YDR335W,2.794295967190704,20.7262765012765,0.0,0,2.794295967190704
YOR160W,0.265,1.1428571428571428,10.583333333333332,1,0.265
YJL041W,1.4553306342780028,45.0,7.708333333333333,1,1.4553306342780028
YLR335W,1.6385958004843455,12.555511155511155,15.111111111111112,0,1.6385958004843455
YMR308C,0.8328031617505302,12.967532467532468,18.0,1,0.8328031617505302
YJL081C,0.9852272727272727,4.023809523809524,4.0,1,0.9852272727272727
YBR289W,5.91991341991342,17.22222222222222,90.83333333333334,0,5.91991341991342
YBL008W,1.5727272727272728,0.0,2.0,0,1.5727272727272728
YOR038C,1.5727272727272728,0.0,12.5,0,1.5727272727272728
YLR113W,0.2833333333333333,2.166666666666667,0.0,0,0.2833333333333333
YMR172W,0.0,0.0,0.0,0,0.0
YJL128C,0.2833333333333333,2.5,0.0,0,0.2833333333333333
YOR208W,0.0,0.0,0.0,0,0.0
YER075C,0.0,0.0,0.0,0,0.0
YBL016W,2.0435897435897434,8.071428571428571,4.25,0,2.0435897435897434
YOL123W,1.7142857142857142,2.083333333333333,6.25,1,1.7142857142857142
YMR080C,0.2222222222222222,0.0,1.0,0,0.2222222222222222
YGL073W,0.0,0.0,0.0,1,0.0
YOR178C,2.5833333333333335,11.061904761904762,0.0,0,2.5833333333333335
YBR045C,0.26785714285714285,2.55,0.0,0,0.26785714285714285
YER054C,3.1011904761904763,28.25,0.0,0,3.1011904761904763
YER133W,1.6666666666666665,10.714285714285714,1.0,1,1.6666666666666665
YLR263W,0.5833333333333333,2.5,4.0,0,0.5833333333333333
YIL033C,1.5,4.113636363636363,0.0,0,1.5
YBR050C,0.0,0.0,0.0,0,0.0
YDR168W,0.5833333333333333,2.3956043956043955,2.0,1,0.5833333333333333
YOR036W,0.0,0.0,0.0,1,0.0
YCL032W,0.13793103448275862,3.0,0.0,0,0.13793103448275862
YER132C,0.0,0.0,0.0,0,0.0
YGR179C,0.0,0.0,0.0,1,0.0
YIL047C,0.0,0.0,0.0,0,0.0
YOR151C,8.226277426277425,49.66666666666666,79.5,1,8.226277426277425
YLR384C,1.7256447256447256,17.0,10.0,0,1.7256447256447256
YJL140W,8.276976726976729,58.017857142857146,41.5,0,8.276976726976729
YBR154C,14.482804232804229,110.15396825396824,164.0,1,14.482804232804229
YPR187W,13.999999999999998,82.32460317460317,75.5,1,13.999999999999998
YDL088C,0.0,0.0,0.0,0,0.0
YLR347C,0.8626857353173143,2.023809523809524,15.444444444444446,1,0.8626857353173143
YIL149C,0.0,0.0,0.0,0,0.0
YMR047C,0.7272727272727272,9.35,7.208333333333334,1,0.7272727272727272
YER011W,0.0,0.0,0.0,0,0.0
YBR143C,0.0,0.0,0.0,1,0.0
YJL034W,0.0,0.0,0.0,1,0.0
YPL187W,0.5174825174825175,0.0,0.0,0,0.0
YMR297W,0.0,0.0,0.0,0,0.0
YMR214W,0.0,0.0,0.0,0,0.0
YOR254C,2.0,4.05,4.333333333333333,1,2.0
YPL253C,0.0,0.0,0.0,0,0.0
YDL108W,6.904195804195805,17.76904761904762,10.0,1,6.904195804195805
YGR040W,2.1055555555555556,15.6,4.25,0,2.1055555555555556
YDL056W,0.0,0.0,0.0,0,0.0
YHR206W,0.30000000000000004,6.181818181818182,0.0,0,0.30000000000000004
YMR042W,1.7,7.119047619047619,12.5,0,1.7
YML099C,1.3333333333333333,8.666666666666666,2.0,0,1.3333333333333333
YIL150C,0.6100478468899522,8.0,12.5,1,0.6100478468899522
YEL032W,17.01579393146899,41.65440305308727,127.0,1,17.01579393146899
YBR202W,17.01579393146899,41.65440305308727,64.25,1,17.01579393146899
YPR019W,17.01579393146899,50.983874458874446,127.0,1,17.01579393146899
YIL046W,0.6309523809523809,2.5955882352941178,5.166666666666667,1,0.6309523809523809
YJL187C,0.0,1.4545454545454546,0.0,0,0.0
YBL105C,1.1899429073342116,2.378787878787879,0.0,1,1.1899429073342116
YPL140C,0.0,0.0,0.0,0,0.0
YMR167W,0.34090909090909094,3.720238095238095,2.0,0,0.34090909090909094
YLR035C,0.34090909090909094,3.4285714285714284,2.0,0,0.34090909090909094
YPL164C,0.0,0.0,0.0,0,0.0
YBR088C,2.0,8.458333333333334,7.0,1,2.0
YOL090W,1.2727272727272727,4.289473684210527,7.0,0,1.2727272727272727
YOR033C,0.0,0.0,0.0,0,0.0
YML095C,0.625,11.5,3.0,0,0.625
YMR201C,1.1439393939393938,37.8,9.5,0,1.1439393939393938
YPL022W,0.375,8.68421052631579,3.0,0,0.375
YER171W,6.909090909090911,25.25016278441201,10.0,1,6.909090909090911
YHR165C,0.71243961352657,3.333333333333333,13.0,1,0.71243961352657
YKR082W,0.576431989063568,2.023809523809524,2.0,0,0.576431989063568
YML103C,0.626984126984127,2.017857142857143,1.8958333333333333,0,0.626984126984127
YDL116W,3.8025285241074718,33.430952380952384,14.591666666666667,0,3.8025285241074718
YMR228W,0.0,0.0,0.0,0,0.0
YFL036W,0.0,0.0,0.0,0,0.0
YKL013C,3.6588235294117646,9.122077922077922,7.0,1,3.6588235294117646
YBR234C,0.0,0.0,0.0,1,0.0
YOR047C,0.0,0.0,0.0,0,0.0
YDR043C,0.0,0.0,0.0,0,0.0
YNL112W,0.0,0.0,0.0,1,0.0
YHR170W,0.0,0.0,0.0,1,0.0
YLR363C,0.0,0.0,0.0,0,0.0
YJL039C,0.0,0.0,0.0,1,0.0
YMR129W,0.4444444444444444,1.1428571428571428,2.6666666666666665,0,0.4444444444444444
YHR077C,0.2777777777777778,0.0,4.5,0,0.2777777777777778
YNR023W,5.547186147186147,17.22222222222222,72.33333333333334,0,5.547186147186147
YKL023W,0.0,0.0,0.0,0,0.0
YDR159W,0.0,0.0,0.0,0,0.0
YDR395W,0.1611111111111111,3.333333333333333,2.6666666666666665,1,0.1611111111111111
YOR185C,0.0,0.0,0.0,0,0.0
YNL189W,0.24263157894736842,8.641666666666666,5.333333333333333,1,0.24263157894736842
YPL124W,0.8999999999999999,16.583333333333336,6.527777777777778,1,0.8999999999999999
YKL042W,1.1254901960784314,21.25,8.805555555555555,1,1.1254901960784314
YNL225C,1.3666666666666667,1.0,4.5,1,1.3666666666666667
YOR373W,0.8333333333333333,0.0,1.9444444444444444,1,0.8333333333333333
YBR017C,0.0,0.0,0.0,0,0.0
YGL016W,0.45571095571095566,8.0,11.583333333333332,0,0.45571095571095566
YPL174C,0.7452380952380951,52.66666666666667,10.066666666666666,0,0.7452380952380951
YBL079W,0.225,0.0,1.8958333333333333,0,0.225
YOR194C,1.4484848484848485,14.25,6.25,1,1.4484848484848485
YKL058W,1.4484848484848485,16.5,6.25,1,1.4484848484848485
YJL143W,0.575,3.666666666666667,4.0,1,0.575
YNR017W,1.1776315789473684,3.4000000000000004,5.0,1,1.1776315789473684
YER107C,0.14,2.571428571428571,1.8958333333333333,0,0.14
YDR392W,9.200538401339315,50.59114116877274,14.0,0,9.200538401339315
YHR166C,7.5,28.4,25.416666666666668,1,7.5
YER161C,0.0,1.1111111111111112,0.0,0,0.0
YER047C,0.0,0.0,0.0,0,0.0
YML065W,15.565217391304353,113.412987012987,123.0,1,15.565217391304353
YKR101W,0.2637163561076604,2.1022727272727275,0.0,0,0.2637163561076604
YML109W,1.4244306418219463,37.90714285714286,0.0,0,1.4244306418219463
YLR045C,0.0,0.0,0.0,1,0.0
YER149C,0.4242424242424242,0.1666666666666666,0.0,0,0.1666666666666666
YPR159W,0.0,0.0,0.0,0,0.0
YGR178C,0.0,0.0,0.0,0,0.0
YMR061W,2.6128851540616247,2.083333333333333,6.5,1,2.6128851540616247
YGL044C,2.7628851540616246,2.083333333333333,14.0,1,2.7628851540616246
YAL059W,0.0,0.0,0.0,0,0.0
YGL094C,0.0,0.0,0.0,0,0.0
YER118C,0.501256038647343,20.545454545454547,5.0,0,0.501256038647343
YGL153W,2.3,9.0,5.0,0,2.3
YLR191W,1.2,2.0,6.75,0,1.2
YNL214W,2.55,2.0,5.0,0,2.55
YDR244W,1.8,2.0,5.0,0,1.8
YDR142C,2.55,5.0,6.75,0,2.55
YDL065C,0.0,0.0,0.0,0,0.0
YML042W,0.0,5.0,0.0,0,0.0
YGR077C,0.0,0.0,0.0,0,0.0
YOL001W,0.0,0.0,0.0,0,0.0
YPL089C,0.0,0.0,0.0,0,0.0
YNL233W,0.0,0.0,0.0,0,0.0
YBL061C,0.0,0.0,0.0,0,0.0
YBR023C,0.0,0.0,0.0,0,0.0
YMR284W,0.0,0.0,0.0,0,0.0
YJR052W,0.0,7.25,0.0,0,0.0
YDR169C,0.0,0.0,0.0,0,0.0
YMR019W,0.0,0.0,0.0,0,0.0
YKL072W,0.0,0.0,0.0,0,0.0
YLR026C,1.78718487394958,17.36111111111111,31.166666666666668,1,1.78718487394958
YHL031C,0.1875,2.0,2.9166666666666665,0,0.1875
YFL005W,0.19090909090909092,0.0,3.0,1,0.19090909090909092
YNL272C,0.0,0.0,0.0,1,0.0
YGR009C,0.3445378151260504,5.5,0.0,1,0.3445378151260504
YPL232W,0.4583333333333333,0.4285714285714285,0.0,0,0.4285714285714285
YAL030W,0.0,0.0,0.0,0,0.0
YBL050W,0.21428571428571425,6.211111111111111,9.833333333333332,1,0.21428571428571425
YBR080C,0.0,0.0,0.0,1,0.0
YDR164C,0.4583333333333333,2.761904761904762,0.0,1,0.4583333333333333
YNR049C,0.0,0.0,0.0,0,0.0
YJL025W,1.7333333333333334,16.25,7.666666666666667,1,1.7333333333333334
YMR270C,0.8,7.25,4.25,1,0.8
YLR075W,78.89344368280273,19.066666666666663,146.0,1,78.89344368280273
YIR012W,0.0,0.0,0.0,1,0.0
YLR119W,0.0,0.0,0.0,0,0.0
YMR235C,0.0,1.3333333333333333,0.0,1,0.0
YBR126C,1.5,2.033333333333333,3.0,0,1.5
YFL033C,0.0,0.0,0.0,0,0.0
YGR032W,1.5666666666666667,0.0,24.7,0,1.5666666666666667
YDL135C,0.0,0.0,0.0,0,0.0
YPL075W,0.0,0.0,0.0,1,0.0
YDR171W,0.0,0.0,0.0,0,0.0
YDR217C,0.0,2.4,0.0,0,0.0
YGR184C,0.15167310167310166,10.666666666666666,0.0,0,0.15167310167310166
YMR153W,0.0,0.5333333333333333,0.0,0,0.0
YKR072C,0.0,0.0,0.0,0,0.0
YJR043C,15.580905326557502,33.85051834130782,67.0,0,15.580905326557502
YNL102W,1.2026315789473685,2.761904761904762,2.0,1,1.2026315789473685
YOR217W,4.163636363636364,14.85,5.0,1,4.163636363636364
YJR068W,4.163636363636364,15.125,5.0,1,4.163636363636364
YNL290W,4.163636363636364,22.25,5.0,1,4.163636363636364
YOL094C,4.163636363636364,22.25,5.0,1,4.163636363636364
YBR087W,3.5636363636363635,18.375,5.0,1,3.5636363636363635
YNL262W,15.430905326557498,36.61242310321258,67.0,1,15.430905326557498
YIR008C,1.8916666666666666,7.0,0.0,1,1.8916666666666666
YKL045W,1.725,1.2857142857142856,0.0,1,1.2857142857142856
YMR203W,7.152777777777778,34.83333333333333,7.0,1,7.152777777777778
YNL131W,7.152777777777778,24.516666666666666,7.0,1,7.152777777777778
YJL124C,0.0,0.0,0.0,0,0.0
YAL019W,0.0,0.0,0.0,0,0.0
YBR214W,0.0,0.0,0.0,0,0.0
YBR274W,0.0,0.0,0.0,0,0.0
YCR024CA,2.0,0.0,0.0,0,0.0
YDL175C,0.0,2.1333333333333333,0.0,0,0.0
YEL060C,0.0,0.0,0.0,0,0.0
YER028C,0.0,0.0,0.0,0,0.0
YGL207W,0.0,0.0,0.0,1,0.0
YGR158C,0.0,0.0,0.0,1,0.0
YIL042C,0.0,0.0,0.0,0,0.0
YIL048W,0.0,0.0,0.0,1,0.0
YJR143C,0.0,0.0,0.0,0,0.0
YKR026C,2.4,3.5,0.0,0,2.4
YLR003C,0.0,0.0,0.0,0,0.0
YML088W,0.0,2.6666666666666665,0.0,0,0.0
YMR056C,0.0,0.0,0.0,0,0.0
YMR250W,0.0,0.0,0.0,0,0.0
YNL032W,0.0,2.6666666666666665,0.0,0,0.0
YNL163C,0.0,0.0,0.0,1,0.0
YNL276C,0.0,0.0,0.0,0,0.0
YOR109W,0.0,0.0,0.0,0,0.0
YOR147W,0.0,0.0,0.0,0,0.0
YOR320C,0.0,0.0,0.0,0,0.0
YPL152W,0.0,0.0,0.0,0,0.0
YBL026W,0.11428571428571428,0.0,5.25,1,0.11428571428571428
YAR003W,0.0,0.0,0.0,0,0.0
YBL066C,0.15357142857142858,0.0,4.5,0,0.15357142857142858
YCR020CA,0.0,0.0,0.0,0,0.0
YCR066W,0.0,0.0,0.0,0,0.0
YDR440W,0.0,0.0,0.0,0,0.0
YEL015W,0.30714285714285716,0.0,10.5,0,0.30714285714285716
YER025W,0.6666666666666666,2.1818181818181817,0.0,1,0.6666666666666666
YGL185C,0.0,0.0,0.0,0,0.0
YIL066C,2.0,20.133333333333333,15.5,0,2.0
YIL132C,0.0,0.0,0.0,0,0.0
YLR039C,0.0,0.0,0.0,0,0.0
YLR120C,0.0,0.0,0.0,0,0.0
YLR126C,0.0,0.0,0.0,0,0.0
YMR066W,0.0,0.0,0.0,0,0.0
YMR207C,0.0,0.0,0.0,0,0.0
YMR237W,0.0,0.0,0.0,0,0.0
YOL102C,0.0,0.0,0.0,1,0.0
YOL163W,0.0,0.0,0.0,0,0.0
YOR043W,0.0,0.0,0.0,0,0.0
YPL042C,3.1667582417582416,12.402380952380952,112.58333333333334,0,3.1667582417582416
YPL115C,0.13095238095238093,8.149999999999999,0.0,1,0.13095238095238093
YPL119C,0.0,0.0,0.0,0,0.0
YPL249CA,74.37647058823524,19.066666666666663,0.0,0,19.066666666666663
YPR184W,0.0,0.0,0.0,0,0.0
YDR166C,4.547619047619048,1.875,0.0,1,1.875
YLR128W,0.0,0.0,0.0,0,0.0
YNL264C,0.0,0.0,0.0,0,0.0
YNL287W,6.1222689075630266,48.51190476190476,18.1,1,6.1222689075630266
YPR032W,0.0,0.0,0.0,0,0.0
YER112W,0.0,18.0,0.0,1,0.0
YDL145C,7.384873949579833,46.46428571428572,30.5,1,7.384873949579833
YDR082W,0.0,0.0,0.0,1,0.0
YDR289C,0.0,0.0,0.0,0,0.0
YDR452W,0.0,0.0,0.0,0,0.0
YER124C,0.31746031746031744,4.4,0.0,0,0.31746031746031744
YIL029C,0.0,0.0,0.0,0,0.0
YBR108W,0.0,0.0,0.0,0,0.0
YLR438CA,0.46195652173913043,6.815789473684211,0.0,0,0.46195652173913043
YDL240W,0.0,0.0,0.0,0,0.0
YJR138W,0.0,0.0,0.0,0,0.0
YLR281C,0.0,0.0,0.0,0,0.0
YMR142C,78.89344368280273,19.066666666666663,146.0,0,78.89344368280273
YOR096W,54.79568284105483,54.327777777777776,64.5,0,54.79568284105483
YJL110C,0.6428571428571428,0.8571428571428571,25.2,0,0.6428571428571428
YJL155C,0.0,0.0,0.0,0,0.0
YKL209C,0.0,0.0,0.0,0,0.0
YLL032C,0.0,0.0,0.0,0,0.0
YLR386W,0.0,0.0,0.0,0,0.0
YOR195W,0.26785714285714285,8.25,3.111111111111111,0,0.26785714285714285
YOR219C,0.0,0.0,0.0,0,0.0
YER146W,0.03571428571428571,0.0,9.333333333333334,1,0.03571428571428571
YCR024C,0.0,0.0,0.0,0,0.0
YDL112W,0.0,0.0,0.0,0,0.0
YER131W,54.83139712676912,54.327777777777776,196.5,0,54.83139712676912
YFL066C,0.0,0.0,0.0,0,0.0
YGR210C,0.0,0.0,0.0,0,0.0
YHL008C,0.0,0.0,0.0,0,0.0
YIL038C,9.654899267399268,69.22619047619048,152.475,0,9.654899267399268
YJL084C,0.0,0.0,0.0,0,0.0
YLR058C,0.0,0.0,0.0,0,0.0
YOR201C,0.0,0.0,0.0,0,0.0
YPR010C,8.824497140286613,25.261507936507936,29.0,1,8.824497140286613
YDR378C,0.0,0.0,0.0,1,0.0
YGL251C,0.0,0.0,0.0,0,0.0
YJL139C,0.0,0.0,0.0,0,0.0
YLR053C,0.0,0.0,0.0,0,0.0
YMR221C,0.0,0.0,0.0,0,0.0
YDL077C,0.0,0.0,0.0,0,0.0
YNL147W,0.0,0.0,0.0,1,0.0
YIL112W,0.0,0.0,0.0,0,0.0
YBR034C,0.0,0.0,0.0,0,0.0
YBR044C,2.0,7.0,3.0,0,2.0
YCR107W,0.0,0.0,0.0,0,0.0
YDR127W,0.0,0.0,0.0,0,0.0
YDR135C,0.0,0.0,0.0,0,0.0
YEL023C,0.0,0.0,0.0,0,0.0
YGL028C,0.0,0.0,0.0,0,0.0
YJL004C,0.09903381642512077,0.0,0.0,0,0.0
YJL021C,0.0,0.0,0.0,0,0.0
YKR021W,0.0,0.0,0.0,0,0.0
YKR104W,0.0,0.0,0.0,0,0.0
YLL015W,0.0,0.0,0.0,0,0.0
YLR133W,0.0,0.0,0.0,0,0.0
YLR143W,0.0,0.0,0.0,0,0.0
YLR430W,0.0,0.0,0.0,1,0.0
YMR205C,0.0,0.0,0.0,0,0.0
YNL242W,0.0,0.0,0.0,0,0.0
YNL329C,0.0,0.0,0.0,0,0.0
YOL031C,0.0,0.0,0.0,0,0.0
YOL140W,0.0,0.0,0.0,0,0.0
YPR178W,0.0,0.0,0.0,1,0.0
YDR141C,0.0,0.0,0.0,1,0.0
YER115C,0.17261904761904762,20.0,0.0,0,0.17261904761904762
YGL143C,0.0,0.0,0.0,0,0.0
YMR002W,0.0,0.0,0.0,0,0.0
YNR027W,0.0,0.0,0.0,0,0.0
YGR116W,0.0,0.0,0.0,1,0.0
YJR140C,0.0,0.0,0.0,0,0.0
YLR082C,0.0,0.0,0.0,0,0.0
YAR009C,0.0,0.0,0.0,0,0.0
YBL034C,0.0,0.0,0.0,1,0.0
YBL037W,1.833333333333333,1.6,3.5,0,1.833333333333333
YBL054W,0.0,0.0,0.0,0,0.0
YCR076C,0.0,0.0,0.0,0,0.0
YGL014W,0.0,0.0,0.0,1,0.0
YHR186C,0.0,0.0,0.0,1,0.0
YIR014W,0.0,0.0,0.0,0,0.0
YIR024C,0.0,0.0,0.0,0,0.0
YJR023C,0.0,0.0,0.0,1,0.0
YKL133C,0.0,0.0,0.0,0,0.0
YKR031C,0.0,0.0,0.0,0,0.0
YKR054C,0.1588235294117647,0.0,4.0,0,0.1588235294117647
YLR451W,0.0,0.0,0.0,0,0.0
YML112W,1.0,8.833333333333332,1.9444444444444444,0,1.0
YOL151W,0.0,0.0,0.0,0,0.0
YOR093C,0.0,0.0,0.0,0,0.0
YOR124C,0.0,0.0,0.0,0,0.0
YJR065C,3.7299999999999995,10.889754689754689,6.0,1,3.7299999999999995
YPL090C,54.83139712676912,54.327777777777776,64.83333333333333,0,54.83139712676912
YBR217W,0.0,2.4,0.0,0,0.0
YDR022C,0.0,0.0,0.0,0,0.0
YGL078C,0.0,0.0,0.0,0,0.0
YLR424W,0.0,0.0,0.0,1,0.0
YHR171W,0.0,2.6666666666666665,0.0,0,0.0
YNL255C,0.0,0.0,0.0,0,0.0
YKL134C,0.0,0.0,0.0,0,0.0
YDL137W,0.0,0.0,0.0,0,0.0
YDR007W,0.0,0.0,0.0,0,0.0
YPL051W,0.0,2.0,0.0,0,0.0
YER044C,0.0,0.0,0.0,0,0.0
YGL183C,0.0,0.0,0.0,0,0.0
YGR242W,0.0,0.0,0.0,0,0.0
YJL115W,0.9538461538461539,3.825,8.5,0,0.9538461538461539
YMR200W,0.0,0.0,0.0,1,0.0
YLR399C,0.0,0.0,0.0,0,0.0
YIL002C,0.0,0.0,0.0,0,0.0
YDR410C,0.0,0.0,0.0,0,0.0
YNL244C,3.088538654328128,54.595238095238095,0.0,1,3.088538654328128
YOR338W,0.0,0.0,0.0,0,0.0
YGL233W,3.381818181818182,3.0416666666666665,10.38888888888889,1,3.381818181818182
YEL043W,0.8103896103896104,5.041666666666666,0.0,0,0.8103896103896104
YGR134W,0.0,0.0,0.0,0,0.0
YGR261C,1.875,0.0,5.277777777777778,0,1.875
YPL161C,0.857142857142857,32.666666666666664,0.0,0,0.857142857142857
YJR076C,0.7428571428571428,3.705882352941176,6.666666666666667,1,0.7428571428571428
YLL038C,0.0,0.0,0.0,0,0.0
YDR218C,0.0,0.8571428571428571,0.0,0,0.0
YDL064W,0.5214285714285714,5.843137254901961,5.833333333333333,1,0.5214285714285714
YER158C,0.0,0.0,0.0,0,0.0
YER114C,0.6101953601953602,27.25,6.0,0,0.6101953601953602
YOR370C,0.6666666666666666,0.6,0.0,1,0.6
YOR188W,0.0,0.0,0.0,0,0.0
YIR039C,0.0,0.0,0.0,0,0.0
YKL092C,0.0,0.0,0.0,0,0.0
YIL117C,0.0,0.0,0.0,0,0.0
YPL095C,0.0,0.0,0.0,0,0.0
YOR299W,0.0,0.0,0.0,0,0.0
YGL095C,0.0,0.0,0.0,0,0.0
YKL082C,0.4199134199134199,4.688636363636364,2.0,1,0.4199134199134199
YMR293C,0.0,0.0,0.0,0,0.0
YKL007W,0.0,0.0,0.0,0,0.0
YOR284W,0.7712313112770779,0.0,54.45,0,0.7712313112770779
YBR130C,0.0,0.0,0.0,0,0.0
YJL008C,5.999999999999999,7.0,7.0,1,5.999999999999999
YLR206W,0.0,0.0,0.0,0,0.0
YGR221C,0.0,0.0,0.0,0,0.0
YIL079C,0.0,0.0,0.0,0,0.0
YER059W,0.0,33.0,0.0,0,0.0
YIL050W,0.0,0.0,0.0,0,0.0
YNL309W,1.1,25.04,2.25,0,1.1
YKL014C,0.0,0.0,0.0,1,0.0
YKR077W,0.0,0.0,0.0,0,0.0
YBL103C,0.41666666666666663,0.0,2.0,0,0.41666666666666663
YDL126C,0.0,0.0,0.0,1,0.0
YDR274C,0.0,0.0,0.0,0,0.0
YIL084C,0.0,0.0,0.0,0,0.0
YJL036W,0.0,0.0,0.0,0,0.0
YNL234W,0.0,0.0,0.0,0,0.0
YNL087W,0.0,0.0,0.0,0,0.0
YPR120C,0.16666666666666666,1.625,0.0,1,0.16666666666666666
YMR232W,0.0,0.0,0.0,0,0.0
YPL269W,0.0,0.0,0.0,0,0.0
YDR122W,0.0,0.0,0.0,0,0.0
YMR036C,0.0,0.0,0.0,0,0.0
YDR130C,0.20833333333333331,6.461538461538462,0.0,1,0.20833333333333331
YJL048C,0.0,0.0,0.0,0,0.0
YOR066W,0.0,0.0,0.0,0,0.0
YOR264W,0.0,0.0,0.0,0,0.0
YOR269W,0.3666666666666667,0.0,0.0,0,0.0
YPL014W,0.0,0.0,0.0,0,0.0
YML095CA,0.0,0.0,0.0,0,0.0
YMR111C,0.0,0.0,0.0,0,0.0
YDL186W,0.0,0.0,0.0,0,0.0
YHR182W,0.0,0.0,0.0,0,0.0
YOR324C,0.0,0.0,0.0,0,0.0
YHR039CA,12.5343487394958,61.35194805194806,0.0,0,12.5343487394958
YKL057C,3.529693814956973,24.1510989010989,13.591666666666667,0,3.529693814956973
YLR429W,0.0,0.0,0.0,0,0.0
YPL032C,0.0,0.0,0.0,0,0.0
YNL094W,0.27531586770717204,0.0,17.25,0,0.27531586770717204
YNL027W,0.30000000000000004,0.0,0.0,0,0.0
YHR207C,0.0,0.0,0.0,0,0.0
YNR018W,0.0,0.0,0.0,0,0.0
YGR005C,0.5227272727272727,0.25,2.0,1,0.5227272727272727
YHR191C,0.0,0.0,0.0,0,0.0
YCR054C,0.0,0.0,0.0,1,0.0
YMR032W,0.6130555555555555,2.0404040404040407,1.0,1,0.6130555555555555
YDL097C,32.76096847175153,270.85,0.0,1,32.76096847175153
YCR027C,0.0,0.0,0.0,0,0.0
YNL013C,0.0,0.0,0.0,0,0.0
YDL101C,0.0,6.0,0.0,0,0.0
YBR205W,0.09903381642512077,0.0,0.0,0,0.0
YDR051C,0.0,6.0,0.0,0,0.0
YJR113C,0.0,0.0,0.0,0,0.0
YKL048C,0.0,0.6153846153846154,0.0,0,0.0
YBR102C,0.0,0.0,0.0,1,0.0
YNR046W,0.0,0.0,0.0,1,0.0
YMR052W,0.0,0.0,0.0,0,0.0
YJL184W,0.0,0.0,0.0,1,0.0
YDR373W,0.0,0.0,0.0,1,0.0
YML058W,0.5833333333333333,16.75,1.0,0,0.5833333333333333
YFL034CB,0.0,0.0,0.0,0,0.0
YCL011C,0.0,0.0,0.0,0,0.0
YMR238W,0.16233766233766234,3.5,2.0,0,0.16233766233766234
YCR086W,0.4199134199134199,6.428571428571429,1.3333333333333333,0,0.4199134199134199
YMR055C,0.9166666666666666,15.2,6.65,0,0.9166666666666666
YJL030W,0.0,0.0,0.0,0,0.0
YER122C,0.0,0.0,0.0,0,0.0
YBR128C,0.0,0.0,0.0,0,0.0
YJL080C,0.0,0.0,0.0,0,0.0
YBR116C,0.0,0.0,0.0,0,0.0
YDR179C,0.0,0.0,0.0,0,0.0
YHL026C,0.0,0.0,0.0,0,0.0
YMR069W,0.0,0.0,0.0,0,0.0
YGL181W,0.8389368069001936,0.0,44.78333333333334,0,0.8389368069001936
YOR384W,0.0,0.0,0.0,0,0.0
YBR138C,0.0,0.0,0.0,0,0.0
YBR272C,0.0,0.0,0.0,0,0.0
YAR018C,0.0,0.0,0.0,0,0.0
YLL019C,0.0,0.0,0.0,0,0.0
YHR086W,0.0,0.0,0.0,1,0.0
YJL141C,0.0,2.8,0.0,0,0.0
YAL004W,0.0,0.0,0.0,0,0.0
YGR241C,0.0,0.0,0.0,0,0.0
YDR511W,0.0,0.0,0.0,0,0.0
YER045C,0.0,0.0,0.0,0,0.0
YFR024C,1.6864454614797868,2.355555555555556,0.0,0,1.6864454614797868
YPR171W,0.31893837156995053,2.0075757575757573,2.6666666666666665,0,0.31893837156995053
YMR106C,0.0,2.1538461538461537,0.0,0,0.0
YGR118W,54.795682841054834,54.327777777777776,0.0,0,54.327777777777776
YMR048W,0.0,0.0,0.0,0,0.0
YDL125C,0.0,0.0,0.0,0,0.0
YJL102W,0.0,0.0,0.0,0,0.0
YGL060W,0.0,0.0,0.0,0,0.0
YBR133C,0.0,7.0,0.0,0,0.0
YGL187C,5.999999999999999,9.6,5.0,0,5.999999999999999
YNL106C,0.0,0.0,0.0,0,0.0
YDL230W,0.0,0.0,0.0,0,0.0
YER104W,0.0,0.0,0.0,1,0.0
YPR173C,0.6666666666666666,0.0,0.0,0,0.0
YPR188C,0.0,0.0,0.0,0,0.0
YOL065C,0.0,0.0,0.0,0,0.0
YJL117W,0.0,0.0,0.0,0,0.0
YJR010CA,1.0,0.0,0.0,0,0.0
YPL209C,0.8333333333333334,3.2857142857142856,3.0,1,0.8333333333333334
YOR084W,0.0,0.0,0.0,0,0.0
YLR428C,0.0,0.0,0.0,0,0.0
YAL032C,0.0,0.0,0.0,1,0.0
YHR133C,0.0,0.0,0.0,0,0.0
YJL151C,0.19458937198067633,1.8,0.0,0,0.19458937198067633
YPL246C,0.19458937198067633,0.0,0.0,0,0.0
YDR460W,7.026262626262626,75.4,8.0,1,7.026262626262626
YIL128W,0.0,2.0,0.0,0,0.0
YNL173C,0.0,0.0,0.0,0,0.0
YER068W,9.68695054945055,44.142857142857146,150.475,0,9.68695054945055
YPL064C,0.0,0.0,0.0,0,0.0
YPL191C,0.0,0.0,0.0,0,0.0
YOR207C,7.827217616691301,19.410714285714285,76.5,1,7.827217616691301
YDR095C,0.0,0.0,0.0,0,0.0
YNL245C,0.0,0.0,0.0,1,0.0
YOR087W,0.0,0.0,0.0,0,0.0
YGR014W,0.0,0.0,0.0,0,0.0
YNL293W,0.0,0.0,0.0,0,0.0
YOL112W,0.0,0.0,0.0,0,0.0
YPL093W,0.0,0.0,0.0,1,0.0
YOR074C,0.0,0.0,0.0,1,0.0
YLR359W,0.0,0.0,0.0,1,0.0
YMR159C,0.0,1.5384615384615383,0.0,0,0.0
YHR129C,0.0,0.0,0.0,0,0.0
YLL001W,0.0,0.0,0.0,0,0.0
YHR068W,0.0,0.0,0.0,1,0.0
YOR326W,0.0,0.0,0.0,1,0.0
YBL058W,0.0,0.0,0.0,0,0.0
YMR096W,0.0,0.0,0.0,0,0.0
YJR159W,0.0,0.0,0.0,0,0.0
YKL020C,0.0,15.6,0.0,0,0.0
YMR271C,0.0,0.0,0.0,0,0.0
YOR229W,0.0,0.0,0.0,1,0.0
YAL055W,0.0,0.0,0.0,0,0.0
YDR132C,0.0,0.0,0.0,0,0.0
YGL037C,0.0,0.0,0.0,0,0.0
YKL061W,0.0,0.0,0.0,0,0.0
YKR064W,0.0,0.0,0.0,0,0.0
YOL070C,0.0,0.0,0.0,0,0.0
YPR172W,0.0,0.0,0.0,0,0.0
YLL004W,16.826275174101266,44.82269309637731,123.0,1,16.826275174101266
YGL169W,0.0,0.0,0.0,1,0.0
YAR020C,0.0,0.0,0.0,0,0.0
YBR222C,0.0,0.0,0.0,0,0.0
YDR455C,0.0,0.0,0.0,0,0.0
YDR113C,0.0,16.0,0.0,1,0.0
YGR060W,0.0,0.0,0.0,1,0.0
YMR257C,0.0,0.0,0.0,0,0.0
YKL143W,0.0,0.0,0.0,0,0.0
YMR233W,0.0,0.0,0.0,0,0.0
YOR197W,0.0,0.0,0.0,0,0.0
YGR123C,0.0,0.0,0.0,0,0.0
YMR008C,0.0,0.0,0.0,0,0.0
YDL134C,0.0,2.0,0.0,0,0.0
YNL011C,0.0,0.0,0.0,0,0.0
YOR362C,30.61956133297598,359.99047619047616,80.66666666666667,1,30.61956133297598
YMR154C,0.0,0.0,0.0,0,0.0
YFR026C,0.0,0.0,0.0,0,0.0
YGL165C,0.0,0.0,0.0,0,0.0
YLR076C,0.0,0.0,0.0,1,0.0
YPR103W,30.770934959349603,389.2999999999999,82.66666666666667,1,30.770934959349603
YOL145C,0.04945054945054945,0.2608695652173913,4.0,0,0.04945054945054945
YDL123W,0.15842490842490842,4.0,0.0,0,0.15842490842490842
YPL066W,0.0,0.0,0.0,0,0.0
YJL001W,32.76096847175153,380.1,80.66666666666667,1,32.76096847175153
YPR180W,0.0,0.0,0.0,1,0.0
YFR050C,29.102206736353068,357.95714285714286,83.41666666666666,1,29.102206736353068
YGR067C,0.050706033376123234,2.023809523809524,0.0,0,0.050706033376123234
YNL253W,0.0,0.0,0.0,0,0.0
YIL007C,0.055598455598455596,29.666666666666668,0.0,0,0.055598455598455596
YBL041W,31.817222722517982,436.4000000000001,83.41666666666666,1,31.817222722517982
YML092C,32.76096847175153,380.1,80.66666666666666,1,32.76096847175153
YGR135W,33.031423455364404,278.4095238095238,80.66666666666666,0,33.031423455364404
YPR025C,6.781818181818182,19.21989962651727,0.0,1,6.781818181818182
YKR086W,0.0,0.0,0.0,1,0.0
YPR082C,0.0,0.0,0.0,1,0.0
YPL023C,0.0,0.0,0.0,0,0.0
YBR173C,32.76096847175153,367.50000000000006,0.0,0,32.76096847175153
YBL004W,0.0,0.0,0.0,1,0.0
YGR173W,0.0,0.0,0.0,0,0.0
YHR194W,0.0,0.0,0.0,0,0.0
YJR070C,0.0,0.0,0.0,0,0.0
YKL075C,0.0,0.0,0.0,0,0.0
YLR118C,0.0,0.0,0.0,0,0.0
YLR462W,0.0,0.0,0.0,0,0.0
YOL063C,0.0,0.0,0.0,0,0.0
YPL067C,0.0,0.0,0.0,0,0.0
YPR177C,0.0,0.0,0.0,1,0.0
YJR127C,0.0,0.0,0.0,0,0.0
YDR235W,0.0,0.0,0.0,1,0.0
YJR131W,0.0,0.0,0.0,0,0.0
YER144C,0.0,0.0,0.0,0,0.0
YOR157C,31.97558666136973,393.6,87.16666666666666,1,31.97558666136973
YDL103C,0.0,0.0,0.0,1,0.0
YDR288W,0.0,0.0,0.0,1,0.0
YDL105W,0.6666666666666666,4.117857142857143,8.5,1,0.6666666666666666
YNR031C,0.0,0.0,0.0,0,0.0
YHR216W,0.0,0.0,0.0,0,0.0
YER168C,0.0,0.0,0.0,1,0.0
YLR289W,0.0,0.0,0.0,0,0.0
YLR207W,1.3333333333333333,2.2976190476190474,3.583333333333333,0,1.3333333333333333
YOR171C,0.0,0.0,0.0,0,0.0
YDR334W,0.0,0.0,0.0,0,0.0
YBL089W,0.0,0.0,0.0,0,0.0
YDR320C,0.75,0.0,1.3333333333333333,0,0.75
YER066W,0.0,0.0,0.0,0,0.0
YGL050W,0.0,0.0,0.0,0,0.0
YHR112C,0.0,0.0,0.0,0,0.0
YKL179C,0.0,0.0,0.0,0,0.0
YOR051C,0.0,0.0,0.0,0,0.0
YNR063W,0.0,0.0,0.0,0,0.0
YMR179W,0.0,0.0,0.0,1,0.0
YNL201C,0.0,0.0,0.0,0,0.0
YGL200C,4.6693306693306695,17.0,35.69444444444444,0,4.6693306693306695
YKL153W,0.0,0.0,0.0,1,0.0
YHR031C,0.0,0.0,0.0,0,0.0
YNL204C,0.0,0.0,0.0,0,0.0
YNR052C,9.726190476190474,77.0309523809524,158.475,1,9.726190476190474
YLL036C,0.41666666666666663,2.0,2.0,1,0.41666666666666663
YBR188C,0.0,0.0,0.0,0,0.0
YDL138W,0.0,0.0,0.0,0,0.0
YMR035W,0.0,0.0,0.0,0,0.0
YPL145C,0.0,0.0,0.0,0,0.0
YJL186W,0.0,0.0,0.0,0,0.0
YBR251W,12.000000000000002,35.25,22.555555555555557,0,12.000000000000002
YEL026W,0.0,0.0,0.0,1,0.0
YPR023C,0.0,0.0,0.0,0,0.0
YPR077C,0.0,0.0,0.0,0,0.0
YPR079W,0.0,0.0,0.0,0,0.0
YNL180C,0.0,0.0,0.0,0,0.0
YLL033W,0.0,0.0,0.0,0,0.0
YEL037C,1.2258599508599508,12.88452380952381,8.5,0,1.2258599508599508
YHR027C,30.48760162601627,291.2904761904762,0.0,1,30.48760162601627
YKL171W,0.0,0.0,0.0,0,0.0
YFR004W,31.71377842456149,274.789393939394,0.0,1,31.71377842456149
YER049W,0.0,0.0,0.0,0,0.0
YDL147W,32.22128593206897,506.9166666666666,0.0,1,32.22128593206897
YPL026C,0.0,1.1428571428571428,0.0,0,0.0
YPR108W,32.86875235453541,273.35,0.0,1,32.86875235453541
YLR264W,47.38461538461541,223.1500000000002,187.5,0,47.38461538461541
YAL018C,0.0,0.0,0.0,0,0.0
YKL176C,0.0,0.0,0.0,0,0.0
YKL145W,28.857142857142865,291.1326949620428,90.16666666666666,1,28.857142857142865
YOR259C,30.566447779862425,275.0402777777778,0.0,1,30.566447779862425
YMR216C,0.054212454212454214,0.0,0.0,0,0.0
YGR146C,0.0,0.0,0.0,0,0.0
YOR117W,32.084174008114964,368.9809523809524,81.66666666666666,1,32.084174008114964
YOR177C,0.0,0.0,0.0,0,0.0
YKL135C,1.5,4.75,9.15,0,1.5
YBL025W,0.75,2.0,2.0,0,0.75
YJL047C,0.0,0.0,0.0,0,0.0
YJR073C,0.0,0.0,0.0,0,0.0
YLR144C,0.09706959706959706,1.6666666666666667,2.0,0,0.09706959706959706
YJR083C,0.09706959706959706,0.0,0.0,0,0.0
YMR192W,0.09706959706959706,0.7142857142857143,1.0,0,0.09706959706959706
YNL086W,0.0,0.0,0.0,0,0.0
YMR190C,0.0,0.0,0.0,0,0.0
YER101C,0.0,0.0,0.0,0,0.0
YLL009C,0.0,0.0,0.0,0,0.0
YOL135C,17.15925654056089,155.0666666666667,20.0,1,17.15925654056089
YOR158W,12.000000000000002,61.5,22.555555555555557,0,12.000000000000002
YBL030C,0.25263157894736843,0.0,0.0,1,0.0
YLR273C,0.0,0.0,0.0,0,0.0
YOR307C,0.0,0.0,0.0,0,0.0
YKL173W,0.0,0.0,0.0,1,0.0
YDR160W,0.0,0.0,0.0,1,0.0
YAL028W,0.0,0.0,0.0,0,0.0
YCR082W,0.0,0.0,0.0,0,0.0
YDL133W,0.0,0.0,0.0,0,0.0
YDL173W,0.0,0.0,0.0,0,0.0
YKL090W,0.0,0.0,0.0,0,0.0
YOL032W,0.0,0.0,0.0,0,0.0
YOL036W,0.0,0.0,0.0,0,0.0
YOR245C,0.0,0.0,0.0,0,0.0
YPL192C,0.0,0.0,0.0,0,0.0
YLR130C,0.0,0.0,0.0,0,0.0
YGL201C,16.707181491277602,38.946069719753936,123.0,1,16.707181491277602
YHR087W,0.0,0.0,0.0,0,0.0
YBR098W,0.09903381642512077,0.0,0.0,0,0.0
YCR009C,0.0,3.333333333333333,0.0,0,0.0
YJR115W,0.0,0.0,0.0,0,0.0
YLR436C,0.0,0.0,0.0,0,0.0
YGR098C,0.0,0.0,0.0,1,0.0
YJL085W,4.739926739926741,3.0416666666666665,12.0,1,4.739926739926741
YER127W,0.0,0.0,0.0,1,0.0
YMR287C,11.576633892423368,35.898809523809526,36.0,0,11.576633892423368
YPR055W,4.73992673992674,3.0416666666666665,8.61111111111111,1,4.73992673992674
YDR515W,0.0,0.0,0.0,0,0.0
YIL147C,0.0,0.0,0.0,1,0.0
YDR189W,0.5390756302521008,4.646825396825397,6.75,1,0.5390756302521008
YNL239W,0.0,0.0,0.0,0,0.0
YOR075W,0.7009803921568627,4.5,6.0,1,0.7009803921568627
YPR088C,4.0,10.533333333333331,63.3,1,4.0
YNL003C,0.0,0.0,0.0,0,0.0
YOR213C,6.076923076923077,62.60000000000001,21.5,0,6.076923076923077
YPL138C,0.0,0.0,0.0,0,0.0
YBL106C,0.16666666666666666,4.564102564102564,0.0,0,0.16666666666666666
YCL017C,0.0,0.0,0.0,1,0.0
YHR098C,0.0,0.0,0.0,1,0.0
YKR030W,0.09903381642512077,0.0,0.0,0,0.0
YHR070W,0.0,0.0,0.0,1,0.0
YMR183C,0.0,0.0,0.0,0,0.0
YJR093C,0.75,1.4,2.0,1,0.75
YDR362C,2.6,7.25,12.5,1,2.6
YPR193C,0.0,0.0,0.0,0,0.0
YCL036W,0.0,0.0,0.0,0,0.0
YPR051W,0.0,0.0,0.0,0,0.0
YOL043C,0.0,0.0,0.0,0,0.0
YDR229W,0.0,0.0,0.0,0,0.0
YPR182W,0.0,0.0,0.0,1,0.0
YDR416W,0.0,2.2857142857142856,0.0,1,0.0
YPL181W,0.7221804511278195,12.0,4.0,0,0.7221804511278195
YEL051W,11.57790012556747,154.33333333333334,0.0,0,11.57790012556747
YOR270C,11.545512170385395,66.39361471861471,36.66666666666667,0,11.545512170385395
YPL120W,0.0,0.0,0.0,0,0.0
YDL016C,0.0,0.0,0.0,1,0.0
YDL239C,1.2,2.0,2.388888888888889,0,1.2
YKR020W,0.0,0.0,0.0,0,0.0
YLL049W,0.0,0.0,0.0,0,0.0
YCR079W,0.0,1.7777777777777777,0.0,0,0.0
YDR146C,0.0,0.0,0.0,0,0.0
YPL121C,0.0,0.0,0.0,0,0.0
YCR087W,0.0,0.0,0.0,0,0.0
YDR212W,5.999999999999999,7.0,7.0,1,5.999999999999999
YML064C,0.3333333333333333,4.1,0.0,1,0.3333333333333333
YBL112C,0.0,0.0,0.0,0,0.0
YLR234W,0.0,0.0,0.0,0,0.0
YGL135W,78.89344368280273,19.066666666666663,0.0,0,19.066666666666663
YLR306W,0.0,0.0,0.0,0,0.0
YER100W,0.0,2.0,0.0,0,0.0
YBR235W,0.0,0.0,0.0,0,0.0
YDR499W,0.0,0.0,0.0,1,0.0
YHR108W,0.0,0.0,0.0,0,0.0
YHR082C,0.0,0.0,0.0,1,0.0
YJR061W,0.0,0.0,0.0,0,0.0
YLR131C,0.0,0.0,0.0,0,0.0
YMR180C,0.0,0.0,0.0,0,0.0
YML117W,0.0,0.0,0.0,0,0.0
YNL196C,0.0,0.0,0.0,0,0.0
YOR371C,0.6666666666666666,12.1,9.333333333333334,0,0.6666666666666666
YDL189W,0.0,0.0,0.0,0,0.0
YLL060C,0.0,0.0,0.0,0,0.0
YOL069W,3.019607843137255,29.666666666666668,40.25,1,3.019607843137255
YFL008W,2.352941176470588,11.475,37.25,1,2.352941176470588
YFR031C,1.233288770053476,2.5,10.055555555555555,1,1.233288770053476
YIR017C,1.2302521008403362,0.0,10.666666666666668,0,1.2302521008403362
YGR089W,0.16993464052287582,0.0,2.9166666666666665,0,0.16993464052287582
YDL181W,10.111111111111109,63.66666666666666,22.0,0,10.111111111111109
YAL011W,0.3666666666666667,0.0,0.0,0,0.0
YNL250W,1.599579831932773,3.9333333333333336,0.0,0,1.599579831932773
YHL010C,0.0,0.0,0.0,0,0.0
YDR201W,0.9378851540616246,12.666666666666668,8.25,1,0.9378851540616246
YDR295C,1.3845238095238095,5.916666666666666,17.0,0,1.3845238095238095
YLR190W,0.0,0.0,0.0,0,0.0
YGL075C,0.0,0.0,0.0,1,0.0
YJL074C,1.3575757575757574,11.541666666666666,14.166666666666666,1,1.3575757575757574
YNL079C,0.0,0.0,0.0,0,0.0
YDL072C,0.0,0.0,0.0,0,0.0
YIR018W,0.0,0.0,0.0,0,0.0
YHR158C,0.3333333333333333,2.6666666666666665,0.0,0,0.3333333333333333
YMR124W,0.4242424242424242,6.0,0.0,0,0.4242424242424242
YER018C,0.0,0.0,0.0,1,0.0
YDL074C,1.6034695696460401,7.208333333333333,23.333333333333332,0,1.6034695696460401
YNL153C,2.4,4.023809523809524,0.0,0,2.4
YNL103W,0.9999999999999999,0.0,13.333333333333334,1,0.9999999999999999
YDL099W,0.0,0.0,0.0,0,0.0
YKL050C,0.0,0.0,0.0,0,0.0
YDL087C,0.0,0.0,0.0,1,0.0
YEL061C,0.0,1.3333333333333333,0.0,0,0.0
YLR454W,0.0,0.0,0.0,1,0.0
YGR130C,0.1588235294117647,0.0,0.0,0,0.0
YLR086W,0.29567099567099564,1.0,2.0,1,0.29567099567099564
YJR035W,0.0,0.0,0.0,0,0.0
YPL018W,0.0,0.0,0.0,0,0.0
YLR254C,0.0,0.0,0.0,0,0.0
YLR314C,0.2857142857142857,0.3846153846153846,2.0,1,0.2857142857142857
YGR059W,0.0,0.0,0.0,0,0.0
YBR211C,0.0,0.0,0.0,1,0.0
YPL155C,0.6666666666666666,2.5,5.833333333333333,0,0.6666666666666666
YBR057C,0.0,0.0,0.0,0,0.0
YJR112W,1.7655462184873947,8.32777777777778,23.583333333333332,1,1.7655462184873947
YDR150W,0.929004329004329,4.083333333333334,17.0,0,0.929004329004329
YLR200W,2.85,4.761904761904762,0.0,0,2.85
YGL093W,0.0,0.0,0.0,1,0.0
YKL101W,0.0,0.0,0.0,1,0.0
YBL099W,12.068055555555558,45.95,14.0,0,12.068055555555558
YNL315C,0.1380952380952381,2.333333333333333,4.0,0,0.1380952380952381
YJL180C,0.0,0.0,0.0,0,0.0
YJR121W,12.753769841269843,43.12142857142857,14.0,0,12.753769841269843
YPR163C,0.0,0.0,0.0,0,0.0
YLR155C,0.0,0.0,0.0,0,0.0
YBR048W,53.89969286611752,54.327777777777776,0.0,0,53.89969286611752
YAR066W,0.0,0.0,0.0,0,0.0
YCL014W,0.0,0.0,0.0,0,0.0
YGR296W,0.0,0.0,0.0,0,0.0
YKL011C,0.2222222222222222,45.0,16.25,0,0.2222222222222222
YNL191W,0.0,0.0,0.0,0,0.0
YOR128C,0.0,0.0,0.0,0,0.0
YMR323W,0.0,0.0,0.0,0,0.0
YOR285W,0.0,0.0,0.0,0,0.0
YLR135W,0.0,0.0,0.0,0,0.0
YLR056W,0.0,0.0,0.0,0,0.0
YKL017C,0.0,0.0,0.0,0,0.0
YBL081W,0.0,0.0,0.0,0,0.0
YOL131W,0.0,0.0,0.0,0,0.0
YNL034W,0.0,0.0,0.0,0,0.0
YHR203C,53.89969286611752,317.1666666666667,187.5,0,53.89969286611752
YMR134W,0.0,0.0,0.0,1,0.0
YEL054C,78.89344368280273,19.066666666666663,146.0,0,78.89344368280273
YLR295C,11.284722222222221,49.06666666666666,12.0,0,11.284722222222221
YAR060C,0.0,0.0,0.0,0,0.0
YPR102C,77.03916786226686,19.066666666666663,74.0,0,74.0
YLR197W,0.8333333333333333,5.333333333333333,2.0,1,0.8333333333333333
YER175C,0.0,0.0,0.0,0,0.0
YNL070W,6.222222222222222,22.9,6.0,0,6.222222222222222
YLR145W,0.0,0.0,0.0,1,0.0
YKR019C,0.0,0.0,0.0,0,0.0
YBR068C,0.0,0.0,0.0,0,0.0
YDR385W,0.0,0.0,0.0,0,0.0
YOL006C,0.0,0.0,0.0,0,0.0
YJR091C,0.0,0.0,0.0,0,0.0
YDL153C,0.0,0.0,0.0,1,0.0
YDL094C,0.0,0.0,0.0,0,0.0
YER081W,0.0,0.0,0.0,0,0.0
YDR459C,0.0,0.0,0.0,0,0.0
YHR114W,0.2338235294117647,0.0,3.0,0,0.2338235294117647
YBL087C,78.89344368280273,19.066666666666663,0.0,0,19.066666666666663
YDL075W,78.89344368280273,19.066666666666663,146.0,0,78.89344368280273
YJR067C,0.0,0.0,0.0,1,0.0
YNL021W,0.0,0.0,0.0,0,0.0
YDL042C,0.0,0.0,0.0,0,0.0
YDR296W,0.0,0.0,0.0,0,0.0
YIL075C,32.187037585978544,286.75178571428575,0.0,1,32.187037585978544
YGR092W,9.58333333333333,44.142857142857146,81.3,0,9.58333333333333
YAR019C,0.0,0.0,0.0,1,0.0
YCL024W,0.0,0.0,0.0,0,0.0
YCR002C,0.39285714285714285,0.0,2.0,0,0.39285714285714285
YKR048C,0.0,0.0,0.0,0,0.0
YLR457C,0.0,0.0,0.0,1,0.0
YDR162C,0.0,0.0,0.0,0,0.0
YOR308C,0.12173913043478261,0.0,4.5,0,0.12173913043478261
YDR088C,0.0,0.0,0.0,1,0.0
YKL012W,0.0,0.0,0.0,1,0.0
YMR213W,0.0,0.0,0.0,1,0.0
YGR129W,0.0,0.0,0.0,0,0.0
YPR185W,0.0,0.0,0.0,0,0.0
YEL013W,0.0,0.0,0.0,0,0.0
YGL180W,0.0,0.0,0.0,1,0.0
YLR423C,0.7214285714285713,14.62179487179487,10.066666666666666,0,0.7214285714285713
YPR049C,0.0,0.0,0.0,0,0.0
YBL078C,0.29166666666666663,2.2666666666666666,0.8,0,0.29166666666666663
YER177W,0.0,0.0,0.0,0,0.0
YNL314W,1.1428571428571428,7.5,0.0,0,1.1428571428571428
YIR023W,1.1428571428571428,0.4,0.0,0,0.4
YNR001C,0.0,0.0,0.0,0,0.0
YKL085W,0.0,0.0,0.0,0,0.0
YCR005C,0.0,0.0,0.0,0,0.0
YGL162W,0.0,0.0,0.0,0,0.0
YOR358W,1.5,2.1142857142857143,3.0,0,1.5
YEL002C,7.6477272727272725,4.583333333333334,7.0,1,7.0
YMR149W,7.6477272727272725,4.583333333333334,7.0,1,7.0
YGL022W,7.6477272727272725,4.583333333333334,7.0,1,7.0
YJL002C,7.6477272727272725,9.916666666666666,7.0,1,7.6477272727272725
YPL096W,0.0,0.0,0.0,0,0.0
YLR342W,1.5666666666666667,0.0,7.34,0,1.5666666666666667
YLR371W,0.0,0.0,0.0,1,0.0
YOR008C,0.0,0.0,0.0,0,0.0
YLR332W,0.0,0.0,0.0,0,0.0
YNL090W,0.30952380952380953,14.583333333333332,1.3333333333333333,0,0.30952380952380953
YIL118W,1.3333333333333333,3.625,0.0,1,1.3333333333333333
YBR260C,0.0,0.0,0.0,0,0.0
YAR064W,0.0,0.0,0.0,0,0.0
YBR213W,0.0,0.0,0.0,0,0.0
YBR229C,0.0,0.0,0.0,0,0.0
YDR231C,0.0,0.0,0.0,1,0.0
YDR292C,0.0,0.0,0.0,1,0.0
YER023W,0.0,11.0,0.0,1,0.0
YFL003C,0.0,0.0,0.0,0,0.0
YFL010WA,0.0,0.0,0.0,0,0.0
YFR054C,0.0,0.0,0.0,0,0.0
YGL063W,0.0,0.0,0.0,0,0.0
YGL229C,0.0,0.0,0.0,0,0.0
YGR034W,78.89344368280273,19.066666666666663,146.0,0,78.89344368280273
YGR050C,0.0,0.0,0.0,0,0.0
YGR144W,0.0,6.285714285714286,0.0,0,0.0
YGR253C,32.81502252580558,383.76666666666665,80.66666666666666,1,32.81502252580558
YHR028C,0.0,0.0,0.0,0,0.0
YKL175W,0.0,0.0,0.0,0,0.0
YKR025W,0.0,0.0,0.0,1,0.0
YLL051C,0.0,0.0,0.0,0,0.0
YLR443W,0.0,0.0,0.0,0,0.0
YNL066W,0.0,0.0,0.0,0,0.0
YNL202W,0.0,0.0,0.0,0,0.0
YOR029W,0.0,0.0,0.0,0,0.0
YGR229C,0.0,0.0,0.0,0,0.0
YGR185C,0.0,0.0,0.0,1,0.0
YMR273C,0.16233766233766234,2.0090909090909093,2.0,0,0.16233766233766234
YOR156C,0.17142857142857143,5.843137254901961,0.0,0,0.17142857142857143
YLR353W,0.0,0.0,0.0,0,0.0
YER096W,0.0,0.0,0.0,0,0.0
YDL020C,32.81656692734998,350.2666666666667,153.33333333333331,0,32.81656692734998
YGR268C,0.09903381642512077,0.0,0.0,0,0.0
YHR149C,0.0,0.0,0.0,0,0.0
YKR034W,0.6428571428571428,3.5,25.2,0,0.6428571428571428
YFL021W,0.0,0.0,0.0,0,0.0
YER143W,0.0,0.0,0.0,0,0.0
YAL014C,0.0,0.0,0.0,0,0.0
YOR329C,0.0,0.0,0.0,1,0.0
YPL074W,0.0,0.0,0.0,0,0.0
YBL052C,0.0,0.0,0.0,0,0.0
YLR258W,0.0,4.0,0.0,0,0.0
YNL167C,0.26785714285714285,12.6,2.0,0,0.26785714285714285
YPL083C,3.0,2.2666666666666666,3.0,1,3.0
YLR105C,3.0,2.2666666666666666,3.0,1,3.0
YAR008W,3.0,1.2,3.0,1,3.0
YMR059W,3.0,6.666666666666667,3.0,1,3.0
YNL289W,0.0,0.0,0.0,0,0.0
YNL025C,2.282142857142857,13.57142857142857,28.25,0,2.282142857142857
YHR071W,0.0,0.0,0.0,0,0.0
YEL020WA,2.388157894736842,2.0,0.0,0,2.0
YBR156C,1.0833333333333333,1.0,3.0,0,1.0833333333333333
YOR290C,6.529761904761905,17.22222222222222,91.83333333333334,0,6.529761904761905
YJL176C,6.495670995670996,17.22222222222222,90.83333333333334,0,6.495670995670996
YOR265W,0.0,0.0,0.0,0,0.0
YOR349W,0.0,0.0,0.0,0,0.0
YML054C,1.125,2.1142857142857143,2.0,0,1.125
YGR191W,0.0,0.0,0.0,1,0.0
YIL026C,0.0,0.0,0.0,1,0.0
YDL003W,0.0,0.0,0.0,1,0.0
YER147C,0.0,0.0,0.0,1,0.0
YMR197C,0.7083333333333333,3.666666666666667,4.0,1,0.7083333333333333
YDR468C,0.0,0.0,0.0,1,0.0
YKL006CA,0.0,0.0,0.0,0,0.0
YBL047C,0.0,0.0,0.0,0,0.0
YJR042W,3.652071437334595,39.17857142857143,14.591666666666667,1,3.652071437334595
YDR101C,0.0,0.0,0.0,0,0.0
YOR204W,0.0,0.0,0.0,1,0.0
YAR002W,0.47665569724393253,0.0,8.194444444444443,0,0.47665569724393253
YNL049C,0.0,0.0,0.0,0,0.0
YPL125W,0.10263157894736842,2.023809523809524,4.0,1,0.10263157894736842
YNL273W,0.0,0.0,0.0,0,0.0
YPL169C,0.0,0.0,0.0,1,0.0
YOL144W,0.0,0.0,0.0,1,0.0
YOL149W,0.0,0.0,0.0,1,0.0
YCL008C,0.8769230769230769,1.6,0.0,0,0.8769230769230769
YPL065W,0.35,1.6666666666666667,0.0,0,0.35
YJL172W,0.35,0.0,0.0,0,0.0
YDR092W,0.0,0.0,0.0,0,0.0
YLR032W,0.0,0.0,0.0,0,0.0
YHR195W,0.0,0.0,0.0,0,0.0
YEL005C,0.0,0.0,0.0,0,0.0
YDR473C,0.08423913043478261,3.0,0.0,1,0.08423913043478261
YBR055C,0.0,4.0,0.0,1,0.0
YGR091W,0.0,0.0,0.0,1,0.0
YOL113W,0.0,6.857142857142857,0.0,0,0.0
YDR498C,0.39215686274509803,2.6944444444444446,2.9166666666666665,1,0.39215686274509803
YGL145W,0.0,0.0,0.0,1,0.0
YBR155W,0.7333333333333334,2.6,0.0,1,0.7333333333333334
YHR089C,0.8333333333333333,1.5,0.0,1,0.8333333333333333
YHR072WA,0.6666666666666666,2.1666666666666665,0.0,0,0.6666666666666666
YCL054W,0.0,0.0,0.0,1,0.0
YOR310C,0.8333333333333333,3.0416666666666665,2.0,1,0.8333333333333333
YKL148C,3.333333333333333,3.7857142857142856,4.0,0,3.333333333333333
YLL041C,3.333333333333333,3.7857142857142856,4.0,0,3.333333333333333
YKL141W,3.333333333333333,0.5714285714285714,4.0,1,3.333333333333333
YOR069W,2.5,9.114285714285714,4.0625,0,2.5
YJL154C,3.083333333333333,4.285714285714286,8.0,0,3.083333333333333
YOR132W,1.833333333333333,2.0,4.0625,0,1.833333333333333
YHR012W,1.833333333333333,4.8,0.0,0,1.833333333333333
YJL053W,3.083333333333333,4.257142857142857,0.0,0,3.083333333333333
YPR135W,0.0,0.0,0.0,0,0.0
YML069W,0.0,0.0,0.0,1,0.0
YMR038C,0.0,3.7142857142857135,0.0,0,0.0
YJR104C,0.0,0.0,0.0,0,0.0
YAL038W,0.0,0.0,0.0,1,0.0
YNL307C,0.0,0.0,0.0,0,0.0
YHR056C,0.0,0.0,0.0,0,0.0
YDR303C,0.0,0.0,0.0,1,0.0
YOR361C,4.634615384615385,45.833333333333336,17.5,1,4.634615384615385
YIL071C,0.29166666666666663,6.0,1.0,0,0.29166666666666663
YBR079C,3.7596153846153846,24.069444444444446,17.5,1,3.7596153846153846
YLR394W,0.4,4.6,2.25,0,0.4
YGL249W,0.0,0.0,0.0,0,0.0
YER095W,3.25,13.209523809523809,3.75,0,3.25
YDR004W,2.8000000000000003,20.22380952380952,16.0,0,2.8000000000000003
YDL154W,0.0,0.0,0.0,0,0.0
YMR224C,0.625,0.0,0.0,0,0.0
YJL090C,0.0,2.6,0.0,1,0.0
YKL108W,0.0,16.88888888888889,0.0,1,0.0
YGL236C,0.0,0.0,0.0,1,0.0
YMR023C,10.917293233082708,35.898809523809526,36.0,0,10.917293233082708
YGL213C,0.0,3.0,0.0,1,0.0
YIL106W,9.686950549450549,60.742857142857154,45.66666666666667,1,9.686950549450549
YDL028C,0.0,0.0,0.0,1,0.0
YOR297C,1.5,2.875,3.0,1,1.5
YJL054W,3.2578947368421054,4.675,3.0,1,3.2578947368421054
YBR091C,3.2578947368421054,6.4,3.0,1,3.2578947368421054
YOL018C,0.0,0.0,0.0,0,0.0
YOR327C,0.0,0.0,0.0,0,0.0
YMR017W,0.0,0.0,0.0,0,0.0
YDR510W,0.0,0.7272727272727273,0.0,1,0.0
YLR006C,0.0,0.0,0.0,0,0.0
YDL235C,0.0,0.0,0.0,1,0.0
YBL017C,0.0,0.0,0.0,0,0.0
YGL006W,0.0,0.0,0.0,0,0.0
YHR090C,1.0666666666666667,0.0,0.0,0,0.0
YOR244W,1.0666666666666667,0.0,0.0,1,0.0
YKR010C,0.0,0.0,0.0,0,0.0
YFR037C,7.077758352758353,29.24836601307189,10.0,1,7.077758352758353
YHR060W,1.0625,1.0,0.0,0,1.0
YKL119C,1.0625,1.0,0.0,0,1.0
YLR396C,2.208333333333333,4.041666666666666,15.0,0,2.208333333333333
YLR148W,1.875,4.4,5.111111111111111,0,1.875
YDR183W,0.0,0.0,0.0,0,0.0
YOR281C,0.0,0.0,0.0,1,0.0
YGL003C,0.0,11.333333333333334,0.0,1,0.0
YJL035C,0.0,0.0,0.0,1,0.0
YLR316C,0.0,0.0,0.0,1,0.0
YHR172W,1.6,2.0404040404040407,3.4444444444444446,1,1.6
YNL126W,1.6,1.2222222222222223,3.4444444444444446,1,1.6
YNL188W,0.0,0.0,0.0,1,0.0
YGL061C,0.2175032175032175,2.0,3.0,1,0.2175032175032175
YAL013W,0.0,0.0,0.0,0,0.0
YIR004W,0.0,0.0,0.0,1,0.0
YMR012W,0.0,0.0,0.0,0,0.0
YGR120C,0.3125,2.5142857142857142,1.9444444444444444,1,0.3125
YGL036W,0.0,0.0,0.0,0,0.0
YER069W,0.0,0.0,0.0,0,0.0
YJL071W,0.0,0.0,0.0,0,0.0
YOL115W,0.18382352941176472,0.0,5.833333333333333,0,0.18382352941176472
YDL127W,0.0,0.0,0.0,0,0.0
YDL179W,0.0,0.0,0.0,0,0.0
YLR010C,0.0,0.0,0.0,1,0.0
YDL220C,0.0,5.333333333333333,0.0,1,0.0
YLR233C,1.0,0.0,0.0,0,0.0
YPL049C,0.0,2.0,0.0,0,0.0
YDR480W,0.0,0.0,0.0,0,0.0
YDR457W,0.0,0.0,0.0,0,0.0
YCL059C,0.0,0.0,0.0,1,0.0
YJL089W,3.0119047619047614,17.25,82.03333333333333,0,3.0119047619047614
YMR280C,0.0,2.2857142857142856,0.0,0,0.0
YNL068C,0.0,0.0,0.0,0,0.0
YPL126W,0.0,2.333333333333333,0.0,1,0.0
YJL076W,0.14835164835164835,0.0,2.0,1,0.14835164835164835
YFL028C,10.435897435897436,50.84761904761905,158.475,0,10.435897435897436
YDR443C,3.9228479853479854,45.0,63.333333333333336,0,3.9228479853479854
YAL021C,10.951190476190476,54.96666666666667,178.475,0,10.951190476190476
YKR036C,10.838690476190477,110.01666666666668,79.66666666666666,0,10.838690476190477
YCR093W,9.095125164690382,62.10128205128205,182.475,1,9.095125164690382
YNL236W,17.252330133634484,127.79285714285716,21.0,0,17.252330133634484
YOR140W,0.3180735930735931,4.321428571428571,4.0,0,0.3180735930735931
YBL093C,16.715533596837943,131.82380952380953,21.0,0,16.715533596837943
YFR021W,0.0,0.0,0.0,0,0.0
YHR103W,0.0,0.0,0.0,0,0.0
YCL063W,0.0,0.0,0.0,0,0.0
YML059C,0.0,0.0,0.0,0,0.0
YNR058W,0.0,0.0,0.0,0,0.0
YLR094C,0.0,0.0,0.0,0,0.0
YGR097W,0.0,0.0,0.0,0,0.0
YPR115W,0.0,0.0,0.0,0,0.0
YIL129C,0.0,0.0,0.0,1,0.0
YLR228C,0.0,0.0,0.0,0,0.0
YDR259C,0.0,0.0,0.0,0,0.0
YOR250C,2.2785714285714285,4.0,12.0,1,2.2785714285714285
YOR341W,9.15966197545145,25.261507936507936,29.0,1,9.15966197545145
YPR072W,9.245238095238093,81.1984126984127,155.475,0,9.245238095238093
YGR140W,1.3928571428571428,2.5955882352941178,2.583333333333333,1,1.3928571428571428
YLR175W,0.0,0.0,0.0,1,0.0
YMR168C,1.2619047619047619,0.0,7.791666666666666,1,1.2619047619047619
YBR066C,0.0,0.0,0.0,0,0.0
YGR233C,0.0,0.0,0.0,0,0.0
YCR073C,0.05202702702702703,0.0,0.0,0,0.0
YDR394W,32.81518092596398,345.94047619047626,80.66666666666666,1,32.81518092596398
YDR073W,5.636075036075036,17.22222222222222,72.33333333333334,0,5.636075036075036
YDR427W,31.473270065407434,389.0499999999999,0.0,1,31.473270065407434
YMR314W,32.760968471751525,380.1,80.66666666666667,1,32.760968471751525
YDL084W,0.0,0.0,0.0,1,0.0
YER008C,4.071428571428572,3.0416666666666665,0.0,1,3.0416666666666665
YJR048W,0.0,0.0,0.0,0,0.0
YKR066C,0.6666666666666666,1.6,2.0,0,0.6666666666666666
YPR154W,0.02411038489469862,0.0,0.0,0,0.0
YCL034W,0.0,0.0,0.0,0,0.0
YKL152C,0.0,0.0,0.0,1,0.0
YGR021W,0.0,0.0,0.0,0,0.0
YDR213W,0.0,0.0,0.0,0,0.0
YMR131C,0.0,0.0,0.0,1,0.0
YOR063W,77.991010857821,19.066666666666663,146.0,1,77.991010857821
YAL017W,0.0,0.0,0.0,0,0.0
YAL031C,0.0,0.0,0.0,0,0.0
YAR044W,0.0,0.0,0.0,0,0.0
YGL234W,0.0,0.0,0.0,0,0.0
YGR070W,0.0,0.0,0.0,0,0.0
YIL156W,0.3607466063348416,0.0,11.333333333333334,0,0.3607466063348416
YKL105C,0.0,0.0,0.0,0,0.0
YHL002W,0.5188034188034187,2.6666666666666665,7.666666666666666,0,0.5188034188034187
YKL213C,0.0,0.0,0.0,0,0.0
YKR023W,0.0,0.0,0.0,0,0.0
YLR096W,0.0,0.0,0.0,0,0.0
YLR450W,0.6666666666666666,1.7142857142857142,1.3333333333333333,0,0.6666666666666666
YNR033W,0.0,0.0,0.0,0,0.0
YJL020C,1.1114705882352942,0.0,6.5,0,1.1114705882352942
YOR081C,0.0,0.0,0.0,0,0.0
YPR112C,0.0,0.0,0.0,1,0.0
YNL020C,0.0,0.0,0.0,1,0.0
YDL129W,0.0,0.0,0.0,0,0.0
YIR003W,0.0,0.0,0.0,0,0.0
YJR056C,0.0,0.0,0.0,0,0.0
YNL078W,0.0,0.0,0.0,0,0.0
YLR064W,0.0,0.0,0.0,0,0.0
YGL104C,0.09903381642512077,0.0,0.0,0,0.0
YDL146W,0.0,0.0,0.0,0,0.0
YMR253C,0.09903381642512077,0.0,0.0,0,0.0
YNR037C,0.0,0.0,0.0,0,0.0
YNL054W,0.0,0.0,0.0,0,0.0
YPR008W,0.0,0.0,0.0,0,0.0
YNL058C,0.0,0.0,0.0,0,0.0
YNL075W,0.0,0.0,0.0,1,0.0
YBL071C,0.0,0.0,0.0,0,0.0
YHL027W,0.0,0.0,0.0,0,0.0
YHR156C,0.0,0.0,0.0,0,0.0
YKR069W,0.0,0.0,0.0,0,0.0
YOR247W,0.0,0.0,0.0,0,0.0
YGR192C,0.0,0.0,0.0,0,0.0
YML035C,0.0,0.0,0.0,0,0.0
YOR057W,0.0,0.0,0.0,1,0.0
YLR025W,0.8333333333333333,0.0,0.0,0,0.0
YER082C,0.0,0.0,0.0,1,0.0
YNL139C,0.0,0.0,0.0,0,0.0
YNL152W,0.0,0.0,0.0,1,0.0
YAR014C,0.0,0.0,0.0,0,0.0
YIL045W,0.0,0.0,0.0,0,0.0
YMR071C,0.0,0.0,0.0,1,0.0
YNL333W,0.0,0.0,0.0,0,0.0
YGR136W,0.0,0.0,0.0,0,0.0
YMR275C,0.0,0.0,0.0,0,0.0
YIL108W,0.0,0.0,0.0,0,0.0
YPL112C,0.0,0.0,0.0,0,0.0
YBR101C,0.0,0.0,0.0,0,0.0
YOL038W,32.760968471751525,331.2404761904762,80.66666666666667,1,32.760968471751525
YKL150W,0.0,0.0,0.0,0,0.0
YDR369C,0.625,0.6666666666666666,0.0,0,0.625
YGL090W,0.0,6.0,0.0,0,0.0
YMR127C,2.2974358974358973,16.40833333333333,2.0,0,2.2974358974358973
YDR181C,2.2974358974358973,22.2,12.5,0,2.2974358974358973
YPR105C,0.1875,2.0,1.9444444444444444,1,0.1875
YER157W,1.3728991596638656,15.335714285714287,12.183333333333332,1,1.3728991596638656
YNL007C,0.0,0.0,0.0,1,0.0
YIL095W,0.21014492753623187,0.0,9.45,0,0.21014492753623187
YNL039W,0.7166666666666667,2.288235294117647,3.0,1,0.7166666666666667
YNL258C,0.0,0.0,0.0,1,0.0
YFR051C,7.384873949579833,41.32539682539682,30.5,1,7.384873949579833
YNL288W,0.0,0.0,0.0,0,0.0
YJR134C,0.0,0.0,0.0,0,0.0
YLR262C,0.19090909090909092,1.818181818181818,3.0,0,0.19090909090909092
YGR100W,0.0,0.0,0.0,0,0.0
YJL029C,0.0,0.0,0.0,0,0.0
YDR027C,0.0,0.0,0.0,0,0.0
YDR484W,0.0,0.0,0.0,0,0.0
YLR109W,0.0,1.6,0.0,0,0.0
YHR183W,0.0,1.6,0.0,0,0.0
YNL014W,0.0,0.0,0.0,0,0.0
YKL073W,0.0,0.0,0.0,0,0.0
YEL024W,7.0,20.666666666666668,6.0,0,7.0
YGL137W,7.523762838468722,46.3095238095238,34.0,1,7.523762838468722
YLL011W,0.0,0.0,0.0,1,0.0
YDR214W,0.0,0.0,0.0,0,0.0
YGL121C,1.3333333333333333,34.0,14.833333333333334,0,1.3333333333333333
YHR033W,0.0,0.0,0.0,0,0.0
YKL056C,0.0,0.0,0.0,0,0.0
YDR155C,0.0,0.0,0.0,0,0.0
YER164W,0.0,0.0,0.0,0,0.0
YFL024C,0.0,0.0,0.0,1,0.0
YAR002CA,0.0,0.0,0.0,0,0.0
YHR174W,0.0,0.0,0.0,0,0.0
YNL006W,0.0,2.0,0.0,1,0.0
YCR012W,0.0,0.0,0.0,1,0.0
YGR292W,0.0,0.0,0.0,0,0.0
YBR299W,0.0,0.0,0.0,0,0.0
YJL138C,0.0,0.0,0.0,0,0.0
YDR097C,0.0,0.0,0.0,0,0.0
YHL024W,0.0,0.0,0.0,0,0.0
YHR047C,0.0,0.0,0.0,0,0.0
YCR057C,0.0,0.0,0.0,1,0.0
YLR176C,0.0,0.0,0.0,0,0.0
YMR234W,0.0,0.0,0.0,0,0.0
YBR169C,0.0,0.0,0.0,0,0.0
YBL032W,0.0,0.0,0.0,0,0.0
YBL051C,0.0,0.0,0.0,0,0.0
YOR210W,14.113756613756612,106.49444444444444,82.0,1,14.113756613756612
YHL021C,0.0,0.0,0.0,0,0.0
YAL035W,0.0,0.0,0.0,1,0.0
YPL178W,0.0,0.0,0.0,0,0.0
YER173W,0.0,5.428571428571429,0.0,0,0.0
YHR079CA,0.0,0.0,0.0,0,0.0
YHR119W,0.0,1.181818181818182,0.0,0,0.0
YBR258C,0.0,0.0,0.0,0,0.0
YKL018W,0.6153846153846154,5.314285714285714,2.0,1,0.6153846153846154
YLR015W,0.0,0.0,0.0,0,0.0
YBR175W,0.0,0.0,0.0,0,0.0
YDR469W,0.0,0.0,0.0,0,0.0
YDR301W,1.6538461538461537,6.6,8.5,1,1.6538461538461537
YLR115W,1.6538461538461537,7.75,8.5,1,1.6538461538461537
YLR277C,1.9807692307692308,7.035714285714286,13.5,1,1.9807692307692308
YAL043C,1.0769230769230769,3.971428571428572,5.5,1,1.0769230769230769
YKL059C,0.0,0.0,0.0,1,0.0
YNL317W,0.0,0.0,0.0,1,0.0
YOR179C,0.0,0.0,0.0,0,0.0
YJR050W,0.0,0.0,0.0,0,0.0
YMR312W,0.0,0.0,0.0,0,0.0
YGR200C,0.0,0.0,0.0,0,0.0
YPL086C,0.0,0.0,0.0,0,0.0
YPL101W,0.0,0.0,0.0,0,0.0
YJR053W,0.75,0.0,6.65,0,0.75
YDR016C,0.0,0.0,0.0,1,0.0
YKL052C,0.0,0.0,0.0,1,0.0
YKR083C,0.0,0.0,0.0,1,0.0
YCR033W,0.0,0.0,0.0,0,0.0
YOL068C,0.3333333333333333,2.571428571428571,1.0,0,0.3333333333333333
YGL194C,0.0,0.0,0.0,0,0.0
YKR029C,0.0,0.0,0.0,0,0.0
YDR310C,1.1666666666666667,2.321428571428571,4.5,0,1.1666666666666667
YOR279C,1.1666666666666667,3.75,4.5,0,1.1666666666666667
YOL108C,0.3333333333333333,0.0,2.0,0,0.3333333333333333
YOL067C,0.41666666666666663,0.0,2.0,0,0.41666666666666663
YOR344C,0.0,0.0,0.0,0,0.0
YLR422W,0.0,0.0,0.0,0,0.0
YNR064C,0.0,0.0,0.0,0,0.0
YER167W,0.0,0.0,0.0,0,0.0
YOR298CA,0.0,0.0,0.0,0,0.0
YCL051W,0.0,0.0,0.0,0,0.0
YGR214W,54.795682841054834,54.327777777777776,187.5,0,54.795682841054834
YLR177W,0.0,0.0,0.0,0,0.0
YDL180W,0.0,0.0,0.0,0,0.0
YDR319C,0.0,0.0,0.0,0,0.0
YER188W,0.0,0.0,0.0,0,0.0
YGR018C,0.0,0.0,0.0,0,0.0
YJL057C,0.0,0.0,0.0,0,0.0
YLR417W,0.0,0.0,0.0,0,0.0
YML038C,0.0,0.0,0.0,0,0.0
YMR004W,0.0,0.0,0.0,0,0.0
YDR311W,6.9727272727272736,19.21989962651727,9.0,1,6.9727272727272736
YNL312W,1.0,2.056140350877193,2.0,1,1.0
YGR104C,17.598132881611146,126.90000000000002,22.0,0,17.598132881611146
YML010W,0.0,0.0,0.0,1,0.0
YDR138W,0.2121212121212121,0.0,2.0,0,0.2121212121212121
YJR094C,0.0,0.0,0.0,0,0.0
YJL106W,0.0,0.0,0.0,0,0.0
YFR028C,1.1666666666666665,2.5,0.8,1,1.1666666666666665
YER070W,2.4166666666666665,87.0,15.5,1,2.4166666666666665
YHR144C,0.0,0.0,0.0,0,0.0
YDR238C,7.5848739495798325,51.66666666666666,30.5,1,7.5848739495798325
YIL076W,7.5848739495798325,41.32539682539682,30.5,0,7.5848739495798325
YPL010W,7.5848739495798325,62.0,30.5,1,7.5848739495798325
YGL205W,0.0,0.0,0.0,0,0.0
YOR294W,0.0,0.0,0.0,1,0.0
YKL172W,0.0,0.0,0.0,1,0.0
YPL085W,4.6693306693306695,7.75,22.104166666666664,1,4.6693306693306695
YDR328C,2.2857142857142856,33.40158942364824,21.833333333333336,1,2.2857142857142856
YJL204C,0.0,0.0,0.0,0,0.0
YGL149W,0.0,0.0,0.0,0,0.0
YBR280C,0.0,0.0,0.0,0,0.0
YMR258C,0.0,0.0,0.0,0,0.0
YDR202C,1.4733893557422968,50.333333333333336,10.833333333333334,0,1.4733893557422968
YDL185W,12.818662464985998,85.90476190476191,51.75,0,12.818662464985998
YBR127C,12.818662464985998,81.34826839826837,0.0,0,12.818662464985998
YOR332W,12.818662464985998,156.99999999999997,51.74999999999999,0,12.818662464985998
YDL225W,0.0,0.0,0.0,0,0.0
YNL166C,1.1476190476190475,5.0,5.0,0,1.1476190476190475
YGL223C,0.5,5.6,2.388888888888889,0,0.5
YNL041C,0.1875,4.5,2.9166666666666665,0,0.1875
YMR094W,1.3761904761904762,2.0723981900452486,12.291666666666666,1,1.3761904761904762
YOR064C,0.0,0.0,0.0,0,0.0
YBR049C,0.0,0.0,0.0,1,0.0
YHR134W,0.0,0.0,0.0,0,0.0
YBR193C,17.23465336595772,115.92738095238094,24.0,1,17.23465336595772
YER012W,32.54562098140402,386.0142857142857,83.66666666666667,1,32.54562098140402
YOR123C,0.0,0.0,0.0,0,0.0
YFR027W,0.0,1.5714285714285714,0.0,1,0.0
YMR076C,0.0,0.0,0.0,1,0.0
YKL022C,8.113636363636365,21.6,79.5,1,8.113636363636365
YGR225W,0.0,0.0,0.0,0,0.0
YDL155W,0.0,0.0,0.0,1,0.0
YJR089W,0.2976190476190476,2.125,0.0,1,0.2976190476190476
YLR079W,0.17261904761904762,5.0,2.9166666666666665,0,0.17261904761904762
YML001W,0.19090909090909092,0.0,9.0,0,0.19090909090909092
YGL198W,1.909090909090909,0.0,38.79166666666667,0,1.909090909090909
YKR014C,0.19090909090909092,0.0,2.25,0,0.19090909090909092
YNL093W,0.19090909090909092,1.1428571428571428,3.0,0,0.19090909090909092
YGL210W,0.19090909090909092,0.0,4.5,0,0.19090909090909092
YBR264C,0.19090909090909092,2.6666666666666665,3.0,0,0.19090909090909092
YNL304W,0.19090909090909092,0.0,2.25,0,0.19090909090909092
YNL263C,1.818181818181818,0.0,10.208333333333334,1,1.818181818181818
YOR089C,0.0,0.0,0.0,0,0.0
YGL161C,0.0,0.0,0.0,0,0.0
YPL255W,0.0,7.5,0.0,1,0.0
YGL244W,0.0,0.0,0.0,0,0.0
YKL110C,0.0,0.0,0.0,0,0.0
YHR187W,0.0,0.0,0.0,0,0.0
YIR011C,0.0,0.0,0.0,1,0.0
YKL214C,0.0,0.0,0.0,0,0.0
YDR381W,0.0,0.0,0.0,1,0.0
YOL127W,77.9669004729263,123.79999999999998,146.0,1,77.9669004729263
YHL020C,0.0,0.0,0.0,0,0.0
YDR123C,0.0,0.0,0.0,1,0.0
YCR092C,0.625,0.0,2.0,0,0.625
YML021C,0.0,0.0,0.0,0,0.0
YCR014C,0.0,0.0,0.0,0,0.0
YOR005C,0.0,0.0,0.0,0,0.0
YLR246W,0.0,0.0,0.0,0,0.0
YOL110W,0.0,0.0,0.0,0,0.0
YGR181W,1.125,0.8333333333333334,0.0,0,0.8333333333333334
YJR135WA,1.125,2.033333333333333,0.0,0,1.125
YMR276W,0.3161095305832148,9.25,0.0,1,0.3161095305832148
YPL122C,6.778787878787881,25.533053221288515,16.0,1,6.778787878787881
YFR022W,0.0,0.0,0.0,0,0.0
YOR018W,0.0,0.0,0.0,0,0.0
YPL177C,0.0,0.0,0.0,0,0.0
YHR005CA,9.05263157894737,37.898809523809526,0.0,0,9.05263157894737
YGR082W,6.902777777777778,19.542857142857144,6.0,1,6.902777777777778
YOL034W,0.0,0.0,0.0,1,0.0
YLR007W,0.0,0.0,0.0,1,0.0
YLR383W,0.0,0.0,0.0,1,0.0
YBR060C,16.826275174101266,113.20129870129868,123.0,1,16.826275174101266
YPL063W,1.125,0.7142857142857143,2.0,1,1.125
YPL011C,7.092330133634482,61.66666666666666,23.5,1,7.092330133634482
YML015C,7.092330133634482,62.16666666666666,23.5,1,7.092330133634482
YIL065C,0.0,0.0,0.0,0,0.0
YJL112W,0.0,0.0,0.0,0,0.0
YDR363W,0.0,0.0,0.0,0,0.0
YOL017W,0.0,0.0,0.0,0,0.0
YGR101W,0.0,0.0,0.0,0,0.0
YER017C,1.3333333333333333,2.225,2.0,0,1.3333333333333333
YMR089C,1.3333333333333333,0.625,2.0,0,1.3333333333333333
YMR239C,0.0,0.0,0.0,1,0.0
YLR378C,0.5,0.0,0.0,1,0.0
YIL162W,0.0,0.0,0.0,0,0.0
YBR283C,0.0,0.0,0.0,0,0.0
YER020W,1.3333333333333333,11.90952380952381,1.8333333333333333,0,1.3333333333333333
YDL035C,0.0,0.0,0.0,0,0.0
YAL056W,0.6666666666666666,12.142857142857142,4.666666666666667,0,0.6666666666666666
YNR006W,0.0,0.0,0.0,0,0.0
YPR161C,0.0,0.0,0.0,1,0.0
YHR160C,0.0,0.0,0.0,0,0.0
YGR239C,0.0,0.0,0.0,0,0.0
YIL160C,0.0,0.0,0.0,0,0.0
YMR219W,0.0,0.0,0.0,0,0.0
YBR024W,0.0,0.0,0.0,1,0.0
YBR037C,0.0,0.0,0.0,0,0.0
YDL201W,0.0,0.0,0.0,0,0.0
YDR165W,0.0,0.0,0.0,0,0.0
YDL014W,0.6666666666666666,3.0416666666666665,2.0,1,0.6666666666666666
YGR159C,0.0,0.0,0.0,1,0.0
YNL124W,0.8333333333333333,0.6666666666666666,0.0,1,0.6666666666666666
YIR026C,0.0,0.0,0.0,0,0.0
YGR103W,0.0,0.0,0.0,1,0.0
YDL217C,3.2578947368421054,6.6,3.0,1,3.2578947368421054
YGR284C,0.0,0.0,0.0,0,0.0
YPL195W,1.875,0.0,5.277777777777778,0,1.875
YDR080W,0.0,0.0,0.0,0,0.0
YGR113W,0.75,1.1428571428571428,2.0,1,0.75
YLR256W,0.0,0.0,0.0,0,0.0
YCL037C,0.0,0.0,0.0,0,0.0
YPR018W,1.4871794871794872,6.699999999999999,8.5,0,1.4871794871794872
YBR131W,0.0,0.0,0.0,0,0.0
YMR022W,0.0,2.0,0.0,0,0.0
YOL013C,1.5,0.5833333333333334,3.583333333333333,0,1.5
YML075C,0.8333333333333333,0.0,1.3333333333333333,0,0.8333333333333333
YLR453C,0.0,0.0,0.0,0,0.0
YBR103W,0.0,0.0,0.0,0,0.0
YGR222W,10.917293233082706,44.23452380952381,19.0,0,10.917293233082706
YER153C,0.0,0.0,0.0,0,0.0
YNR045W,0.0,0.0,0.0,0,0.0
YHR069C,4.8809523809523805,15.062626262626262,9.63888888888889,1,4.8809523809523805
YGL001C,0.0,0.0,0.0,1,0.0
YLR100W,0.0,0.0,0.0,1,0.0
YOR020C,0.0,5.333333333333333,0.0,1,0.0
YLR259C,0.0,0.0,0.0,1,0.0
YHR015W,0.0,0.0,0.0,0,0.0
YCL052C,0.0,0.0,0.0,1,0.0
MEL1,0.0,0.0,0.0,0,0.0
YFL035C,0.0,0.0,0.0,1,0.0
YDR490C,0.0,0.0,0.0,0,0.0
YLR466W,0.0,0.0,0.0,0,0.0
YDR326C,0.0,0.0,0.0,0,0.0
YER007C,0.0,0.0,0.0,0,0.0
YCRX16C,0.0,0.0,0.0,0,0.0
YER150W,0.0,0.0,0.0,0,0.0
YCL062W,0.0,0.0,0.0,0,0.0
YIR016W,0.0,0.0,0.0,0,0.0
YJL043W,0.0,0.0,0.0,0,0.0
YJL173C,1.0,3.8,2.0,1,1.0
YCL012W,0.0,0.0,0.0,0,0.0
YIL104C,0.0,0.0,0.0,1,0.0
YJR092W,0.0,0.0,0.0,0,0.0
YCR048W,0.0,0.0,0.0,0,0.0
YCLX08C,0.0,0.0,0.0,0,0.0
YCL067C,0.0,0.0,0.0,1,0.0
YCR059C,0.0,0.0,0.0,0,0.0
YHRS03C,0.0,0.0,0.0,0,0.0
YKL002W,0.0,0.0,0.0,0,0.0
YHR055C,0.0,0.0,0.0,0,0.0
YKR092C,0.0,0.0,0.0,0,0.0
YLR160C,0.0,0.0,0.0,0,0.0
YLR265C,0.0,0.0,0.0,0,0.0
YLR373C,0.0,0.0,0.0,0,0.0
SSR1,0.0,0.0,0.0,0,0.0
YPL149W,0.0,0.0,0.0,0,0.0
YOL117W,0.0,0.0,0.0,0,0.0
YOL132W,0.0,0.0,0.0,0,0.0
YPL005W,0.0,0.0,0.0,0,0.0
YLR337W,0.954419306184012,0.0,0.0,0,0.0
YPL249C,0.0,0.0,0.0,0,0.0
YKL190W,1.1,1.6666666666666667,0.0,0,1.1
YML057W,1.1,5.4,0.0,0,1.1
YJL164C,2.5,12.5,0.0,1,2.5
YKL166C,2.5,11.145454545454545,0.0,1,2.5
YPL203W,2.5,5.940909090909091,0.0,1,2.5
YER123W,2.6666666666666665,3.333333333333333,5.866666666666667,0,2.6666666666666665
YHR135C,2.6666666666666665,2.4,10.444444444444445,0,2.6666666666666665
YNL154C,2.6666666666666665,2.2666666666666666,15.6,0,2.6666666666666665
YDL143W,6.571428571428571,4.0,7.0,1,6.571428571428571
YDR188W,6.571428571428571,4.0,7.0,1,6.571428571428571
YIL142W,6.571428571428571,9.0,7.0,1,6.571428571428571
YJL014W,6.571428571428571,7.0,7.0,1,6.571428571428571
YJL111W,6.571428571428571,4.0,7.0,1,6.571428571428571
YJL006C,1.5,2.433333333333333,3.0,0,1.5
YKL139W,1.5,2.2666666666666666,1.9444444444444444,1,1.5
YIL068C,4.714285714285715,3.0416666666666665,15.166666666666664,1,4.714285714285715
YLR166C,4.714285714285715,13.333333333333332,0.0,1,4.714285714285715
YKL182W,0.0,0.0,0.0,1,0.0
YPL231W,0.0,0.0,0.0,1,0.0
YEL003W,3.35,3.619047619047619,0.0,0,3.35
YGR078C,3.35,5.166666666666667,0.0,0,3.35
YML094W,3.35,3.619047619047619,0.0,0,3.35
YDL090C,0.0,0.0,0.0,0,0.0
YKL019W,0.0,0.0,0.0,1,0.0
YGL155W,0.0,0.0,0.0,1,0.0
YJL031C,0.8333333333333333,1.6666666666666667,0.0,1,0.8333333333333333
YCR034W,1.0,0.0,12.6,0,1.0
YGR143W,0.0,0.0,0.0,0,0.0
YAL044C,2.333333333333333,0.0,0.0,0,0.0
YDR019C,2.333333333333333,0.0,0.0,0,0.0
YFL018C,3.0,2.638888888888889,4.0,0,3.0
YMR189W,2.3333333333333335,0.0,0.0,0,0.0
YEL017CA,2.6666666666666665,0.0,0.0,0,0.0
YGL008C,2.6666666666666665,0.0,0.0,1,0.0
YPL036W,2.6666666666666665,0.0,0.0,0,0.0
YDL184WB,13.0343487394958,61.35194805194806,0.0,0,13.0343487394958
YEL027W,13.0343487394958,61.35194805194806,36.66666666666667,0,13.0343487394958
YHR026W,13.0343487394958,61.35194805194806,65.33333333333334,0,13.0343487394958
YKL080W,13.0343487394958,172.5,36.66666666666667,0,13.0343487394958
YLR447C,13.0343487394958,61.35194805194806,36.66666666666667,0,13.0343487394958
YMR054W,13.0343487394958,69.2904761904762,6.666666666666668,0,13.0343487394958
YPL234C,13.0343487394958,81.85000000000001,36.666666666666664,0,13.0343487394958
YPR036W,13.0343487394958,104.0,36.666666666666664,0,13.0343487394958
YEL056W,0.0,0.0,0.0,0,0.0
YPL001W,0.0,0.0,0.0,0,0.0
YOL148C,9.245525870010995,111.2,13.0,0,9.245525870010995
YPL254W,9.245525870010995,111.16666666666669,13.0,0,9.245525870010995
YBR081C,9.245525870010995,45.76175520386047,13.0,0,9.245525870010995
YLR055C,9.245525870010995,91.93333333333332,13.0,0,9.245525870010995
YMR263W,0.30000000000000004,3.125,4.5,0,0.30000000000000004
YNL037C,0.0,0.0,0.0,0,0.0
YOR136W,0.0,0.0,0.0,0,0.0
YLR170C,2.5,5.333333333333333,4.016666666666667,0,2.5
YPL259C,2.5,9.333333333333334,13.0,0,2.5
YPR029C,2.5,3.416666666666666,7.033333333333333,0,2.5
YJR058C,2.1666666666666665,2.5,3.5,0,2.1666666666666665
YOL062C,2.1666666666666665,2.05,4.5,0,2.1666666666666665
YBR288C,2.0,0.0,3.0,0,2.0
YJL024C,2.0,0.0,3.0,0,2.0
YDL195W,4.812187812187812,7.75,35.69444444444444,1,4.812187812187812
YLR208W,5.418581418581418,15.63690476190476,12.658333333333333,1,5.418581418581418
YML012W,4.812187812187812,27.0,35.69444444444444,0,4.812187812187812
YBR254C,9.0,38.6,21.25,1,9.0
YDR108W,9.0,19.93015873015873,0.0,0,9.0
YDR246W,9.0,29.923809523809524,21.25,1,9.0
YDR407C,9.0,21.97460317460317,38.0,1,9.0
YDR472W,9.0,34.266666666666666,21.25,1,9.0
YGR166W,9.0,21.97460317460317,10.0,0,9.0
YKR068C,9.0,25.387301587301582,21.25,1,9.0
YML077W,9.0,34.266666666666666,21.25,1,9.0
YMR218C,9.0,21.03809523809524,38.0,1,9.0
YOR115C,9.0,21.97460317460317,21.25,0,9.0
YKL041W,0.8333333333333333,0.0,0.0,0,0.0
YMR231W,2.1666666666666665,2.0041666666666664,4.944444444444445,0,2.1666666666666665
YPL045W,2.1666666666666665,2.0041666666666664,7.5,1,2.1666666666666665
YIL062C,3.5777777777777775,14.0,5.0,1,3.5777777777777775
YLR370C,3.5777777777777775,10.014285714285714,5.0,0,3.5777777777777775
YGR238C,0.0,0.0,0.0,0,0.0
YBR115C,0.0,0.0,0.0,0,0.0
YGL154C,0.0,0.0,0.0,0,0.0
YHR117W,7.402777777777778,42.5,6.0,0,7.402777777777778
YMR060C,7.402777777777778,19.93809523809524,0.0,0,7.402777777777778
YNL121C,7.402777777777778,18.500000000000004,6.0,0,7.402777777777778
YOR045W,7.402777777777778,22.9,6.0,0,7.402777777777778
YPR133WA,7.402777777777778,19.93809523809524,0.0,0,7.402777777777778
YAL009W,0.0,0.0,0.0,0,0.0
YHR004C,0.0,0.0,0.0,0,0.0
YCL009C,0.0,0.0,0.0,0,0.0
YMR108W,0.0,0.0,0.0,1,0.0
YGR072W,0.2777777777777778,0.0,4.5,0,0.2777777777777778
YGL100W,1.8459318459318457,24.142857142857142,7.733333333333333,0,1.8459318459318457
YBL002W,4.970454545454546,4.357142857142858,3.0,0,4.357142857142858
YBL003C,4.970454545454546,12.6,3.0,1,4.970454545454546
YNL030W,4.970454545454546,4.357142857142858,0.0,0,4.357142857142858
YNL031C,4.970454545454546,4.357142857142858,0.0,0,4.357142857142858
YFL022C,2.0,0.0,2.0,1,2.0
YLR060W,2.0,0.0,2.0,1,2.0
YPR047W,2.0,0.0,2.0,0,2.0
YGR240C,0.0,0.0,0.0,0,0.0
YMR150C,0.0,0.0,0.0,0,0.0
YHR024C,0.0,0.0,0.0,1,0.0
YLR163C,0.0,0.0,0.0,1,0.0
YDL007W,33.018111328894385,270.85,80.66666666666667,1,33.018111328894385
YDR069C,33.018111328894385,272.252380952381,13.999999999999996,0,33.018111328894385
YER021W,33.018111328894385,663.3333333333334,0.0,1,33.018111328894385
YER094C,33.018111328894385,379.9333333333333,80.66666666666667,1,33.018111328894385
YFR052W,33.018111328894385,425.6333333333336,0.0,1,33.018111328894385
YGL011C,33.018111328894385,433.0000000000001,80.66666666666667,1,33.018111328894385
YGR232W,33.018111328894385,506.9166666666666,0.0,0,33.018111328894385
YGR270W,33.018111328894385,270.85,0.0,0,33.018111328894385
YHR200W,33.018111328894385,425.8333333333335,0.0,0,33.018111328894385
YOR261C,33.018111328894385,674.6666666666666,0.0,1,33.018111328894385
YDL040C,0.0,0.0,0.0,0,0.0
YHR013C,0.0,0.0,0.0,0,0.0
YOR347C,0.0,0.0,0.0,0,0.0
YBR221C,3.5,12.27777777777778,4.0,0,3.5
YER178W,3.5,12.27777777777778,4.0,0,3.5
YGR193C,3.5,16.75,4.0,0,3.5
YNL071W,3.5,21.333333333333336,4.0,0,3.5
YGL032C,0.0,0.0,0.0,0,0.0
YNR044W,0.0,0.0,0.0,0,0.0
YCR052W,6.993162393162393,47.8,9.0,1,6.993162393162393
YIL126W,6.993162393162393,23.32843137254902,9.0,1,6.993162393162393
YKR008W,6.993162393162393,49.16666666666666,9.0,1,6.993162393162393
YMR033W,8.806818181818182,46.248366013071895,80.33333333333333,1,8.806818181818182
YPR034W,8.806818181818182,51.45000000000002,80.33333333333333,1,8.806818181818182
YHR118C,17.48341803124412,44.82269309637731,123.0,1,17.48341803124412
YNL261W,17.48341803124412,44.82269309637731,123.0,1,17.48341803124412
YPR162C,17.48341803124412,173.7142857142857,123.0,1,17.48341803124412
YLR103C,16.99373119887994,38.946069719753936,123.0,1,16.99373119887994
YLR274W,16.99373119887994,66.50396445659604,63.75,1,16.99373119887994
YBR278W,15.893478425972704,85.22857142857144,66.0,0,15.893478425972704
YDL102W,15.893478425972704,33.85051834130782,66.0,1,15.893478425972704
YJR006W,15.893478425972704,121.28571428571428,66.0,1,15.893478425972704
YPR175W,15.893478425972704,33.85051834130782,34.0,1,15.893478425972704
YPL167C,0.0,0.0,0.0,0,0.0
YAR007C,1.0,0.7894736842105263,2.0,1,1.0
YER176W,0.0,0.0,0.0,0,0.0
YBL035C,1.4166666666666665,2.761904761904762,0.0,1,1.4166666666666665
YIL009CA,1.5,0.0,0.0,0,0.0
YLR318W,1.5,0.0,0.0,0,0.0
YDR178W,2.0,0.0,3.0,0,2.0
YBL045C,7.875,15.514285714285714,6.0,0,7.875
YDR529C,7.875,20.666666666666668,6.0,0,7.875
YFR033C,7.875,17.6,6.0,0,7.875
YGR183C,7.875,15.514285714285714,0.0,0,7.875
YHR001WA,7.875,15.514285714285714,0.0,0,7.875
YJL166W,7.875,20.666666666666668,6.0,0,7.875
YOR065W,7.875,29.33333333333333,6.0,0,7.875
YPR191W,7.875,16.409523809523808,6.0,0,7.875
YDL067C,6.857142857142858,8.533333333333333,5.0,1,6.857142857142858
YGL191W,6.857142857142858,8.533333333333333,0.0,0,6.857142857142858
YHR051W,6.857142857142858,15.66666666666667,5.0,0,6.857142857142858
YLR038C,6.857142857142858,10.5,5.0,0,6.857142857142858
YLR395C,6.857142857142858,12.083333333333334,5.0,0,6.857142857142858
YMR256C,6.857142857142858,8.533333333333333,0.0,0,6.857142857142858
YNL052W,6.857142857142858,12.083333333333334,5.0,0,6.857142857142858
YBR039W,13.329960317460317,54.95,12.0,0,13.329960317460317
YDL004W,13.329960317460317,61.5,12.0,1,13.329960317460317
YDR298C,13.329960317460317,76.66666666666667,12.0,0,13.329960317460317
YDR322CA,13.329960317460317,43.47380952380952,0.0,0,13.329960317460317
YDR377W,13.329960317460317,61.5,12.0,0,13.329960317460317
YKL016C,13.329960317460317,76.66666666666667,12.0,0,13.329960317460317
YML081CA,13.329960317460317,43.47380952380952,0.0,0,13.329960317460317
YOL077WA,13.329960317460317,43.47380952380952,0.0,0,13.329960317460317
YPL078C,13.329960317460317,54.75000000000001,12.0,0,13.329960317460317
YPL271W,13.329960317460317,61.5,12.0,0,13.329960317460317
YPR020W,13.329960317460317,54.55,12.0,0,13.329960317460317
YGR180C,2.1666666666666665,16.6,6.111111111111111,0,2.1666666666666665
YJL026W,2.1666666666666665,18.8,6.111111111111111,1,2.1666666666666665
YCR035C,5.5476190476190474,16.155555555555555,9.63888888888889,1,5.5476190476190474
YDL111C,5.5476190476190474,15.707892107892109,9.63888888888889,1,5.5476190476190474
YDR280W,5.5476190476190474,17.944444444444443,9.63888888888889,1,5.5476190476190474
YGR095C,5.5476190476190474,24.833333333333336,9.63888888888889,1,5.5476190476190474
YGR195W,5.5476190476190474,13.044488844488844,9.63888888888889,1,5.5476190476190474
YAL033W,8.0,7.870707070707071,12.25,1,8.0
YBL018C,8.0,7.870707070707071,24.0,1,8.0
YBR167C,8.0,10.588888888888889,24.0,1,8.0
YBR257W,8.0,11.333333333333334,24.0,1,8.0
YGR030C,8.0,10.123232323232322,24.0,1,8.0
YHR062C,8.0,10.58888888888889,24.0,1,8.0
YNL221C,8.0,9.866666666666664,12.25,1,8.0
YNL282W,8.0,11.444444444444445,24.0,1,8.0
YIR015W,8.0,7.870707070707071,0.0,1,7.870707070707071
YPR101W,0.41666666666666663,1.0,2.0,1,0.41666666666666663
YBR120C,12.268941584731058,59.083333333333336,36.0,0,12.268941584731058
YDL044C,12.268941584731058,35.898809523809526,36.0,0,12.268941584731058
YDR194C,12.268941584731058,35.898809523809526,36.0,0,12.268941584731058
YIR021W,12.268941584731058,61.91666666666666,36.0,0,12.268941584731058
YJL133W,12.268941584731058,81.16666666666667,19.0,0,12.268941584731058
YKR052C,12.268941584731058,78.08333333333333,19.0,0,12.268941584731058
YLR382C,12.268941584731058,35.898809523809526,0.0,0,12.268941584731058
YOR334W,12.268941584731058,35.898809523809526,19.0,0,12.268941584731058
YPL029W,12.268941584731058,45.1595238095238,36.0,0,12.268941584731058
YPR134W,12.268941584731058,106.0,36.0,0,12.268941584731058
YDR054C,1.5952380952380951,5.625816993464053,16.75,1,1.5952380952380951
YDR028C,3.204761904761905,10.714285714285714,4.5,0,3.204761904761905
YKL193C,3.204761904761905,10.083333333333334,4.5,1,3.204761904761905
YER027C,3.5238095238095237,8.85,32.9,0,3.5238095238095237
YGL115W,3.5238095238095237,5.9071428571428575,45.266666666666666,0,3.5238095238095237
YGL208W,3.5238095238095237,5.885714285714286,15.7,0,3.5238095238095237
YLR212C,1.0,0.8181818181818182,3.0,1,1.0
YGR244C,0.0,0.0,0.0,1,0.0
YOR142W,0.0,0.0,0.0,0,0.0
YIL072W,0.5833333333333333,6.0,2.25,0,0.5833333333333333
YDR074W,2.5,2.033333333333333,3.0,0,2.5
YML100W,2.5,2.4,3.0,0,2.5
YMR261C,2.5,1.6666666666666667,3.0,0,2.5
YEL034W,0.0,0.0,0.0,1,0.0
YJR047C,0.0,0.0,0.0,0,0.0
YGR162W,1.4509803921568627,1.25,5.5,0,1.4509803921568627
YOL139C,0.39215686274509803,1.3333333333333333,0.0,1,0.39215686274509803
YJR007W,1.3333333333333333,4.125,0.0,1,1.3333333333333333
YPL237W,1.3333333333333333,2.1022727272727275,0.0,1,1.3333333333333333
YDR211W,3.35,3.416666666666666,0.0,1,3.35
YGR083C,3.35,7.666666666666666,0.0,1,3.35
YLR291C,3.35,7.666666666666666,0.0,1,3.35
YDR429C,4.842948717948718,21.58055555555556,17.0,1,4.842948717948718
YMR146C,4.842948717948718,25.17651515151515,17.0,1,4.842948717948718
YMR309C,4.842948717948718,22.694444444444443,17.0,1,4.842948717948718
YNL062C,4.842948717948718,35.666666666666664,5.0,1,4.842948717948718
YKR059W,0.0,0.0,0.0,0,0.0
YOR276W,0.6666666666666666,6.0,2.0,0,0.6666666666666666
YAL003W,4.3,7.833333333333334,0.0,1,4.3
YKL081W,4.3,16.333333333333336,4.5,0,4.3
YPL048W,4.3,3.5,1.0,0,3.5
YPR080W,4.3,7.833333333333334,0.0,0,4.3
YOR133W,0.0,0.0,0.0,0,0.0
YBL027W,79.74344368280285,19.066666666666663,146.0,0,79.74344368280285
YBL092W,79.74344368280285,291.9999999999999,146.0,1,79.74344368280285
YBR031W,79.74344368280285,19.066666666666663,0.0,0,19.066666666666663
YBR084CA,79.74344368280285,19.066666666666663,0.0,0,19.066666666666663
YBR191W,79.74344368280285,19.066666666666663,0.0,0,19.066666666666663
YDL081C,79.74344368280285,177.56666666666655,146.0,0,79.74344368280285
YDL082W,79.74344368280285,19.066666666666663,146.0,0,79.74344368280285
YDL130W,79.74344368280285,19.066666666666663,146.0,0,79.74344368280285
YDL133CA,79.74344368280285,19.066666666666663,0.0,0,19.066666666666663
YDL136W,79.74344368280285,19.066666666666663,0.0,0,19.066666666666663
YDL184C,79.74344368280285,19.066666666666663,0.0,0,19.066666666666663
YDL191W,79.74344368280285,19.066666666666663,146.0,0,79.74344368280285
YDR012W,79.74344368280285,19.066666666666663,74.0,0,74.0
YDR418W,79.74344368280285,19.066666666666663,0.0,0,19.066666666666663
YDR471W,79.74344368280285,19.066666666666663,0.0,0,19.066666666666663
YDR500C,79.74344368280285,19.066666666666663,146.0,0,79.74344368280285
YER056CA,79.74344368280285,19.066666666666663,0.0,0,19.066666666666663
YER117W,79.74344368280285,19.066666666666663,146.0,0,79.74344368280285
YFL034CA,79.74344368280285,19.066666666666663,0.0,0,19.066666666666663
YFR031CA,79.74344368280285,19.066666666666663,0.0,0,19.066666666666663
YFR032CA,79.74344368280285,19.066666666666663,0.0,0,19.066666666666663
YGL030W,79.74344368280285,19.066666666666663,146.0,1,79.74344368280285
YGL031C,79.74344368280285,19.066666666666663,0.0,0,19.066666666666663
YGL076C,79.74344368280285,19.066666666666663,0.0,0,19.066666666666663
YGL103W,79.74344368280285,19.066666666666663,0.0,1,19.066666666666663
YGL147C,79.74344368280285,19.066666666666663,146.0,0,79.74344368280285
YGR085C,79.74344368280285,219.91666666666663,74.0,0,79.74344368280285
YGR148C,79.74344368280285,19.066666666666663,146.0,0,79.74344368280285
YHL001W,79.74344368280285,19.066666666666663,146.0,0,79.74344368280285
YHL033C,79.74344368280285,19.066666666666663,146.0,0,79.74344368280285
YHR010W,79.74344368280285,19.066666666666663,0.0,0,19.066666666666663
YHR141C,79.74344368280285,19.066666666666663,0.0,0,19.066666666666663
YIL018W,79.74344368280285,19.066666666666663,146.0,0,79.74344368280285
YIL052C,79.74344368280285,19.066666666666663,146.0,0,79.74344368280285
YIL133C,79.74344368280285,19.066666666666663,0.0,0,19.066666666666663
YIL148W,79.74344368280285,19.066666666666663,74.0,0,74.0
YJL177W,79.74344368280285,19.066666666666663,0.0,0,19.066666666666663
YJL189W,79.74344368280285,19.066666666666663,146.0,0,79.74344368280285
YJR094WA,79.74344368280285,19.066666666666663,0.0,0,19.066666666666663
YKL006W,79.74344368280285,19.066666666666663,0.0,0,19.066666666666663
YKL180W,79.74344368280285,19.066666666666663,146.0,1,79.74344368280285
YKR094C,79.74344368280285,19.066666666666663,0.0,0,19.066666666666663
YLL045C,79.74344368280285,19.066666666666663,0.0,0,19.066666666666663
YLR029C,79.74344368280285,19.066666666666663,0.0,1,19.066666666666663
YLR061W,79.74344368280285,19.066666666666663,0.0,0,19.066666666666663
YLR185W,79.74344368280285,19.066666666666663,146.0,0,79.74344368280285
YLR325C,79.74344368280285,19.066666666666663,146.0,0,79.74344368280285
YLR340W,79.74344368280285,165.73333333333335,146.0,1,79.74344368280285
YLR344W,79.74344368280285,19.066666666666663,146.0,0,79.74344368280285
YLR406C,79.74344368280285,19.066666666666663,146.0,0,79.74344368280285
YLR448W,79.74344368280285,19.066666666666663,146.0,0,79.74344368280285
YML073C,79.74344368280285,19.066666666666663,0.0,0,19.066666666666663
YMR121C,79.74344368280285,19.066666666666663,0.0,0,19.066666666666663
YMR194W,79.74344368280285,19.066666666666663,0.0,0,19.066666666666663
YMR242C,79.74344368280285,19.066666666666663,0.0,0,19.066666666666663
YNL067W,79.74344368280285,19.066666666666663,0.0,0,19.066666666666663
YNL069C,79.74344368280285,19.066666666666663,0.0,0,19.066666666666663
YNL162W,79.74344368280285,19.066666666666663,0.0,1,19.066666666666663
YNL301C,79.74344368280285,19.066666666666663,146.0,0,79.74344368280285
YOL039W,79.74344368280285,219.91666666666663,146.0,0,79.74344368280285
YOL120C,79.74344368280285,19.066666666666663,0.0,1,19.066666666666663
YOR234C,79.74344368280285,19.066666666666663,0.0,0,19.066666666666663
YOR312C,79.74344368280285,19.066666666666663,146.0,0,79.74344368280285
YPL079W,79.74344368280285,19.066666666666663,0.0,0,19.066666666666663
YPL131W,79.74344368280285,165.73333333333332,74.0,1,79.74344368280285
YPL143W,79.74344368280285,19.066666666666663,0.0,1,19.066666666666663
YPL198W,79.74344368280285,19.066666666666663,0.0,0,19.066666666666663
YPL220W,79.74344368280285,19.066666666666663,146.0,0,79.74344368280285
YPR043W,79.74344368280285,19.066666666666663,0.0,0,19.066666666666663
YBR181C,55.634968555340606,54.327777777777776,0.0,0,54.327777777777776
YBR189W,55.634968555340606,54.327777777777776,0.0,0,54.327777777777776
YCR031C,55.634968555340606,54.327777777777776,0.0,0,54.327777777777776
YDL061C,55.634968555340606,230.0,187.5,0,55.634968555340606
YDL083C,55.634968555340606,54.327777777777776,0.0,0,54.327777777777776
YDR025W,55.634968555340606,54.327777777777776,0.0,0,54.327777777777776
YDR064W,55.634968555340606,54.327777777777776,0.0,1,54.327777777777776
YDR447C,55.634968555340606,54.327777777777776,0.0,0,54.327777777777776
YDR450W,55.634968555340606,54.327777777777776,187.5,0,55.634968555340606
YER074W,55.634968555340606,54.327777777777776,0.0,0,54.327777777777776
YER102W,55.634968555340606,54.327777777777776,0.0,0,54.327777777777776
YGL123W,55.634968555340606,54.327777777777776,0.0,1,54.327777777777776
YGL189C,55.634968555340606,190.34999999999985,187.5,1,55.634968555340606
YGR027C,55.634968555340606,54.327777777777776,0.0,0,54.327777777777776
YHL015W,55.634968555340606,201.90000000000012,187.5,1,55.634968555340606
YHR021C,55.634968555340606,54.327777777777776,0.0,0,54.327777777777776
YIL069C,55.634968555340606,54.327777777777776,0.0,0,54.327777777777776
YJL136C,55.634968555340606,54.327777777777776,0.0,0,54.327777777777776
YJL190C,55.634968555340606,317.1666666666667,187.5,0,55.634968555340606
YJL191W,55.634968555340606,54.327777777777776,64.5,0,55.634968555340606
YJR123W,55.634968555340606,202.15000000000012,187.5,1,55.634968555340606
YJR145C,55.634968555340606,54.327777777777776,0.0,0,54.327777777777776
YKL156W,55.634968555340606,54.327777777777776,0.0,0,54.327777777777776
YKR057W,55.634968555340606,54.327777777777776,0.0,0,54.327777777777776
YLR048W,55.634968555340606,54.327777777777776,0.0,0,54.327777777777776
YLR167W,55.634968555340606,145.88333333333333,96.0,1,55.634968555340606
YLR287CA,55.634968555340606,54.327777777777776,0.0,0,54.327777777777776
YLR333C,55.634968555340606,471.5,187.5,0,55.634968555340606
YLR367W,55.634968555340606,54.327777777777776,0.0,0,54.327777777777776
YLR388W,55.634968555340606,54.327777777777776,187.5,0,55.634968555340606
YLR441C,55.634968555340606,244.0,187.5,0,55.634968555340606
YML024W,55.634968555340606,54.327777777777776,0.0,0,54.327777777777776
YML026C,55.634968555340606,54.327777777777776,0.0,0,54.327777777777776
YML063W,55.634968555340606,54.327777777777776,0.0,0,54.327777777777776
YMR116C,55.634968555340606,54.327777777777776,187.5,0,55.634968555340606
YMR143W,55.634968555340606,54.327777777777776,0.0,0,54.327777777777776
YMR230W,55.634968555340606,54.327777777777776,187.5,0,55.634968555340606
YNL096C,55.634968555340606,54.327777777777776,64.5,0,55.634968555340606
YNL178W,55.634968555340606,103.77222222222215,187.5,1,55.634968555340606
YNL302C,55.634968555340606,54.327777777777776,0.0,0,54.327777777777776
YOL040C,55.634968555340606,54.327777777777776,0.0,1,54.327777777777776
YOL121C,55.634968555340606,54.327777777777776,0.0,0,54.327777777777776
YOR167C,55.634968555340606,201.95000000000016,187.5,0,55.634968555340606
YOR182C,55.634968555340606,54.327777777777776,0.0,0,54.327777777777776
YOR293W,55.634968555340606,54.327777777777776,187.5,1,55.634968555340606
YOR369C,55.634968555340606,54.327777777777776,0.0,0,54.327777777777776
YPL081W,55.634968555340606,54.327777777777776,0.0,0,54.327777777777776
YPR132W,55.634968555340606,54.327777777777776,187.5,0,55.634968555340606
YGL023C,0.0,0.0,0.0,0,0.0
YBL038W,31.0,69.83333333333333,27.0,0,31.0
YBR122C,31.0,78.66666666666667,27.0,0,31.0
YBR268W,31.0,50.83333333333333,0.0,0,31.0
YBR282W,31.0,107.5,27.0,0,31.0
YCR003W,31.0,60.25,27.0,0,31.0
YDL202W,31.0,50.83333333333333,27.0,0,31.0
YDR237W,31.0,78.66666666666667,27.0,0,31.0
YDR322W,31.0,50.83333333333333,27.0,0,31.0
YDR405W,31.0,78.66666666666667,27.0,0,31.0
YDR462W,31.0,50.83333333333333,27.0,0,31.0
YGR076C,31.0,107.5,27.0,0,31.0
YGR220C,31.0,78.66666666666667,27.0,0,31.0
YHR147C,31.0,69.83333333333333,27.0,0,31.0
YJL063C,31.0,78.66666666666667,27.0,0,31.0
YJL096W,31.0,50.83333333333333,27.0,0,31.0
YKL138C,31.0,78.66666666666667,27.0,0,31.0
YKL167C,31.0,78.66666666666667,27.0,0,31.0
YKL170W,31.0,78.66666666666667,27.0,0,31.0
YKR006C,31.0,107.5,27.0,0,31.0
YKR085C,31.0,107.5,27.0,0,31.0
YLR312WA,31.0,50.83333333333333,0.0,0,31.0
YLR439W,31.0,50.83333333333333,27.0,0,31.0
YMR024W,31.0,50.83333333333333,27.0,0,31.0
YMR193W,31.0,107.5,27.0,0,31.0
YMR225C,31.0,50.83333333333333,27.0,0,31.0
YMR286W,31.0,50.83333333333333,0.0,0,31.0
YNL005C,31.0,78.66666666666667,27.0,0,31.0
YNL185C,31.0,50.83333333333333,27.0,0,31.0
YNL252C,31.0,107.5,27.0,0,31.0
YNL284C,31.0,78.66666666666667,27.0,0,31.0
YOR150W,31.0,60.25,27.0,0,31.0
YPL173W,31.0,50.83333333333333,0.0,0,31.0
YBR146W,12.846153846153847,44.333333333333336,22.555555555555557,0,12.846153846153847
YDL045WA,12.846153846153847,28.666666666666668,0.0,0,12.846153846153847
YDR337W,12.846153846153847,44.333333333333336,22.555555555555557,0,12.846153846153847
YDR347W,12.846153846153847,28.666666666666668,22.555555555555557,0,12.846153846153847
YFR049W,12.846153846153847,17.833333333333332,57.0,0,12.846153846153847
YGR084C,12.846153846153847,61.5,22.555555555555557,0,12.846153846153847
YHL004W,12.846153846153847,44.33333333333334,22.555555555555557,0,12.846153846153847
YHR075C,12.846153846153847,28.666666666666668,0.0,0,12.846153846153847
YKL003C,12.846153846153847,35.25,22.555555555555557,0,12.846153846153847
YKL142W,12.846153846153847,28.666666666666668,36.0,0,12.846153846153847
YNL306W,12.846153846153847,44.33333333333334,22.555555555555557,1,12.846153846153847
YPR166C,12.846153846153847,28.666666666666668,0.0,0,12.846153846153847
YDR156W,9.319002634792108,80.0,28.0,0,9.319002634792108
YHR143WA,14.546805046805048,76.75555555555556,0.0,0,14.546805046805048
YJL148W,9.319002634792108,25.261507936507936,0.0,0,9.319002634792108
YJR063W,9.319002634792108,26.93055555555556,28.0,0,9.319002634792108
YNL248C,9.319002634792108,25.261507936507936,28.0,0,9.319002634792108
YOR224C,14.546805046805048,121.66666666666669,162.0,1,14.546805046805048
YOR340C,9.319002634792108,80.0,28.0,1,9.319002634792108
YPR110C,12.641507615191822,53.6904761904762,54.0,1,12.641507615191822
YLR005W,7.220707070707071,35.092063492063495,8.0,1,7.220707070707071
YPR056W,5.661868686868687,39.28571428571429,7.0,1,5.661868686868687
YKL144C,7.993884283357968,31.5,76.5,1,7.993884283357968
YNL151C,7.993884283357968,46.5,76.5,1,7.993884283357968
YPR190C,7.993884283357968,19.410714285714285,39.25,1,7.993884283357968
YAL001C,2.85,4.750000000000001,2.0,1,2.85
YOR110W,2.85,3.880952380952381,12.5,1,2.85
YBL021C,2.5,2.857142857142857,3.0,0,2.5
YGL237C,2.5,5.6,3.0,0,2.5
YKL109W,2.5,2.1142857142857143,3.0,0,2.5
YGR258C,5.661868686868687,13.644607843137257,7.0,0,5.661868686868687
YDR076W,3.35,29.5,12.5,0,3.35
YGL163C,3.35,21.101190476190474,12.5,0,3.35
YML032C,3.35,14.089285714285715,12.5,0,3.35
YNL082W,0.625,0.0,2.0,0,0.625
YAL051W,0.0,0.0,0.0,0,0.0
YDL160C,9.770283882783882,42.72619047619048,276.45,0,9.770283882783882
YJR122W,9.770283882783882,139.33333333333334,272.7833333333333,0,9.770283882783882
YMR053C,1.1,50.0,0.0,0,1.1
YPL038W,0.3666666666666667,0.0,2.25,0,0.3666666666666667
YDR253C,0.3666666666666667,0.0,2.25,0,0.3666666666666667
YDR397C,0.0,0.0,0.0,1,0.0
YER159C,0.0,0.0,0.0,1,0.0
YHR193C,0.0,0.0,0.0,0,0.0
YPL037C,0.0,0.0,0.0,0,0.0
YHL025W,5.636075036075036,16.88888888888889,72.33333333333334,0,5.636075036075036
YER001W,0.0,0.0,0.0,0,0.0
YDR009W,0.5625,2.011111111111111,0.0,0,0.5625
YBL014C,1.7666666666666666,11.5,2.6666666666666665,1,1.7666666666666666
YML043C,1.7666666666666666,10.95,7.416666666666667,1,1.7666666666666666
YLR141W,0.75,2.0,2.0,1,0.75
YDR404C,7.681847781847783,51.64285714285714,40.5,1,7.681847781847783
YOL005C,7.681847781847783,90.83333333333331,76.5,1,7.681847781847783
YDL005C,17.921161302465652,124.53809523809524,20.0,0,17.921161302465652
YGL025C,17.921161302465652,121.99246031746031,20.0,0,17.921161302465652
YGL151W,17.921161302465652,107.66865079365078,20.0,0,17.921161302465652
YHR058C,17.921161302465652,155.0666666666667,20.0,1,17.921161302465652
YLR071C,17.921161302465652,107.66865079365078,20.0,1,17.921161302465652
YMR112C,17.921161302465652,227.66666666666663,20.0,1,17.921161302465652
YNR010W,17.921161302465652,128.41785714285714,20.0,0,17.921161302465652
YOR174W,17.921161302465652,145.31666666666666,20.0,1,17.921161302465652
YPR168W,17.921161302465652,139.63333333333335,20.0,1,17.921161302465652
YCR042C,6.84279126670431,36.36480186480186,11.0,1,6.84279126670431
YML098W,6.84279126670431,71.0,11.0,1,6.84279126670431
YMR227C,6.84279126670431,36.36480186480186,11.0,1,6.84279126670431
YDR086C,1.25,0.0,0.0,1,0.0
YER087CA,1.25,0.0,0.0,0,0.0
YBR171W,2.6666666666666665,4.633333333333334,10.0,0,2.6666666666666665
YLR292C,2.6666666666666665,6.666666666666668,10.333333333333332,0,2.6666666666666665
YPL094C,2.6666666666666665,5.083333333333334,10.0,1,2.6666666666666665
YDL232W,7.5,4.583333333333334,7.0,1,7.0
YGL226CA,7.5,4.583333333333334,0.0,0,4.583333333333334
YML019W,7.5,8.083333333333334,7.0,0,7.5
YOR085W,7.5,4.583333333333334,7.0,0,7.0
YOR103C,7.5,17.0,7.0,1,7.5
YIR022W,1.5,0.0,0.0,1,0.0
YML055W,1.5,0.0,0.0,0,0.0
YDL092W,4.8,12.0,37.9,1,4.8
YKL122C,4.8,20.0,37.9,1,4.8
YML105C,4.8,13.333333333333334,63.3,1,4.8
YPL210C,4.8,14.833333333333332,2.8000000000000003,1,4.8
YPL243W,4.8,11.7,37.9,1,4.8
YKL154W,0.0,0.0,0.0,1,0.0
YBL084C,9.386363636363637,16.795238095238098,43.75,1,9.386363636363637
YDL008W,9.386363636363637,16.795238095238098,0.0,1,9.386363636363637
YDR118W,9.386363636363637,24.6,43.75,1,9.386363636363637
YFR036W,9.386363636363637,16.795238095238098,79.5,0,9.386363636363637
YGL240W,9.386363636363637,16.795238095238098,43.75,0,9.386363636363637
YLR102C,9.386363636363637,26.666666666666668,43.75,0,9.386363636363637
YNL172W,9.386363636363637,2.4,17.166666666666664,1,9.386363636363637
YOR249C,9.386363636363637,17.0,79.5,1,9.386363636363637
YER090W,0.0,0.0,0.0,0,0.0
YKL211C,0.0,0.0,0.0,0,0.0
YOR303W,0.0,0.0,0.0,0,0.0
