protein,ECC,GO_Nb,SL_Nb,essential,ES
Q0045,0.0,0.0,0.0,0,0.0
YGL187C,0.0,0.0,0.0,0,0.0
Q0085,0.0,0.0,0.0,0,0.0
YPL078C,0.0,0.0,0.0,0,0.0
Q0250,0.0,0.0,0.0,0,0.0
YER154W,0.0,0.0,0.0,0,0.0
Q0275,0.0,0.0,0.0,0,0.0
YAL001C,0.3269230769230769,4.5,1.0,1,0.3269230769230769
YDR362C,0.0,0.0,0.0,1,0.0
YER148W,1.5685809031010272,12.652614379084968,20.5,1,1.5685809031010272
YGR246C,0.3269230769230769,3.4333333333333336,4.5,1,0.3269230769230769
YAL002W,0.46812035817521463,13.55768398268398,41.833333333333336,0,0.46812035817521463
YOR089C,1.1205975784948254,17.52012987012987,41.38888888888889,0,1.1205975784948254
YAL003W,0.0,0.0,0.0,1,0.0
YBR118W,0.0,0.0,0.0,0,0.0
YKL081W,0.0,0.0,0.0,0,0.0
YPR080W,0.0,0.0,0.0,0,0.0
YAL004W,0.0,0.0,0.0,0,0.0
YML109W,1.5602016698577326,45.75833333333333,0.0,0,1.5602016698577326
YAL005C,0.5719548425430778,4.3127828054298645,3.5,0,0.5719548425430778
YAL040C,2.1428571428571432,46.243500127323664,0.0,0,2.1428571428571432
YER151C,0.14313407181054238,0.0,0.0,0,0.0
YJL061W,0.648713795364264,16.94102564102564,8.3125,1,0.648713795364264
YLR310C,0.6993006993006993,7.446428571428571,13.333333333333334,1,0.6993006993006993
YNL064C,0.7009537297561801,7.769796380090497,13.083333333333334,0,0.7009537297561801
YNL189W,0.5138888888888882,31.03333333333333,46.0,1,0.5138888888888882
YPL240C,1.2324295587453482,10.521703296703295,30.0,0,1.2324295587453482
YAL009W,0.47204968944099374,3.892857142857143,3.2777777777777777,0,0.47204968944099374
YDL116W,0.08695652173913043,2.017857142857143,1.5,0,0.08695652173913043
YGL100W,0.0,0.0,0.0,0,0.0
YHR004C,0.5242790531749068,12.285714285714286,9.055555555555555,0,0.5242790531749068
YKL057C,0.2857142857142857,2.017857142857143,1.5,0,0.2857142857142857
YML103C,0.47619047619047616,2.017857142857143,1.8958333333333333,0,0.47619047619047616
YAL011W,1.2988952309631483,21.627006327006328,65.66666666666667,0,1.2988952309631483
YDL181W,0.0,0.0,0.0,0,0.0
YHR158C,0.5678466620762017,8.69047619047619,0.0,0,0.5678466620762017
YIR018W,0.0,0.0,0.0,0,0.0
YOR127W,0.5687183648354626,17.014485514485518,0.0,0,0.5687183648354626
YOR269W,2.7476055427242874,45.99441391941392,113.16666666666667,0,2.7476055427242874
YAL013W,2.2383633320253034,89.89943545017076,151.16666666666666,0,2.2383633320253034
YBL008W,0.2543928462360666,0.0,1.0,0,0.2543928462360666
YBL027W,0.0,0.0,0.0,0,0.0
YBR103W,0.8837272792443363,44.2,48.333333333333336,0,0.8837272792443363
YBR171W,0.5698864749869885,46.4,9.5,0,0.5698864749869885
YCR033W,0.053702461297398,2.023809523809524,4.0,0,0.053702461297398
YDL002C,0.5688311688311688,8.5,7.5,0,0.5688311688311688
YDL074C,1.6093494211091495,18.09105339105339,61.166666666666664,0,1.6093494211091495
YDL080C,0.0,0.0,0.0,0,0.0
YDR146C,0.15734989648033126,2.5,0.0,0,0.15734989648033126
YDR181C,0.0,0.0,0.0,0,0.0
YDR334W,0.5589719557158044,14.75887445887446,47.833333333333336,0,0.5589719557158044
YDR363W-A,0.5987734487734487,0.0,0.0,0,0.0
YDR392W,8.509454786699367,60.955872850919285,30.0,0,8.509454786699367
YDR485C,0.3703776595903855,28.5,9.5,0,0.3703776595903855
YER016W,12.159188710468818,811.3438977688977,1447.4999999999998,1,12.159188710468818
YER111C,2.3443993542375328,42.39455266955267,0.0,0,2.3443993542375328
YER139C,0.050649350649350645,6.333333333333333,2.75,0,0.050649350649350645
YFR010W,0.12710825721130659,4.666666666666666,0.0,0,0.12710825721130659
YGL127C,0.7224982027318475,64.9595238095238,50.0,0,0.7224982027318475
YGL133W,0.025396825396825397,0.0,0.0,0,0.0
YGL149W,0.0,0.0,0.0,0,0.0
YGL161C,1.5938040287885489,18.75,48.25,0,1.5938040287885489
YGL167C,0.3749422502038228,14.726190476190474,18.416666666666668,0,0.3749422502038228
YGL194C,0.11043344840813195,4.773809523809524,0.0,0,0.11043344840813195
YGL244W,0.8454574222572739,27.83051948051948,100.66666666666666,0,0.8454574222572739
YGR105W,0.2256602413229718,18.6,2.8333333333333335,0,0.2256602413229718
YGR181W,0.0,0.0,0.0,0,0.0
YGR182C,0.021690590111642743,0.0,0.0,0,0.0
YGR200C,0.23296616412900473,4.303113553113553,9.75,0,0.23296616412900473
YGR270W,0.19482109581152965,6.115384615384615,0.0,0,0.19482109581152965
YHR041C,0.49254658385093164,4.063157894736842,23.333333333333332,0,0.49254658385093164
YHR060W,0.5391239286265969,23.0,0.0,0,0.5391239286265969
YHR178W,0.1974108220152524,5.869047619047619,0.0,0,0.1974108220152524
YHR200W,0.5412756371854448,27.4,0.0,0,0.5412756371854448
YJL115W,0.4273782177429499,4.55672268907563,42.66666666666667,0,0.4273782177429499
YJR073C,0.43135052821584696,27.714285714285715,13.972222222222221,0,0.43135052821584696
YJR140C,0.1538821740047849,3.939393939393939,4.5,0,0.1538821740047849
YKL118W,0.18159052227899983,4.067857142857143,0.0,0,0.18159052227899983
YKR029C,0.08652158652158654,0.0,0.0,0,0.0
YLR055C,8.3178273791067,96.5333333333333,24.0,0,8.3178273791067
YLR085C,4.788468895442562,395.3166666666667,228.58333333333334,0,4.788468895442562
YLR087C,0.45923271004132904,17.687229437229437,81.08333333333333,0,0.45923271004132904
YLR111W,0.8642730960179883,21.458297258297257,0.0,0,0.8642730960179883
YLR268W,1.5970778049869787,65.21626984126985,44.38888888888889,0,1.5970778049869787
YLR384C,0.1039081289081289,7.285714285714286,9.75,0,0.1039081289081289
YLR418C,2.1700791987511505,121.46600066600068,592.5,0,2.1700791987511505
YML041C,0.6924473479286524,46.75,67.33333333333334,0,0.6924473479286524
YML047C,0.0,0.0,0.0,0,0.0
YMR060C,0.12706661375194755,0.0,0.0,0,0.0
YMR312W,0.5358457534706448,23.806135531135528,16.333333333333332,0,0.5358457534706448
YNL140C,0.12970661573425124,4.432142857142857,0.0,0,0.12970661573425124
YNL215W,0.12332599174704437,40.0,14.0,0,0.12332599174704437
YNL298W,8.046642015704219,454.3016872016872,0.0,0,8.046642015704219
YOL012C,3.8346881458261137,149.6883116883117,92.16666666666667,0,3.8346881458261137
YOR123C,0.5204762581735113,17.299999999999997,35.0,0,0.5204762581735113
YOR213C,0.0,0.0,0.0,0,0.0
YOR304W,0.0,0.0,0.0,0,0.0
YPL055C,0.48844413556680727,25.73333333333333,76.0,0,0.48844413556680727
YPL086C,0.1278898082695551,7.25,10.25,0,0.1278898082695551
YPL101W,0.10654952173939515,2.8166666666666664,8.666666666666666,0,0.10654952173939515
YPL102C,0.023544973544973542,0.0,0.0,0,0.0
YPL144W,0.0,0.0,0.0,0,0.0
YPL174C,5.245175496635571,485.0,215.7333333333333,0,5.245175496635571
YPR023C,0.13617891754909822,5.619047619047619,2.0,0,0.13617891754909822
YAL014C,0.19642857142857142,2.013888888888889,2.25,0,0.19642857142857142
YAL030W,0.8345959595959597,8.344871794871795,4.666666666666667,0,0.8345959595959597
YMR197C,1.814033189033189,12.90277777777778,22.416666666666668,1,1.814033189033189
YOR036W,0.995238095238095,15.166666666666668,31.833333333333332,1,0.995238095238095
YAL016W,0.30000000000000004,2.840336134453781,0.0,0,0.30000000000000004
YCR066W,0.0696078431372549,1.3333333333333333,4.0,0,0.0696078431372549
YDL134C,0.6111111111111112,5.328571428571428,0.0,0,0.6111111111111112
YNL127W,0.3611111111111111,2.083333333333333,0.0,0,0.3611111111111111
YOR014W,0.2693457943925234,3.284313725490196,9.166666666666668,0,0.2693457943925234
YAL020C,0.0,0.0,0.0,0,0.0
YML085C,2.0716921070065086,100.0,114.08333333333333,1,2.0716921070065086
YAL021C,0.5261904761904762,2.2976190476190474,12.5,0,0.5261904761904762
YDL160C,0.8650385565507049,5.880952380952381,29.0,0,0.8650385565507049
YGL178W,0.5327380952380952,10.1,10.5,0,0.5327380952380952
YGR092W,1.3975810738968633,11.411111111111111,9.758333333333333,0,1.3975810738968633
YGR116W,1.7936974789915965,0.0,2.0,1,1.7936974789915965
YJL127C,0.0,0.0,0.0,0,0.0
YJR060W,1.0632001280838461,7.784632034632034,20.277777777777775,0,1.0632001280838461
YLR150W,0.0,0.0,0.0,0,0.0
YML032C,5.354100384744382,251.2760989010989,460.6666666666667,0,5.354100384744382
YNR052C,0.8399230660643705,6.857142857142857,17.725,1,0.8399230660643705
YAL023C,1.6316895139754317,2.063492063492064,3.0,0,1.6316895139754317
YDL095W,2.1333333333333333,0.0,3.0,0,2.1333333333333333
YJR143C,1.7333333333333334,0.0,3.0,0,1.7333333333333334
YOR321W,1.7333333333333334,0.0,3.0,0,1.7333333333333334
YAL024C,1.15185736610244,94.0,47.733333333333334,0,1.15185736610244
YAR019C,1.7889338731443996,31.563492063492067,19.761111111111113,1,1.7889338731443996
YBR140C,0.0,0.0,0.0,1,0.0
YGR152C,1.046067821067821,27.26388888888889,8.166666666666666,0,1.046067821067821
YHR152W,0.29465214761040526,10.25,0.0,0,0.29465214761040526
YIL106W,0.9525252525252526,14.785714285714288,4.366666666666667,1,0.9525252525252526
YIR009W,0.0,0.0,0.0,0,0.0
YML064C,0.5526315789473683,41.43650793650794,0.0,1,0.5526315789473683
YNL098C,0.8803418803418803,13.311507936507937,14.916666666666666,0,0.8803418803418803
YOR101W,1.1006216006216005,24.78571428571429,14.916666666666666,0,1.1006216006216005
YAL025C,0.09347826086956522,0.0,4.0,1,0.09347826086956522
YJR044C,0.0,0.0,0.0,0,0.0
YAL026C,0.21424645511996698,2.063492063492064,0.0,0,0.21424645511996698
YPL048W,0.0,0.0,0.0,0,0.0
YPL146C,0.0,0.0,0.0,1,0.0
YAL028W,0.0,0.0,0.0,0,0.0
YLR233C,0.0,0.0,0.0,0,0.0
YAL029C,0.0,0.0,0.0,0,0.0
YFL039C,1.2458501295459756,15.07200956937799,52.333333333333336,1,1.2458501295459756
YBL050W,1.6794733044733043,17.18888888888889,38.5,1,1.6794733044733043
YDR164C,0.0,0.0,0.0,1,0.0
YDR468C,1.5403170359052714,14.875,11.500000000000002,1,1.5403170359052714
YGR009C,0.7005649717514124,11.833333333333332,0.0,1,0.7005649717514124
YOR327C,0.3794975300449753,9.266666666666666,7.75,0,0.3794975300449753
YPL232W,0.25,2.628205128205128,0.0,0,0.25
YAL032C,0.4117063492063492,6.916666666666666,13.833333333333332,1,0.4117063492063492
YDR416W,0.0,0.0,0.0,1,0.0
YLR345W,0.1736111111111111,3.5,9.333333333333334,0,0.1736111111111111
YLR423C,0.9155235965919394,61.26410256410258,86.44166666666668,0,0.9155235965919394
YPL151C,0.23809523809523808,4.0,1.0,1,0.23809523809523808
YAL033W,0.0,0.0,0.0,1,0.0
YJR115W,0.0,0.0,0.0,0,0.0
YAL034W-A,0.0,0.0,0.0,1,0.0
YGL172W,0.7981997677119629,12.69047619047619,8.333333333333332,1,0.7981997677119629
YGR120C,0.8800098884459688,27.857142857142858,20.16666666666666,1,0.8800098884459688
YKL103C,0.3380044046604149,1.4285714285714286,5.166666666666667,0,0.3380044046604149
YAL035W,0.0,0.0,0.0,1,0.0
YDL220C,0.6666666666666666,9.0,4.0,1,0.6666666666666666
YLR241W,0.0,0.0,0.0,0,0.0
YAL036C,0.27692307692307694,5.4,13.3,0,0.27692307692307694
YDL065C,0.4204834497703768,6.7,4.116666666666666,0,0.4204834497703768
YDR152W,0.0,0.0,0.0,0,0.0
YNR022C,0.0,0.0,0.0,0,0.0
YAL038W,0.0,0.0,0.0,1,0.0
YNL307C,0.1305838858645211,29.75,0.0,0,0.1305838858645211
YOR347C,0.0,0.0,0.0,0,0.0
YBL016W,1.293641343176947,4.357142857142857,1.5,0,1.293641343176947
YBR160W,1.174299049022704,19.80725108225108,0.0,1,1.174299049022704
YDL047W,2.0561242678889737,5.0,8.5,0,2.0561242678889737
YDL132W,2.644045776205219,30.152380952380952,23.416666666666664,1,2.644045776205219
YER167W,0.0,0.0,0.0,0,0.0
YFR040W,2.675814449948494,7.935064935064935,8.5,0,2.675814449948494
YJL013C,3.9908524216228076,192.46666666666667,165.33333333333334,0,3.9908524216228076
YJL098W,2.573873185637891,4.090909090909091,0.0,0,2.573873185637891
YJL157C,0.47730504789328315,3.333333333333333,0.0,1,0.47730504789328315
YKL092C,0.16993464052287582,0.0,0.0,0,0.0
YKR028W,2.5738731856378916,4.090909090909091,8.5,0,2.5738731856378916
YLL024C,0.0,0.0,0.0,0,0.0
YLR079W,2.593784092584402,83.8,13.458333333333332,0,2.593784092584402
YMR199W,1.4567226890756302,47.766666666666666,0.0,0,1.4567226890756302
YOL145C,0.0,0.0,0.0,0,0.0
YPL256C,2.053244631185808,57.21904761904762,0.0,0,2.053244631185808
YAL041W,1.5727272727272728,63.73409090909091,0.0,1,1.5727272727272728
YBR200W,3.6193142364854114,162.27380952380952,207.83333333333334,1,3.6193142364854114
YDR264C,1.1976874003189792,14.0,11.416666666666666,0,1.1976874003189792
YER155C,4.648937277378327,147.13582251082252,0.0,0,4.648937277378327
YGL233W,1.290169246948908,5.208333333333334,8.555555555555554,1,1.290169246948908
YGR221C,0.0,0.0,0.0,0,0.0
YHL007C,1.0548800872330284,33.33116883116883,6.111111111111111,0,1.0548800872330284
YIL079C,0.0,0.0,0.0,0,0.0
YJL187C,0.5304560195222071,3.6363636363636367,14.666666666666666,0,0.5304560195222071
YKL080W,0.0,0.0,0.0,0,0.0
YLR206W,0.0,0.0,0.0,0,0.0
YLR229C,2.6709143880029953,83.06111388611389,31.222222222222225,1,2.6709143880029953
YOR188W,0.5174306086070792,116.0,0.0,0,0.5174306086070792
YOR212W,1.643859649122807,13.129761904761905,0.0,0,1.643859649122807
YPL161C,1.9071621801045646,252.66666666666669,0.0,0,1.9071621801045646
YAL042W,0.0,0.0,0.0,0,0.0
YDL239C,0.4597014925373134,18.35,11.777777777777779,0,0.4597014925373134
YML067C,0.0,0.0,0.0,0,0.0
YAL043C,3.4027777777777777,16.616666666666667,6.0,1,3.4027777777777777
YDR301W,4.81547619047619,22.25,7.0,1,4.81547619047619
YJR093C,4.65,23.2,17.0,1,4.65
YKR002W,3.8,14.492857142857142,17.5,1,3.8
YLR115W,3.700396825396826,22.75,6.0,1,3.700396825396826
YLR277C,4.055555555555556,16.00952380952381,7.0,1,4.055555555555556
YPR107C,4.601190476190476,19.200000000000003,7.0,1,4.601190476190476
YAL047C,0.4,0.0,3.0,0,0.4
YGL212W,0.1678012212079076,6.111111111111112,25.5,0,0.1678012212079076
YHR172W,1.042857142857143,3.858585858585859,5.527777777777778,1,1.042857142857143
YIL061C,0.0,0.0,0.0,1,0.0
YJL113W,0.8333333333333333,0.0,0.0,0,0.0
YJL114W,0.8333333333333333,0.0,0.0,0,0.0
YLR045C,0.19880021938845469,6.404761904761905,6.277777777777779,1,0.19880021938845469
YLR429W,0.0,0.0,0.0,0,0.0
YNL126W,1.1917748917748918,4.571428571428571,6.861111111111111,1,1.1917748917748918
YAL049C,0.0,0.0,0.0,0,0.0
YNL094W,0.8812412486615601,2.0090909090909093,137.95,0,0.8812412486615601
YAL051W,0.0,0.0,0.0,0,0.0
YOR363C,0.0,0.0,0.0,0,0.0
YAL054C,0.0,0.0,0.0,0,0.0
YLR153C,0.0,0.0,0.0,1,0.0
YAL058W,0.08840579710144927,0.0,0.0,0,0.0
YGL084C,0.892909514731425,11.283333333333331,58.583333333333336,1,0.892909514731425
YKL194C,0.0,0.0,0.0,0,0.0
YKL197C,0.0,0.0,0.0,0,0.0
YNL171C,0.2596298259990001,3.333333333333333,0.0,0,0.2596298259990001
YNR036C,0.0,0.0,0.0,0,0.0
YAL064W,0.0,0.0,0.0,0,0.0
YKR011C,0.0,0.0,0.0,0,0.0
YAL067C,0.0,0.0,0.0,0,0.0
YGR055W,0.0,0.0,0.0,0,0.0
YAR003W,0.20055703066008002,3.8,0.0,0,0.20055703066008002
YBR175W,0.20541408806613193,4.0,2.0,0,0.20541408806613193
YDR140W,0.0,0.0,0.0,0,0.0
YAR007C,1.0571428571428572,3.4784461152882207,3.0,1,1.0571428571428572
YJL173C,1.0571428571428572,4.423809523809524,3.0,1,1.0571428571428572
YNL312W,1.0571428571428572,4.9641604010025056,3.0,1,1.0571428571428572
YPL022W,0.0,0.0,0.0,0,0.0
YAR008W,1.4,1.2,3.0,1,1.4
YBL051C,0.09777609899360794,9.0,10.333333333333334,0,0.09777609899360794
YLR105C,1.2000000000000002,2.2666666666666666,3.0,1,1.2000000000000002
YMR059W,1.5666666666666667,3.333333333333333,3.0,1,1.5666666666666667
YPL083C,1.5666666666666667,2.2666666666666666,3.0,1,1.5666666666666667
YAR014C,0.15171064002846832,1.6666666666666667,0.0,0,0.15171064002846832
YDR195W,0.13333333333333333,0.0,0.0,0,0.0
YER054C,0.0,0.0,0.0,0,0.0
YER133W,0.6633333333333334,2.1142857142857143,4.791666666666666,1,0.6633333333333334
YER158C,0.0,0.0,0.0,0,0.0
YIL045W,0.34285714285714286,2.1142857142857143,0.0,0,0.34285714285714286
YMR071C,0.0,0.0,0.0,1,0.0
YNL333W,1.774801587301587,11.3,0.0,0,1.774801587301587
YAR018C,0.0,0.0,0.0,0,0.0
YBL106C,0.3715145304263876,4.564102564102564,0.0,0,0.3715145304263876
YFR028C,0.0,0.0,0.0,1,0.0
YGL116W,0.035555555555555556,2.414285714285714,9.333333333333334,1,0.035555555555555556
YMR001C,0.17424242424242425,2.063492063492064,0.0,1,0.17424242424242425
YPR111W,0.6393939393939395,2.063492063492064,0.0,1,0.6393939393939395
YAR027W,0.0,0.0,0.0,0,0.0
YAR030C,0.0,0.0,0.0,0,0.0
YBR135W,0.5984126984126983,43.72987012987013,0.0,1,0.5984126984126983
YAR031W,0.0,0.0,0.0,0,0.0
YBR217W,0.8155038759689922,12.033333333333337,19.5,0,0.8155038759689922
YCR030C,0.0,0.0,0.0,0,0.0
YAR033W,0.0,0.0,0.0,0,0.0
YGL051W,0.0,0.0,0.0,0,0.0
YAR035W,0.0,0.0,0.0,0,0.0
YGR069W,0.0,0.0,0.0,0,0.0
YAR066W,0.0,0.0,0.0,0,0.0
YDR074W,0.8571428571428571,2.033333333333333,3.0,0,0.8571428571428571
YBL001C,0.054563492063492064,2.0090909090909093,0.0,0,0.054563492063492064
YDR510W,0.26675360882827226,6.0,0.0,1,0.26675360882827226
YER067W,0.0,0.0,0.0,0,0.0
YBL002W,0.0,0.0,0.0,0,0.0
YCL066W,0.0,0.0,0.0,0,0.0
YCR040W,0.0,0.0,0.0,0,0.0
YBL006C,0.0,0.0,0.0,0,0.0
YDR489W,0.0,0.0,0.0,1,0.0
YBL007C,3.3085929502616156,53.447222222222216,97.59000000000003,0,3.3085929502616156
YBR205W,0.07631578947368421,1.25,25.2,0,0.07631578947368421
YCR088W,1.5913311001246508,21.5,134.45,1,1.5913311001246508
YDR388W,8.43681173039928,289.82351274456533,1194.4499999999998,0,8.43681173039928
YGL104C,0.0,0.0,0.0,0,0.0
YGR268C,0.18080059303187546,10.0,50.2,0,0.18080059303187546
YHR016C,1.7494916869638888,10.6,230.11666666666667,0,1.7494916869638888
YIR006C,0.0,0.0,0.0,1,0.0
YJL004C,0.21527349331510623,12.666666666666666,28.35,0,0.21527349331510623
YJL151C,0.07631578947368421,1.0,6.3,0,0.07631578947368421
YKR030W,0.15330930415099348,3.74512987012987,14.011111111111111,0,0.15330930415099348
YLR064W,0.07631578947368421,0.0,6.3,0,0.07631578947368421
YLR078C,0.22738095238095238,6.880952380952381,3.444444444444444,1,0.22738095238095238
YMR253C,0.0,0.0,0.0,0,0.0
YNL138W,0.7442357494247783,7.791666666666666,53.2,1,0.7442357494247783
YNL152W,0.0,0.0,0.0,1,0.0
YOR181W,1.9795399314198123,26.56349206349206,0.0,1,1.9795399314198123
YOR284W,0.9422179075153181,4.533333333333333,117.78333333333333,0,0.9422179075153181
YPL246C,0.30466303373111675,4.196825396825397,12.6,0,0.30466303373111675
YPR171W,0.44039481572744255,4.0313852813852815,18.733333333333334,0,0.44039481572744255
YGR063C,0.0,0.0,0.0,0,0.0
YOR038C,0.21041666666666667,0.0,4.5,0,0.21041666666666667
YBL010C,0.0,0.0,0.0,0,0.0
YKR022C,0.0,0.0,0.0,1,0.0
YBL014C,0.6666666666666666,2.25,1.3333333333333333,1,0.6666666666666666
YJL025W,0.8333333333333333,2.25,2.9166666666666665,1,0.8333333333333333
YML043C,0.8333333333333333,2.0,2.9166666666666665,1,0.8333333333333333
YDL159W,1.4445255466927294,5.771428571428571,0.0,0,1.4445255466927294
YDR103W,1.5154888970678444,14.213095238095235,9.333333333333334,0,1.5154888970678444
YDR469W,0.15202702702702703,1.2,4.0,0,0.15202702702702703
YDR480W,1.1252747252747253,3.871428571428571,9.0,0,1.1252747252747253
YHR168W,0.0,0.0,0.0,0,0.0
YIL169C,0.0,0.0,0.0,0,0.0
YLR313C,0.7284075573549258,2.0047619047619047,0.0,0,0.7284075573549258
YLR362W,1.9726978615955182,19.08681318681319,0.0,0,1.9726978615955182
YPL049C,1.010989010989011,4.25,9.0,0,1.010989010989011
YBL018C,0.0,0.0,0.0,1,0.0
YBL019W,0.0,0.0,0.0,0,0.0
YEL009C,0.0,0.0,0.0,0,0.0
YBL021C,1.1454545454545455,4.542857142857143,4.0,0,1.1454545454545455
YGL237C,1.2121212121212122,8.799999999999999,12.333333333333334,0,1.2121212121212122
YKL109W,0.9222222222222223,2.1142857142857143,3.0,0,0.9222222222222223
YOR358W,1.1882275485328921,12.387698412698413,16.333333333333332,0,1.1882275485328921
YBL022C,0.0,0.0,0.0,0,0.0
YDR086C,0.0,0.0,0.0,1,0.0
YBL023C,0.043976179569399906,0.0,0.0,1,0.0
YDL017W,2.045454308257493,81.49036796536798,0.0,1,2.045454308257493
YDR052C,2.381526596111035,84.72291334396597,0.0,1,2.381526596111035
YIL150C,0.0,0.0,0.0,1,0.0
YLR103C,4.529548554889196,245.5623340024269,546.8333333333334,1,4.529548554889196
YOR196C,0.0,0.0,0.0,0,0.0
YBL024W,0.13617891754909822,6.333333333333334,1.0,0,0.13617891754909822
YGR237C,0.0,0.0,0.0,0,0.0
YBL025W,0.0,0.0,0.0,0,0.0
YDL113C,0.0,0.0,0.0,0,0.0
YIL141W,0.0,0.0,0.0,0,0.0
YJR087W,0.0,0.0,0.0,0,0.0
YMR270C,0.0,0.0,0.0,1,0.0
YBL026W,3.2964076141405476,62.42792397660818,114.75,1,3.2964076141405476
YBL066C,0.0696078431372549,0.0,4.5,0,0.0696078431372549
YCR020C-A,0.4139496474954,0.0,0.0,0,0.0
YCR077C,3.2483098041147582,77.43452380952381,78.75000000000001,0,3.2483098041147582
YDL175C,0.1377141847730083,3.1,6.0,0,0.1377141847730083
YDR166C,0.5169491525423728,3.4166666666666665,0.0,1,0.5169491525423728
YDR378C,3.6240464290975796,67.5059523809524,59.34444444444445,1,3.6240464290975796
YDR440W,0.07572286204361675,2.6722222222222225,18.25,0,0.07572286204361675
YEL015W,1.6334599018860023,16.729448621553885,54.166666666666664,0,1.6334599018860023
YER025W,0.0508578431372549,0.0,0.0,1,0.0
YER112W,3.2437996820349766,65.16626984126984,78.5,1,3.2437996820349766
YER146W,3.5186517399752693,56.70116959064328,203.33333333333331,1,3.5186517399752693
YGL173C,5.182601025902091,121.17765567765566,97.0,0,5.182601025902091
YGL185C,0.0,0.0,0.0,0,0.0
YGR077C,0.0,0.0,0.0,0,0.0
YGR158C,0.08104575163398693,1.4,2.0,1,0.08104575163398693
YIL048W,0.14616013071895426,0.0,2.6666666666666665,1,0.14616013071895426
YIL066C,0.0,0.0,0.0,0,0.0
YIL132C,0.08609738884968243,2.166666666666667,2.25,0,0.08609738884968243
YJL124C,2.363121940695469,77.94642857142857,121.65000000000002,0,2.363121940695469
YJR022W,2.4705882352941178,91.91666666666666,66.16666666666667,1,2.4705882352941178
YLR039C,2.2627737226277382,261.80238095238093,291.3333333333333,0,2.2627737226277382
YLR120C,0.0,0.0,0.0,0,0.0
YLR126C,0.0,0.0,0.0,0,0.0
YLR128W,0.0,0.0,0.0,0,0.0
YLR275W,0.3722704991087344,2.0,19.333333333333332,1,0.3722704991087344
YLR438C-A,3.1737855589837687,46.02182539682539,66.0,1,3.1737855589837687
YMR066W,0.0,0.0,0.0,0,0.0
YMR207C,0.0,0.0,0.0,0,0.0
YMR237W,0.0,0.0,0.0,0,0.0
YMR268C,0.7493952126305068,11.25,23.833333333333332,1,0.7493952126305068
YNL118C,1.0387299063769653,18.70655806182122,39.0,1,1.0387299063769653
YNL147W,3.3960549970620306,38.96386800334168,50.25,1,3.3960549970620306
YNL264C,0.0,0.0,0.0,0,0.0
YNL287W,0.30000000000000004,2.0,0.4,1,0.30000000000000004
YOL102C,0.0,0.0,0.0,1,0.0
YOL149W,4.571704056156035,88.04285714285714,122.66666666666666,1,4.571704056156035
YOL163W,0.0,0.0,0.0,0,0.0
YOR017W,0.0,0.0,0.0,0,0.0
YOR043W,0.0,0.0,0.0,0,0.0
YOR191W,0.0,0.0,0.0,0,0.0
YPL042C,0.34025974025974026,2.6095238095238096,17.25,0,0.34025974025974026
YPL115C,0.6607391165352524,35.49166666666667,5.833333333333333,1,0.6607391165352524
YPL119C,0.0,0.0,0.0,0,0.0
YPL249C,0.0,0.0,0.0,0,0.0
YPR032W,0.0269071132102476,0.0,1.3333333333333333,0,0.0269071132102476
YPR184W,0.0508578431372549,0.0,2.25,0,0.0508578431372549
YBR084C-A,0.0,0.0,0.0,0,0.0
YBL032W,0.0,0.0,0.0,0,0.0
YFR012W,0.0,0.0,0.0,0,0.0
YBL033C,0.0,0.0,0.0,0,0.0
YNL105W,0.0,0.0,0.0,0,0.0
YPR172W,0.0,0.0,0.0,0,0.0
YBL034C,0.1,3.157142857142857,0.5,1,0.1
YDR330W,0.0,0.0,0.0,0,0.0
YFL037W,4.709396547252,92.89149184149186,232.08333333333331,1,4.709396547252
YBL038W,0.0,0.0,0.0,0,0.0
YGR033C,0.0,0.0,0.0,0,0.0
YBL039C,0.0,0.0,0.0,0,0.0
YJR103W,0.0,0.0,0.0,0,0.0
YBL040C,0.0,0.0,0.0,1,0.0
YCR067C,0.0,0.0,0.0,0,0.0
YDR077W,0.0,0.0,0.0,0,0.0
YBL042C,0.0,0.0,0.0,0,0.0
YBR021W,0.0,0.0,0.0,0,0.0
YER021W,0.0,0.0,0.0,1,0.0
YBL043W,0.0,0.0,0.0,0,0.0
YDR099W,0.2777777777777778,0.0,0.0,0,0.0
YBL044W,0.0,0.0,0.0,0,0.0
YJL159W,0.0,0.0,0.0,0,0.0
YBL045C,0.34108527131782945,0.0,4.5,0,0.34108527131782945
YLR090W,0.34108527131782945,0.0,4.5,0,0.34108527131782945
YPR191W,0.0,0.0,0.0,0,0.0
YBL049W,0.062332301341589263,5.0,0.0,0,0.062332301341589263
YGR172C,1.23343653250774,15.05,23.72222222222222,1,1.23343653250774
YIL034C,1.929620671756631,36.12857142857143,45.16666666666667,0,1.929620671756631
YBR080C,0.14646464646464646,2.0,4.5,1,0.14646464646464646
YHL031C,1.0680018077356475,27.801587301587304,47.833333333333336,0,1.0680018077356475
YKR068C,4.604761904761904,39.52063492063492,36.083333333333336,1,4.604761904761904
YLR093C,0.2159090909090909,3.333333333333333,2.25,0,0.2159090909090909
YOL018C,0.8233835690456318,20.43524531024531,19.944444444444443,0,0.8233835690456318
YOR106W,0.5362802004385796,8.175,14.666666666666666,1,0.5362802004385796
YIL151C,0.0,0.0,0.0,0,0.0
YKR096W,0.0,0.0,0.0,0,0.0
YPL153C,0.0,0.0,0.0,1,0.0
YBL053W,0.0,0.0,0.0,0,0.0
YEL069C,0.0,0.0,0.0,0,0.0
YPR165W,0.2635628744373145,5.439102564102564,1.5666666666666667,1,0.2635628744373145
YBL056W,0.0,0.0,0.0,0,0.0
YDR071C,0.0,0.0,0.0,0,0.0
YOR020C,0.21661945935201748,6.5,15.0,1,0.21661945935201748
YBL059W,0.0,0.0,0.0,0,0.0
YCR099C,0.0,0.0,0.0,0,0.0
YBL061C,5.820791692149178,333.0,268.5,0,5.820791692149178
YBL047C,0.6812869837827947,34.18015873015872,26.6,0,0.6812869837827947
YBL067C,0.0,0.0,0.0,0,0.0
YBL069W,0.0,0.0,0.0,0,0.0
YBL072C,0.03684922244759973,1.3333333333333333,7.583333333333333,0,0.03684922244759973
YBR023C,5.241190038559456,89.46847041847042,215.48333333333332,0,5.241190038559456
YDR129C,2.87480984227823,41.9599756968178,0.0,0,2.87480984227823
YDR207C,0.16483516483516483,0.0,0.0,0,0.0
YDR245W,1.3430797158403234,80.08333333333334,50.444444444444436,0,1.3430797158403234
YDR377W,0.0,0.0,0.0,0,0.0
YEL031W,0.944735873485574,46.87445887445888,75.16666666666667,0,0.944735873485574
YFL036W,0.0,0.0,0.0,0,0.0
YFR019W,1.905210962177375,31.77762515262516,66.16666666666666,0,1.905210962177375
YGR229C,6.556546796674101,258.8984293484294,979.3000000000002,0,6.556546796674101
YHR030C,6.34800822598046,244.7806637806638,0.0,0,6.34800822598046
YHR107C,2.1659762342254494,46.82234432234433,26.666666666666668,1,2.1659762342254494
YIL007C,0.0,0.0,0.0,0,0.0
YJL095W,4.259721149678192,164.5785714285714,574.25,0,4.259721149678192
YJL148W,0.20482157267801449,3.333333333333333,0.0,0,0.20482157267801449
YJR118C,1.3046875683278467,15.354329004329005,0.0,0,1.3046875683278467
YKL079W,1.953721284992806,23.138347763347767,111.03333333333333,0,1.953721284992806
YKL126W,0.0,0.0,0.0,0,0.0
YKL176C,0.0,0.0,0.0,0,0.0
YLL043W,0.8333788653801442,9.333333333333332,90.25,0,0.8333788653801442
YLR110C,0.35683600341986765,20.25,26.861111111111114,0,0.35683600341986765
YLR337C,3.0406965223275915,65.98492063492063,198.08333333333334,0,3.0406965223275915
YLR338W,0.24601686721362176,0.0,46.833333333333336,0,0.24601686721362176
YLR342W,2.6187736314318584,64.2827922077922,71.55666666666669,0,2.6187736314318584
YLR370C,0.2212834705290056,7.818253968253969,33.583333333333336,0,0.2212834705290056
YLR425W,0.12722942795668957,0.0,0.0,0,0.0
YML115C,0.736654491857801,4.55,34.11111111111111,0,0.736654491857801
YMR089C,0.37018255578093306,1.125,6.708333333333333,0,0.37018255578093306
YNL079C,0.8817146820769091,36.333333333333336,69.33333333333333,0,0.8817146820769091
YNL233W,3.140872976121201,123.75,0.0,0,3.140872976121201
YNL271C,5.050438682425754,188.812996214312,262.48888888888894,0,5.050438682425754
YNR051C,0.9912382891384154,34.12738095238095,0.0,0,0.9912382891384154
YOR035C,0.705627459532532,27.1,116.5,0,0.705627459532532
YPL193W,0.0,0.0,0.0,0,0.0
YBL063W,0.02538152610441767,2.033333333333333,3.0,0,0.02538152610441767
YPR141C,9.086065999112234,261.036507936508,361.0555555555556,0,9.086065999112234
YGR117C,0.0,0.0,0.0,0,0.0
YML091C,0.0,0.0,0.0,1,0.0
YJL203W,0.5696969696969697,9.333333333333334,9.5,1,0.5696969696969697
YBL068W,0.0,0.0,0.0,0,0.0
YOL061W,0.0,0.0,0.0,0,0.0
YGL008C,0.0,0.0,0.0,1,0.0
YBL071C,0.0,0.0,0.0,0,0.0
YNL261W,0.75,2.640151515151515,2.0,1,0.75
YBL075C,0.0,0.0,0.0,0,0.0
YBL078C,0.45,2.0075757575757573,0.4,0,0.45
YHR171W,1.0,5.822727272727273,31.7,0,1.0
YNL223W,0.1,3.157142857142857,1.0,0,0.1
YNR007C,0.8577519379844962,6.463636363636364,34.2,0,0.8577519379844962
YOL083W,0.0,0.0,0.0,0,0.0
YBL079W,0.46590909090909094,0.0,3.333333333333333,0,0.46590909090909094
YER105C,0.46590909090909094,0.0,3.333333333333333,0,0.46590909090909094
YLR335W,0.16830065359477125,3.035897435897436,5.777777777777778,0,0.16830065359477125
YOR098C,0.28188320782858595,4.275757575757575,9.944444444444443,1,0.28188320782858595
YBL082C,0.0,0.0,0.0,0,0.0
YEL002C,1.4166666666666665,0.0,5.166666666666667,1,1.4166666666666665
YBL084C,6.3576900223959045,11.878571428571428,39.75,1,6.3576900223959045
YDL008W,7.872477032771152,20.245238095238093,0.0,1,7.872477032771152
YDR118W,7.707956830750949,24.6,43.75,1,7.707956830750949
YFR036W,5.33398799781178,30.96190476190477,108.33333333333334,0,5.33398799781178
YGL240W,6.612561829651081,16.795238095238098,74.35,0,6.612561829651081
YHR166C,5.953366873065015,35.6,25.416666666666668,1,5.953366873065015
YKL022C,7.51906794186206,24.6,79.5,1,7.51906794186206
YLR127C,6.867552790346908,17.77619047619048,43.75,1,6.867552790346908
YNL172W,7.707956830750949,16.795238095238098,17.166666666666664,1,7.707956830750949
YOR249C,7.689522487316605,39.08333333333333,79.5,1,7.689522487316605
YBL085W,1.432279279028505,29.400757575757577,0.0,0,1.432279279028505
YDR085C,0.0,0.0,0.0,0,0.0
YER114C,1.999693739868064,115.5,48.66666666666667,0,1.999693739868064
YER124C,0.37675637056442013,5.0,0.0,0,0.37675637056442013
YIL118W,0.8750605314268753,8.5,3.4444444444444446,1,0.8750605314268753
YJR056C,0.12426900584795321,0.0,0.0,0,0.0
YKR055W,0.5337103204564113,5.25,3.4444444444444446,0,0.5337103204564113
YMR032W,0.5431054935081236,5.901515151515152,5.166666666666667,1,0.5431054935081236
YNL078W,0.0,0.0,0.0,0,0.0
YBL086C,0.0,0.0,0.0,0,0.0
YJR040W,0.0,0.0,0.0,0,0.0
YBL088C,0.0,0.0,0.0,0,0.0
YBR136W,0.0,0.0,0.0,1,0.0
YBL089W,0.0,0.0,0.0,0,0.0
YLR325C,0.0,0.0,0.0,0,0.0
YOR082C,0.0,0.0,0.0,0,0.0
YBL091C,0.0,0.0,0.0,0,0.0
YLR244C,0.0,0.0,0.0,0,0.0
YBL093C,0.11309523809523808,0.0,2.0,0,0.11309523809523808
YDR477W,0.7272727272727272,4.114285714285714,8.783333333333333,0,0.7272727272727272
YBL099W,0.0,0.0,0.0,0,0.0
YDR322C-A,0.0,0.0,0.0,0,0.0
YBL100W-A,0.0,0.0,0.0,0,0.0
YJL162C,0.0,0.0,0.0,0,0.0
YNL229C,0.0,0.0,0.0,0,0.0
YBL101C,0.062987012987013,3.0,10.0,0,0.062987012987013
YBL102W,0.0,0.0,0.0,1,0.0
YFL058W,0.0,0.0,0.0,0,0.0
YGR068C,0.0,0.0,0.0,0,0.0
YLR026C,1.2286435786435785,9.444444444444445,17.083333333333332,1,1.2286435786435785
YBL103C,0.0,0.0,0.0,0,0.0
YOL067C,0.012658227848101266,0.0,0.0,0,0.0
YBL105C,1.230327213522214,43.855772005772,0.0,1,1.230327213522214
YBR045C,0.8642857142857141,2.8,0.0,0,0.8642857142857141
YDL006W,1.3693709507040397,47.07936507936509,0.0,0,1.3693709507040397
YDL055C,0.03635620915032679,1.4285714285714286,6.0,1,0.03635620915032679
YDR017C,0.0,0.0,0.0,0,0.0
YDR436W,0.0,0.0,0.0,0,0.0
YER165W,0.8999999999999999,2.083333333333333,7.25,1,0.8999999999999999
YGR238C,0.2164855072463768,6.333333333333333,0.0,0,0.2164855072463768
YHR206W,0.0,0.0,0.0,0,0.0
YJR075W,3.1411692862955634,426.0,155.98333333333332,0,3.1411692862955634
YKL203C,1.478846153846154,7.697619047619048,10.05,1,1.478846153846154
YLR305C,0.05380200860832138,2.1666666666666665,0.0,1,0.05380200860832138
YML016C,0.01531986531986532,2.3956043956043955,0.0,0,0.01531986531986532
YMR307W,2.978760451013024,78.37626262626263,58.041666666666664,0,2.978760451013024
YOR008C,0.7143239987805767,7.005555555555556,24.75,0,0.7143239987805767
YOR231W,0.10263377926421405,0.0,0.0,0,0.0
YPL084W,0.17485600148643626,4.833333333333334,2.0,0,0.17485600148643626
YPR159W,0.31789594053744996,8.738095238095237,30.416666666666668,0,0.31789594053744996
YHR023W,0.5287537293355659,0.0,0.0,1,0.0
YHR161C,0.3333333333333333,0.0,1.0,0,0.3333333333333333
YIL033C,0.7030228758169934,4.165909090909091,2.0,0,0.7030228758169934
YOR197W,0.028508771929824563,0.0,0.0,0,0.0
YOR326W,3.269397177374331,91.31367243867244,371.5833333333333,1,3.269397177374331
YBL107C,0.0,0.0,0.0,0,0.0
YML116W,0.0,0.0,0.0,0,0.0
YBR003W,0.0,0.0,0.0,0,0.0
YBR004C,0.0,0.0,0.0,1,0.0
YLR082C,0.2610114300903774,0.0,4.916666666666667,0,0.2610114300903774
YBR006W,0.0,0.0,0.0,0,0.0
YKL023W,0.0,0.0,0.0,0,0.0
YBR009C,0.9523809523809523,0.0,0.0,1,0.0
YBR010W,0.9523809523809523,0.0,0.0,0,0.0
YNL031C,1.9285714285714284,0.0,0.0,0,0.0
YNL030W,1.9285714285714284,0.0,0.0,0,0.0
YBR013C,0.0,0.0,0.0,0,0.0
YGR292W,0.0,0.0,0.0,0,0.0
YBR015C,0.31713345463160697,3.966666666666667,24.125,0,0.31713345463160697
YBR017C,0.4887043189368771,5.9523809523809526,6.833333333333333,0,0.4887043189368771
YDR192C,0.5,5.886904761904763,3.0,0,0.5
YGL092W,0.0,0.0,0.0,1,0.0
YGL122C,0.25396825396825395,0.6153846153846154,5.833333333333333,1,0.25396825396825395
YGR119C,1.0420999433702285,33.666666666666664,20.304166666666667,1,1.0420999433702285
YKL068W,0.7759233926128591,22.428571428571423,11.0,0,0.7759233926128591
YMR047C,0.2635658914728683,36.99047619047619,23.52083333333333,1,0.2635658914728683
YNR069C,0.0,0.0,0.0,0,0.0
YOL123W,0.42896825396825394,2.2403846153846154,6.916666666666667,1,0.42896825396825394
YBR019C,0.0,0.0,0.0,0,0.0
YOL150C,0.0,0.0,0.0,0,0.0
YBR020W,0.0,0.0,0.0,0,0.0
YML051W,0.0,0.0,0.0,0,0.0
YEL021W,0.0,0.0,0.0,0,0.0
YOR128C,0.0,0.0,0.0,0,0.0
YBR057C,0.22497079439252338,10.333333333333332,3.777777777777778,0,0.22497079439252338
YBR077C,0.0,0.0,0.0,0,0.0
YDL032W,0.0,0.0,0.0,0,0.0
YDL033C,0.27247076484364624,13.214285714285715,0.0,0,0.27247076484364624
YDL223C,0.030228392297357815,0.0,9.45,0,0.030228392297357815
YEL044W,0.0,0.0,0.0,1,0.0
YGL200C,0.5989984587089336,14.666666666666666,19.333333333333336,0,0.5989984587089336
YGR135W,0.6840473702542669,8.031746031746032,49.85,0,0.6840473702542669
YKL041W,0.0,0.0,0.0,0,0.0
YKR020W,0.645622292207954,15.714285714285714,38.30555555555556,0,0.645622292207954
YLL039C,0.0,0.0,0.0,0,0.0
YMR116C,0.09272839229735783,0.0,26.25,0,0.09272839229735783
YOR312C,0.030228392297357815,0.0,9.45,0,0.030228392297357815
YPL069C,0.03764954257565095,0.0,0.0,0,0.0
YBR024W,1.0,1.1428571428571428,2.0,1,1.0
YBR037C,1.0,2.017857142857143,2.0,0,1.0
YLL009C,1.0,0.875,2.0,0,1.0
YBR025C,0.0,0.0,0.0,0,0.0
YNL207W,0.0,0.0,0.0,1,0.0
YBR033W,0.0,0.0,0.0,0,0.0
YNL228W,0.0,0.0,0.0,0,0.0
YBR034C,0.0,0.0,0.0,0,0.0
YDR432W,0.0,0.0,0.0,1,0.0
YBR036C,0.6374327956989247,2.083333333333333,7.975,0,0.6374327956989247
YBR265W,0.0,0.0,0.0,1,0.0
YDL015C,0.0,0.0,0.0,1,0.0
YDR062W,0.0,0.0,0.0,1,0.0
YDR208W,0.0,0.0,0.0,1,0.0
YDR270W,0.0,0.0,0.0,0,0.0
YDR297W,0.0,0.0,0.0,0,0.0
YER093C,0.738568376068376,2.8166666666666664,7.7375,1,0.738568376068376
YMR272C,0.5964704170263977,7.011904761904762,0.0,0,0.5964704170263977
YMR296C,0.0,0.0,0.0,1,0.0
YNL330C,0.14583333333333331,0.0,2.25,0,0.14583333333333331
YOL004W,0.1777749832327297,0.0,6.0,0,0.1777749832327297
YPL057C,0.4117383512544803,1.5,4.5,0,0.4117383512544803
YPL231W,0.0,0.0,0.0,1,0.0
YBR039W,0.0,0.0,0.0,0,0.0
YPR024W,0.5,2.761904761904762,0.0,0,0.5
YBR040W,0.0,0.0,0.0,0,0.0
YCL040W,0.0,0.0,0.0,0,0.0
YBR043C,0.0,0.0,0.0,0,0.0
YGR074W,0.13813813813813813,1.5,4.5,1,0.13813813813813813
YJL155C,0.0,0.0,0.0,0,0.0
YBR044C,0.0,0.0,0.0,0,0.0
YKL141W,0.0,0.0,0.0,1,0.0
YKL148C,0.0,0.0,0.0,0,0.0
YLL041C,0.0,0.0,0.0,0,0.0
YLR263W,0.5928571428571429,2.0,0.0,0,0.5928571428571429
YOR178C,0.5357142857142857,1.4285714285714286,0.0,0,0.5357142857142857
YOR329C,0.19285714285714284,0.0,0.0,1,0.0
YBR046C,0.0,0.0,0.0,0,0.0
YBR048W,0.0,0.0,0.0,0,0.0
YDR025W,0.0,0.0,0.0,0,0.0
YDR450W,0.0,0.0,0.0,0,0.0
YBR050C,0.2621212121212121,0.0,0.0,0,0.0
YDR028C,0.8196969696969697,0.0,26.083333333333332,0,0.8196969696969697
YBR052C,0.0,0.0,0.0,0,0.0
YDR032C,0.0,0.0,0.0,0,0.0
YBR054W,0.0,0.0,0.0,0,0.0
YDR190C,0.0,0.0,0.0,1,0.0
YBR055C,0.0,0.0,0.0,1,0.0
YDL064W,0.0,0.0,0.0,1,0.0
YPR082C,0.0,0.0,0.0,1,0.0
YCL055W,0.35,3.0,6.0,0,0.35
YDR206W,0.0,0.0,0.0,0,0.0
YGL192W,0.35,2.1666666666666665,3.111111111111111,0,0.35
YIL144W,1.17016317016317,9.566666666666668,24.666666666666664,1,1.17016317016317
YBR058C,0.0,0.0,0.0,0,0.0
YOL059W,0.0,0.0,0.0,0,0.0
YOL064C,0.0,0.0,0.0,0,0.0
YOL113W,0.0,0.0,0.0,0,0.0
YOL132W,0.0,0.0,0.0,0,0.0
YOL156W,0.0,0.0,0.0,0,0.0
YBR059C,0.0,0.0,0.0,0,0.0
YER144C,0.0,0.0,0.0,0,0.0
YBR060C,0.5,2.1818181818181817,2.0,1,0.5
YPR019W,0.75,0.4583333333333333,2.0,1,0.75
YBR061C,0.0,0.0,0.0,0,0.0
YBR300C,0.0,0.0,0.0,0,0.0
YDR383C,0.13425925925925924,15.0,2.25,0,0.13425925925925924
YDR461W,0.0,0.0,0.0,0,0.0
YER028C,0.0,0.0,0.0,0,0.0
YGR195W,2.0,6.008391608391609,6.083333333333333,1,2.0
YGR201C,0.0,0.0,0.0,0,0.0
YGR219W,0.0,0.0,0.0,0,0.0
YGR235C,0.0,0.0,0.0,0,0.0
YGR277C,0.0,0.0,0.0,1,0.0
YHL011C,0.3333333333333333,0.0,4.5,0,0.3333333333333333
YHR008C,0.0,0.0,0.0,0,0.0
YHR022C,0.0,0.0,0.0,0,0.0
YHR026W,0.0,0.0,0.0,0,0.0
YHR058C,0.02282051282051282,1.6,2.0,1,0.02282051282051282
YHR059W,0.0,0.0,0.0,0,0.0
YJL097W,0.17045454545454547,1.4545454545454546,1.3333333333333333,1,0.17045454545454547
YJL140W,0.0,0.0,0.0,0,0.0
YJL166W,0.0,0.0,0.0,0,0.0
YBR064W,0.0,0.0,0.0,0,0.0
YOR317W,0.0,0.0,0.0,0,0.0
YBR066C,0.0,0.0,0.0,0,0.0
YBR067C,0.0,0.0,0.0,0,0.0
YNL237W,0.0,0.0,0.0,0,0.0
YPR138C,0.0,0.0,0.0,0,0.0
YBR068C,0.0,0.0,0.0,0,0.0
YJL129C,0.0,0.0,0.0,0,0.0
YKL106W,0.0,0.0,0.0,0,0.0
YKR050W,0.0,0.0,0.0,0,0.0
YOR133W,0.0,0.0,0.0,0,0.0
YBR069C,0.0,0.0,0.0,0,0.0
YOL109W,0.0,0.0,0.0,0,0.0
YBR073W,0.0,0.0,0.0,0,0.0
YER179W,0.0,0.0,0.0,0,0.0
YBR074W,0.0,0.0,0.0,0,0.0
YMR083W,0.0,0.0,0.0,0,0.0
YKR007W,0.4583333333333333,2.230769230769231,2.0,0,0.4583333333333333
YMR004W,0.4203435093879831,6.285714285714286,2.25,0,0.4203435093879831
YOR045W,0.26785714285714285,2.2666666666666666,2.0,0,0.26785714285714285
YBR079C,0.3333333333333333,3.333333333333333,2.0,1,0.3333333333333333
YMR309C,1.3333333333333333,7.374999999999999,3.0,1,1.3333333333333333
YNL243W,1.3144489062245601,4.820346320346321,1.5,1,1.3144489062245601
YOR361C,1.6666666666666667,23.0,4.0,1,1.6666666666666667
YBR081C,9.246028116955637,49.51964994070257,19.5,0,9.246028116955637
YBR198C,8.513091465002894,70.74444444444444,14.0,1,8.513091465002894
YDR145W,8.620421219647225,64.94444444444444,13.0,1,8.620421219647225
YDR167W,5.0329205366357055,54.503912066605565,19.0,1,5.0329205366357055
YDR176W,7.0622928140048415,52.28141332351858,29.833333333333336,0,7.0622928140048415
YDR448W,7.867175961293606,51.67700077700078,16.0,0,7.867175961293606
YGL112C,8.113730851192152,58.27832167832168,13.0,1,8.113730851192152
YGR252W,8.277748253451577,42.61204059098795,42.333333333333336,0,8.277748253451577
YHR099W,8.554487153713161,45.76175520386047,13.0,1,8.554487153713161
YMR236W,7.753875330036321,81.22222222222223,13.0,1,7.753875330036321
YNL236W,1.4105718842560948,14.942857142857145,38.333333333333336,0,1.4105718842560948
YOL051W,1.1215111642743223,2.1142857142857143,20.333333333333332,0,1.1215111642743223
YOL148C,8.805122839649693,154.39999999999998,61.333333333333336,0,8.805122839649693
YOR290C,1.3402317552775218,8.83157894736842,6.0,0,1.3402317552775218
YPL254W,8.696619849784211,95.83333333333334,16.5,0,8.696619849784211
YBR082C,0.6666666666666666,0.0,0.0,0,0.0
YDR059C,1.0833333333333333,0.0,0.0,0,0.0
YDR177W,0.6666666666666666,0.0,0.0,1,0.0
YMR022W,0.41666666666666663,0.0,0.0,0,0.0
YBR083W,0.0,0.0,0.0,0,0.0
YKL043W,0.0,0.0,0.0,0,0.0
YBR085W,0.24545454545454548,0.0,0.0,0,0.0
YDL143W,1.5266233766233768,3.0,3.0,1,1.5266233766233768
YBR087W,0.3055555555555556,2.303571428571429,2.0,1,0.3055555555555556
YBR088C,0.0,0.0,0.0,1,0.0
YDR328C,1.439234449760765,12.16029411764706,10.166666666666666,1,1.439234449760765
YER173W,2.5273134977858933,117.7142857142857,145.83333333333331,0,2.5273134977858933
YJR068W,0.7254901960784313,3.4178571428571427,4.0,1,0.7254901960784313
YLR390W,0.0,0.0,0.0,0,0.0
YJR043C,7.3796381851397825,169.82084500466854,422.1666666666667,0,7.3796381851397825
YOR217W,0.3055555555555556,2.128571428571429,2.0,1,0.3055555555555556
YBR090C,0.0,0.0,0.0,0,0.0
YBR091C,1.3333333333333333,7.0,4.0,1,1.3333333333333333
YDL217C,1.5333333333333332,7.6,4.0,1,1.5333333333333332
YEL020W-A,0.41666666666666663,2.0,2.0,1,0.41666666666666663
YHR005C-A,1.5499999999999998,6.199999999999999,4.0,1,1.5499999999999998
YOR297C,1.5333333333333334,5.425000000000001,4.0,1,1.5333333333333334
YOR334W,0.0,0.0,0.0,0,0.0
YBR093C,0.0,0.0,0.0,0,0.0
YKR106W,0.0,0.0,0.0,0,0.0
YML077W,4.820039682539683,55.1,28.958333333333332,1,4.820039682539683
YBR094W,1.0521922316824803,10.198809523809524,66.83333333333334,0,1.0521922316824803
YBR194W,0.0,0.0,0.0,0,0.0
YCR086W,0.9691869114599146,32.99523809523809,21.0,0,0.9691869114599146
YDL162C,0.0,0.0,0.0,0,0.0
YDR363W,2.560078629360146,64.8,154.31666666666666,0,2.560078629360146
YER019W,0.22773418264943263,10.292857142857144,13.0,0,0.22773418264943263
YER041W,0.0,0.0,0.0,0,0.0
YLR234W,4.019392839373574,77.58658008658008,0.0,0,4.019392839373574
YLR373C,0.4707677514770242,40.83333333333333,11.277777777777779,0,0.4707677514770242
YML028W,0.0864787036309851,0.0,0.0,0,0.0
YMR038C,1.0469176711516388,70.28571428571429,28.72222222222222,0,1.0469176711516388
YMR190C,5.357477337589515,110.90243367743368,109.82222222222221,0,5.357477337589515
YNL153C,14.201299518595862,1283.6678571428572,0.0,0,14.201299518595862
YNL297C,0.13496529022418371,3.74512987012987,0.0,0,0.13496529022418371
YOR001W,0.0,0.0,0.0,0,0.0
YOR144C,6.38440307377506,188.69047619047612,233.41666666666666,0,6.38440307377506
YPL024W,1.8068454903874833,15.333333333333334,38.416666666666664,0,1.8068454903874833
YBR097W,0.0,0.0,0.0,0,0.0
YBR288C,0.4102218225419664,13.75,9.833333333333332,0,0.4102218225419664
YLR240W,0.325,0.8,0.0,1,0.325
YBR098W,2.5782260008889057,16.304761904761904,119.5,0,2.5782260008889057
YDR369C,1.3197990577553718,19.61904761904762,0.0,0,1.3197990577553718
YKL113C,6.332495829042847,182.6426129426129,130.38888888888889,0,6.332495829042847
YLR235C,2.3222751419860086,15.298160173160174,0.0,0,2.3222751419860086
YBR101C,0.0,0.0,0.0,0,0.0
YBR014C,0.0,0.0,0.0,0,0.0
YHL021C,0.0,0.0,0.0,0,0.0
YJL117W,0.0,0.0,0.0,0,0.0
YKL171W,0.0,0.0,0.0,0,0.0
YLL062C,0.0,0.0,0.0,0,0.0
YLR074C,0.0,0.0,0.0,0,0.0
YLR194C,0.0,0.0,0.0,0,0.0
YMR092C,0.17857142857142855,2.0296052631578947,2.0,0,0.17857142857142855
YMR173W,0.0,0.0,0.0,0,0.0
YOL011W,0.0,0.0,0.0,0,0.0
YPL136W,0.0,0.0,0.0,0,0.0
YBR102C,0.6428571428571428,3.4166666666666665,0.0,1,0.6428571428571428
YLR166C,1.8347457627118644,14.666666666666668,0.0,1,1.8347457627118644
YDR227W,0.325,0.0,4.5,0,0.325
YGL023C,0.17261904761904762,0.0,1.0,0,0.17261904761904762
YGL236C,0.17261904761904762,0.0,2.0,1,0.17261904761904762
YIL112W,0.07464607464607464,0.0,0.0,0,0.0
YJR141W,0.0,0.0,0.0,1,0.0
YMR061W,1.6083333333333332,2.5,7.5,1,1.6083333333333332
YOR319W,0.18627450980392157,2.5,4.5,1,0.18627450980392157
YBR107C,2.0600874058287166,98.16666666666669,81.83333333333334,0,2.0600874058287166
YPL018W,4.6306855538800376,83.38803418803418,116.33333333333334,0,4.6306855538800376
YBR108W,0.20916874175922134,7.058333333333334,2.0,0,0.20916874175922134
YCR009C,6.8544545832793435,211.37608225108224,796.0,0,6.8544545832793435
YGR136W,0.1736111111111111,8.0,0.0,0,0.1736111111111111
YBR109C,0.031441906165561286,0.8181818181818182,0.0,1,0.031441906165561286
YCR065W,0.39544166976017764,12.166666666666666,14.25,0,0.39544166976017764
YDR356W,0.4,0.8181818181818182,1.5,1,0.4
YFR014C,0.0,0.0,0.0,0,0.0
YGL043W,0.0,0.0,0.0,0,0.0
YLR433C,0.0,0.0,0.0,0,0.0
YML057W,0.0,0.0,0.0,0,0.0
YMR109W,3.3027589659914396,37.66464646464647,144.0,0,3.3027589659914396
YOL016C,0.0,0.0,0.0,0,0.0
YBR110W,0.0,0.0,0.0,1,0.0
YBR112C,0.2121212121212121,1.0,16.25,1,0.2121212121212121
YCR084C,0.0,0.0,0.0,0,0.0
YDL194W,0.0,0.0,0.0,0,0.0
YDR043C,0.2121212121212121,1.0,16.25,0,0.2121212121212121
YMR240C,0.0,0.0,0.0,1,0.0
YOR140W,0.15655577299412915,0.4,4.5,0,0.15655577299412915
YBR113W,0.0,0.0,0.0,0,0.0
YDL043C,0.6974747474747475,13.583333333333334,21.5,1,0.6974747474747475
YBR114W,0.012389719984656693,2.023809523809524,0.0,0,0.012389719984656693
YJR052W,0.0,0.0,0.0,0,0.0
YLR147C,0.0644927536231884,4.714285714285714,0.0,1,0.0644927536231884
YBR117C,0.0,0.0,0.0,0,0.0
YLR249W,0.0,0.0,0.0,1,0.0
YBR119W,0.0,0.0,0.0,0,0.0
YDR110W,0.0,0.0,0.0,0,0.0
YLR223C,0.0,0.0,0.0,1,0.0
YLR449W,0.0,0.0,0.0,0,0.0
YNL227C,0.0,0.0,0.0,0,0.0
YBR123C,0.0,0.0,0.0,1,0.0
YGR047C,0.0,0.0,0.0,1,0.0
YOR110W,0.0,0.0,0.0,1,0.0
YBR125C,0.0,0.0,0.0,0,0.0
YBR126C,0.8890845070422534,2.033333333333333,5.0,0,0.8890845070422534
YDL022W,0.0,0.0,0.0,0,0.0
YGL035C,0.0,0.0,0.0,0,0.0
YGL253W,0.13617891754909825,4.744047619047619,0.0,0,0.13617891754909825
YML100W,1.5714285714285714,2.4,3.0,0,1.5714285714285714
YMR261C,1.5714285714285714,1.6666666666666667,3.0,0,1.5714285714285714
YBR127C,0.0,0.0,0.0,0,0.0
YBR128C,0.0,0.0,0.0,0,0.0
YPL120W,0.5894935146773093,2.5,0.0,0,0.5894935146773093
YBR130C,0.0,0.0,0.0,0,0.0
YBR131W,0.2569444444444445,7.0,2.0,0,0.2569444444444445
YML001W,0.2882399962383035,2.1832611832611835,18.666666666666668,0,0.2882399962383035
YBR133C,0.1625,1.1,4.5,0,0.1625
YDL154W,0.0,0.0,0.0,0,0.0
YER087W,0.0,0.0,0.0,0,0.0
YKL101W,0.21049136053122341,31.23611111111111,2.0,1,0.21049136053122341
YPL016W,1.1431029037369056,8.83157894736842,1.9999999999999998,1,1.1431029037369056
YBR134W,0.0,0.0,0.0,0,0.0
YBR252W,0.0,0.0,0.0,1,0.0
YDL155W,0.33600023794660866,24.52380952380952,0.0,1,0.33600023794660866
YDR078C,0.41666666666666663,2.5,2.0,0,0.41666666666666663
YGR108W,0.1468253968253968,7.699999999999999,0.0,0,0.1468253968253968
YLR210W,1.586222594656907,94.91666666666669,0.0,0,1.586222594656907
YPR119W,0.9324534869601013,76.68831168831169,0.0,0,0.9324534869601013
YDR499W,0.8333333333333333,4.25,1.5,1,0.8333333333333333
YGR180C,0.0,0.0,0.0,0,0.0
YBR138C,0.0,0.0,0.0,0,0.0
YIL046W,0.5140293916609706,2.5955882352941178,7.416666666666667,1,0.5140293916609706
YBR139W,0.0,0.0,0.0,0,0.0
YOR381W,0.0,0.0,0.0,0,0.0
YBR195C,0.03673245614035087,0.0,1.0,0,0.03673245614035087
YBR141C,0.0,0.0,0.0,0,0.0
YDR372C,0.20719424460431657,2.207792207792208,0.0,0,0.20719424460431657
YGL091C,0.0,0.0,0.0,1,0.0
YBR143C,0.3611111111111111,0.0,4.5,1,0.3611111111111111
YDR172W,0.3611111111111111,0.0,4.5,1,0.3611111111111111
YMR080C,0.35460992907801414,0.0,3.25,0,0.35460992907801414
YBR146W,0.0,0.0,0.0,0,0.0
YIL070C,0.0,0.0,0.0,0,0.0
YBR149W,0.0,0.0,0.0,0,0.0
YDL211C,0.0,0.0,0.0,0,0.0
YNL128W,0.0,0.0,0.0,0,0.0
YBR152W,0.0,0.0,0.0,1,0.0
YGR075C,0.0,0.0,0.0,1,0.0
YBR154C,0.0,0.0,0.0,1,0.0
YFL023W,0.0,0.0,0.0,1,0.0
YOR116C,0.0,0.0,0.0,1,0.0
YBR155W,0.2222222222222222,4.2,4.5,1,0.2222222222222222
YDR463W,0.0,0.0,0.0,0,0.0
YJR032W,0.45758967878707774,14.20508658008658,0.0,0,0.45758967878707774
YMR186W,0.9552631578947368,14.207142857142856,3.25,0,0.9552631578947368
YBR156C,0.0,0.0,0.0,0,0.0
YPL209C,0.06333333333333334,0.0,1.4583333333333333,1,0.06333333333333334
YBR158W,0.0,0.0,0.0,1,0.0
YDR111C,0.0,0.0,0.0,0,0.0
YDL020C,0.7672087032018418,31.633333333333333,2.0,0,0.7672087032018418
YDR168W,0.0,0.0,0.0,1,0.0
YFL029C,0.08333333333333333,11.0,0.0,1,0.08333333333333333
YFR052W,0.5240592740592741,17.799999999999997,0.0,1,0.5240592740592741
YGL073W,0.0,0.0,0.0,1,0.0
YGR109C,0.0,0.0,0.0,0,0.0
YGR274C,0.9458952811893989,8.644117647058824,9.0,1,0.9458952811893989
YJL194W,0.8075396825396826,3.5853174603174605,6.75,1,0.8075396825396826
YKL048C,1.2930788225142988,73.46611721611721,0.0,0,1.2930788225142988
YKL145W,0.0,0.0,0.0,1,0.0
YMR273C,1.1390977443609023,14.703787878787878,13.166666666666668,0,1.1390977443609023
YOR142W,0.0,0.0,0.0,0,0.0
YPR120C,0.332977303070761,16.45,0.0,1,0.332977303070761
YBR162C,0.0,0.0,0.0,0,0.0
YBL095W,0.0,0.0,0.0,0,0.0
YBR192W,0.0,0.0,0.0,1,0.0
YGR249W,0.0,0.0,0.0,0,0.0
YNL217W,0.0,0.0,0.0,0,0.0
YOL028C,0.0,0.0,0.0,0,0.0
YPR155C,0.0,0.0,0.0,0,0.0
YBR162W-A,0.0,0.0,0.0,0,0.0
YIL027C,0.0,0.0,0.0,0,0.0
YML108W,0.0,0.0,0.0,0,0.0
YBR164C,3.0001815114078205,109.5725871350871,0.0,0,3.0001815114078205
YCR044C,0.3521779443662416,7.944805194805195,5.666666666666667,0,0.3521779443662416
YDL077C,0.48279213823482625,6.052822177822177,17.666666666666664,0,0.48279213823482625
YDL100C,0.057971775546874466,0.9375,0.0,0,0.057971775546874466
YDL192W,0.6838815789473685,29.0,59.03333333333334,0,0.6838815789473685
YDR027C,0.41666666666666663,0.0,1.8958333333333333,0,0.41666666666666663
YDR108W,4.527801554430683,29.77341269841269,0.0,0,4.527801554430683
YDR136C,0.208409485753709,7.725,2.0,0,0.208409485753709
YDR137W,0.1558464417848071,6.305555555555555,13.5,0,0.1558464417848071
YDR162C,1.7875174711859123,45.12520535020535,171.91666666666669,0,1.7875174711859123
YDR202C,0.057971775546874466,5.0,0.0,0,0.057971775546874466
YDR203W,0.057971775546874466,0.0,0.0,0,0.0
YER083C,0.3873023258172905,11.471825396825396,6.944444444444445,0,0.3873023258172905
YER122C,0.24207250447864814,15.75378787878788,61.0,0,0.24207250447864814
YGL005C,0.48987192942197444,44.66666666666666,28.25,0,0.48987192942197444
YHR012W,1.1061138134563702,28.200000000000003,0.0,0,1.1061138134563702
YJL154C,1.7901893219727918,11.528138528138529,64.33333333333334,0,1.7901893219727918
YJR033C,0.057971775546874466,0.0,0.0,0,0.0
YKL119C,0.5115697310819262,3.8,0.0,0,0.5115697310819262
YKR001C,0.4975925942866365,8.025396825396825,8.5,0,0.4975925942866365
YLR242C,0.5,2.05,1.3333333333333333,0,0.5
YLR261C,0.16076342789778159,5.713888888888889,0.0,0,0.16076342789778159
YLR262C,2.28776978417266,236.21515151515143,199.11111111111114,0,2.28776978417266
YLR447C,0.331995465284966,16.44206349206349,11.125,0,0.331995465284966
YML071C,0.5448572666653763,46.66666666666666,38.5,0,0.5448572666653763
YMR054W,0.057971775546874466,2.142857142857143,0.0,0,0.057971775546874466
YMR123W,0.057971775546874466,7.5,0.0,0,0.057971775546874466
YNL041C,0.5382637491840294,41.41666666666666,38.91666666666667,0,0.5382637491840294
YNL043C,0.0,0.0,0.0,0,0.0
YNL044W,0.401643921331388,8.6,9.791666666666668,1,0.401643921331388
YNL051W,0.48987192942197444,35.16666666666667,28.25,0,0.48987192942197444
YNL238W,0.31415655889342137,2.063492063492064,2.25,0,0.31415655889342137
YNL296W,0.15779550647199203,10.335497835497836,0.0,0,0.15779550647199203
YOR068C,0.13496529022418371,3.74512987012987,8.416666666666666,0,0.13496529022418371
YOR069W,1.3519318219604786,12.0,24.958333333333336,0,1.3519318219604786
YOR070C,2.65071156840793,140.66666666666669,202.16666666666666,0,2.65071156840793
YOR132W,1.3481918910053576,8.863636363636363,18.833333333333336,0,1.3481918910053576
YBR165W,0.0,0.0,0.0,0,0.0
YDR054C,2.1907894736842106,21.97063492063492,20.0,1,2.1907894736842106
YBR167C,0.0,0.0,0.0,1,0.0
YHR062C,0.0,0.0,0.0,1,0.0
YBR170C,0.0,0.0,0.0,0,0.0
YDL126C,0.0,0.0,0.0,1,0.0
YDR259C,0.4673043655703698,32.2,39.33333333333333,0,0.4673043655703698
YGR048W,0.25,0.4545454545454545,0.0,1,0.25
YOR254C,0.0,0.0,0.0,1,0.0
YCL057W,0.0,0.0,0.0,0,0.0
YBR172C,0.18382352941176472,0.0,0.0,0,0.0
YIL004C,0.4939772145417306,4.433333333333334,5.944444444444444,1,0.4939772145417306
YKL074C,0.8774509803921569,0.0,0.0,0,0.0
YLR116W,0.5882352941176471,0.0,0.0,1,0.0
YPL085W,0.65,0.0,4.895833333333333,1,0.65
YHR177W,0.0,0.0,0.0,0,0.0
YIL160C,0.0,0.0,0.0,0,0.0
YOR047C,0.2,17.791666666666668,0.6666666666666666,0,0.2
YBR178W,0.0,0.0,0.0,0,0.0
YHR122W,0.0,0.0,0.0,1,0.0
YBR182C,0.0,0.0,0.0,0,0.0
YPL089C,0.11920112291318197,9.4,16.25,0,0.11920112291318197
YBR184W,0.0,0.0,0.0,0,0.0
YNL225C,0.0,0.0,0.0,1,0.0
YBR185C,0.6666666666666666,1.6,1.3333333333333333,0,0.6666666666666666
YER017C,0.6666666666666666,2.225,2.9166666666666665,0,0.6666666666666666
YBR186W,0.0,0.0,0.0,0,0.0
YDR285W,0.0,0.0,0.0,0,0.0
YBR187W,0.0,0.0,0.0,0,0.0
YNR032W,0.0,0.0,0.0,0,0.0
YBR188C,0.0,0.0,0.0,0,0.0
YLL036C,0.0,0.0,0.0,1,0.0
YLR117C,0.0,0.0,0.0,1,0.0
YBR190W,0.0,0.0,0.0,1,0.0
YER078C,0.0,0.0,0.0,0,0.0
YBR193C,2.1063299761591985,20.61547619047619,11.5,1,2.1063299761591985
YDL005C,2.8353296703296706,17.135714285714286,6.0,0,2.8353296703296706
YER022W,0.5800000000000002,33.62301587301587,41.5,1,0.5800000000000002
YGL025C,2.8353296703296706,16.746825396825397,6.0,0,2.8353296703296706
YGR104C,0.0,0.0,0.0,0,0.0
YIL021W,2.3505494505494506,12.328571428571427,5.0,1,2.3505494505494506
YOL135C,3.2628205128205128,31.8,8.0,1,3.2628205128205128
YOR174W,3.088461538461539,28.566666666666663,9.0,1,3.088461538461539
YPR152C,0.0,0.0,0.0,0,0.0
YPR018W,0.028953637529778267,1.3333333333333333,0.0,0,0.028953637529778267
YBR196C,0.0,0.0,0.0,1,0.0
YDL215C,0.0,0.0,0.0,0,0.0
YGL229C,0.10775193798449613,3.333333333333333,0.0,0,0.10775193798449613
YHR137W,0.0,0.0,0.0,0,0.0
YML061C,0.0,0.0,0.0,0,0.0
YCR038C,0.27692307692307694,7.5,12.6,0,0.27692307692307694
YDL178W,0.06601731601731602,2.796052631578948,2.0,0,0.06601731601731602
YEL043W,0.643151698598651,11.55275974025974,0.0,0,0.643151698598651
YGR134W,0.0,0.0,0.0,0,0.0
YHR129C,4.549898407804203,179.71666666666667,181.5,0,4.549898407804203
YBR202W,1.3541666666666665,0.0,4.25,1,1.3541666666666665
YEL032W,1.3541666666666665,0.0,8.0,1,1.3541666666666665
YLR274W,1.3541666666666665,0.0,4.25,1,1.3541666666666665
YBR203W,0.0,0.0,0.0,0,0.0
YKL006C-A,0.8040404040404041,2.0,8.666666666666666,1,0.8040404040404041
YFL038C,0.7058053557154276,12.477200577200575,4.583333333333333,1,0.7058053557154276
YHR105W,0.0,0.0,0.0,0,0.0
YBR207W,0.0,0.0,0.0,0,0.0
YBR211C,0.0,0.0,0.0,1,0.0
YDR394W,0.3333333333333333,0.875,0.0,1,0.3333333333333333
YBR213W,0.0,0.0,0.0,0,0.0
YMR206W,0.0,0.0,0.0,0,0.0
YBR216C,0.2821705426356589,35.0,13.333333333333332,0,0.2821705426356589
YML007W,0.24789809681522548,11.375,10.972222222222221,0,0.24789809681522548
YMR159C,0.23110209601081813,4.352564102564102,6.0,0,0.23110209601081813
YPL149W,0.5,3.5025641025641026,5.0,0,0.5
YBR218C,0.0,0.0,0.0,0,0.0
YER065C,0.0,0.0,0.0,0,0.0
YNL117W,0.0,0.0,0.0,0,0.0
YBR221C,0.0,0.0,0.0,0,0.0
YBR223C,0.0,0.0,0.0,0,0.0
YBR228W,0.438386524822695,6.0,17.333333333333336,0,0.438386524822695
YLR135W,0.438386524822695,3.2555555555555555,10.916666666666666,0,0.438386524822695
YBR229C,0.869937646350756,21.33333333333333,38.05,0,0.869937646350756
YDR389W,0.45202456227300947,2.1666666666666665,9.0,1,0.45202456227300947
YGR157W,0.09475806451612903,2.5,1.0,0,0.09475806451612903
YHR101C,0.3125,0.0,0.0,1,0.0
YHR108W,0.0769927536231884,3.857142857142857,0.0,0,0.0769927536231884
YMR200W,0.6625,0.0,13.1,1,0.6625
YNL322C,4.570169596038994,133.1435064935065,0.0,0,4.570169596038994
YBR230C,0.0,0.0,0.0,0,0.0
YBR233W,0.0,0.0,0.0,0,0.0
YBR234C,4.67144123519191,215.71666666666664,294.41666666666663,1,4.67144123519191
YBL062W,0.14449547283777797,4.2727272727272725,0.0,0,0.14449547283777797
YDR310C,0.7220245357197603,40.63690476190476,47.333333333333336,0,0.7220245357197603
YEL003W,13.457628463590394,942.3134657009656,1656.1166666666666,0,13.457628463590394
YER149C,0.7565447534348192,30.361471861471863,0.0,0,0.7565447534348192
YHL027W,0.0,0.0,0.0,0,0.0
YHR142W,2.9405109728099696,108.0857142857143,232.66666666666663,0,2.9405109728099696
YJL014W,1.6898630693454748,12.75,15.0,1,1.6898630693454748
YJL099W,1.7602091518148566,165.33333333333337,79.06666666666666,0,1.7602091518148566
YJL183W,0.8584393927809539,52.41666666666667,45.4,0,0.8584393927809539
YJR117W,0.4283610873573474,21.166666666666664,6.5,0,0.4283610873573474
YLR200W,12.412121212121201,1503.5523809523806,2025.0833333333333,0,12.412121212121201
YLR330W,3.7211447659232464,165.2301587301587,370.5416666666667,0,3.7211447659232464
YMR198W,0.7398389919517211,32.74404761904762,16.777777777777782,1,0.7398389919517211
YOR216C,0.9774891039841437,41.15844155844155,0.0,0,0.9774891039841437
YPL234C,0.0632740024821873,6.6,0.0,0,0.0632740024821873
YBR237W,0.33535353535353535,3.083333333333333,3.0,1,0.33535353535353535
YDL030W,0.692929292929293,11.716666666666669,19.0,1,0.692929292929293
YDR073W,0.0,0.0,0.0,0,0.0
YBR239C,0.0,0.0,0.0,0,0.0
YPL133C,0.0,0.0,0.0,0,0.0
YBR244W,0.0,0.0,0.0,0,0.0
YBR246W,0.0,0.0,0.0,0,0.0
YDR520C,0.0,0.0,0.0,0,0.0
YBR250W,0.0,0.0,0.0,0,0.0
YML038C,0.0,0.0,0.0,0,0.0
YNL012W,0.0,0.0,0.0,0,0.0
YLL037W,0.0,0.0,0.0,1,0.0
YBR253W,0.0,0.0,0.0,1,0.0
YMR112C,0.0,0.0,0.0,1,0.0
YBR254C,5.677777777777777,38.6,21.25,1,5.677777777777777
YDR246W,6.255555555555555,29.923809523809524,21.25,1,6.255555555555555
YDR407C,6.255555555555555,21.97460317460317,38.0,1,6.255555555555555
YDR472W,6.033333333333333,34.266666666666666,21.25,1,6.033333333333333
YGR166W,2.7209891268367805,30.28571428571429,56.666666666666664,0,2.7209891268367805
YJR116W,0.0,0.0,0.0,0,0.0
YMR218C,6.255555555555555,21.03809523809524,38.0,1,6.255555555555555
YOR115C,6.033333333333333,21.97460317460317,21.25,0,6.033333333333333
YBR260C,0.15912032829326062,3.4045454545454548,0.0,0,0.15912032829326062
YJL058C,0.46153846153846156,4.8,4.0625,0,0.46153846153846156
YBR261C,0.0,0.0,0.0,0,0.0
YDR465C,0.10775193798449613,6.666666666666667,2.25,0,0.10775193798449613
YBR263W,0.0,0.0,0.0,0,0.0
YML018C,0.0,0.0,0.0,0,0.0
YBR264C,0.0,0.0,0.0,0,0.0
YOR370C,0.0,0.0,0.0,1,0.0
YBR266C,0.0,0.0,0.0,0,0.0
YPR031W,0.0,0.0,0.0,0,0.0
YBR270C,0.5084167264364675,96.0,0.0,0,0.5084167264364675
YFL047W,0.0,0.0,0.0,0,0.0
YHR077C,0.32033096926713944,0.0,8.0,0,0.32033096926713944
YIL105C,0.7133458646616542,0.9285714285714286,6.527777777777778,0,0.7133458646616542
YJL039C,0.1845238095238095,5.75,2.6666666666666665,1,0.1845238095238095
YKR026C,0.13943713450292397,10.125,0.0,0,0.13943713450292397
YLR424W,0.0,0.0,0.0,1,0.0
YNL004W,0.0,0.0,0.0,0,0.0
YNL018C,0.0,0.0,0.0,0,0.0
YNL047C,0.6776315789473684,19.984126984126988,6.527777777777778,0,0.6776315789473684
YPL124W,0.5894108310381541,35.233333333333334,6.444444444444444,1,0.5894108310381541
YPL255W,0.0,0.0,0.0,1,0.0
YBR272C,0.0,0.0,0.0,0,0.0
YEL034W,0.0,0.0,0.0,1,0.0
YLR015W,0.24439502635848195,6.333333333333333,13.666666666666666,0,0.24439502635848195
YBR274W,0.07661506845828879,0.0,4.5,0,0.07661506845828879
YLR258W,0.45,0.5,0.0,0,0.45
YMR255W,0.29166666666666663,6.0,2.0,0,0.29166666666666663
YBR275C,0.13765822784810128,0.0,2.0,0,0.13765822784810128
YLR453C,0.1439240506329114,9.2,12.666666666666666,0,0.1439240506329114
YNL216W,0.3876582278481013,0.0,3.0,1,0.3876582278481013
YBR276C,0.0,0.0,0.0,0,0.0
YBR278W,0.0,0.0,0.0,0,0.0
YIL006W,0.0,0.0,0.0,0,0.0
YKL011C,0.0,0.0,0.0,0,0.0
YMR290C,0.192512077294686,1.4545454545454546,4.0,1,0.192512077294686
YBR281C,0.0,0.0,0.0,0,0.0
YNL191W,0.0,0.0,0.0,0,0.0
YBR282W,0.0,0.0,0.0,0,0.0
YGR187C,0.0,0.0,0.0,0,0.0
YBR283C,0.0,0.0,0.0,0,0.0
YLR311C,0.0,0.0,0.0,1,0.0
YBR284W,0.0,0.0,0.0,0,0.0
YMR138W,2.87812984716005,162.66666666666669,0.0,0,2.87812984716005
YBR285W,0.0,0.0,0.0,0,0.0
YPR156C,0.0,0.0,0.0,0,0.0
YDR323C,0.0,0.0,0.0,1,0.0
YDR495C,0.0,0.0,0.0,0,0.0
YGL095C,0.1380952380952381,2.5,3.111111111111111,0,0.1380952380952381
YGR261C,0.07386091127098321,3.113636363636364,2.0,0,0.07386091127098321
YHR135C,0.9385964912280702,4.25,11.777777777777779,0,0.9385964912280702
YML097C,0.0,0.0,0.0,0,0.0
YNL084C,0.29646864162783204,9.666666666666666,3.0,0,0.29646864162783204
YNL154C,0.8719298245614036,9.0,16.625,0,0.8719298245614036
YNR006W,0.0,0.0,0.0,0,0.0
YPR173C,0.26785714285714285,0.5,4.5,0,0.26785714285714285
YBR289W,0.09307359307359307,4.063157894736842,2.0,0,0.09307359307359307
YPL129W,0.0,0.0,0.0,0,0.0
YBR290W,0.014021421616358325,0.0,0.0,0,0.0
YDR123C,0.0,0.0,0.0,1,0.0
YJR104C,0.467427824241887,10.585164835164836,16.444444444444443,0,0.467427824241887
YBR296C,0.0,0.0,0.0,0,0.0
YHR188C,0.0,0.0,0.0,1,0.0
YLR137W,0.0,0.0,0.0,0,0.0
YML089C,0.0,0.0,0.0,0,0.0
YCL004W,0.0,0.0,0.0,1,0.0
YER026C,0.0,0.0,0.0,1,0.0
YCL009C,0.0,0.0,0.0,0,0.0
YER094C,0.0,0.0,0.0,1,0.0
YCL014W,0.0,0.0,0.0,0,0.0
YIL104C,0.0,0.0,0.0,1,0.0
YJR092W,0.0,0.0,0.0,0,0.0
YCL016C,9.32832370487852,367.7420165360955,0.0,0,9.32832370487852
YAR002W,0.6992644848595345,22.057692307692307,6.777777777777778,0,0.6992644848595345
YBR231C,0.9412710981488891,25.240934065934063,45.0,0,0.9412710981488891
YCL061C,7.152784051167569,258.78882783882784,489.16666666666663,0,7.152784051167569
YDL013W,0.42627919984043944,7.916666666666666,8.5,1,0.42627919984043944
YDR004W,2.282168067151612,129.52380952380952,148.66666666666666,0,2.282168067151612
YDR217C,1.679095654599375,105.28333333333332,62.666666666666664,0,1.679095654599375
YEL037C,0.18160881174899868,9.258333333333333,1.5,0,0.18160881174899868
YER007W,5.2793453121327225,340.6666666666667,215.0,0,5.2793453121327225
YER095W,2.6201235276582384,103.7084706959707,63.41666666666667,0,2.6201235276582384
YER164W,0.02363150867823765,0.3333333333333333,0.0,0,0.02363150867823765
YGL066W,0.12502986438057762,10.172619047619047,2.0,0,0.12502986438057762
YGL086W,6.78151495191888,322.44761904761896,288.33333333333337,0,6.78151495191888
YGL163C,2.226155572888633,124.58333333333334,137.83333333333334,0,2.226155572888633
YGR184C,0.16074415009486331,9.666666666666666,0.0,0,0.16074415009486331
YGR188C,6.1231765789482235,1196.0,273.1666666666667,0,6.1231765789482235
YHL023C,0.02470238095238095,0.0,0.0,0,0.0
YHR031C,3.358788047928139,41.15277777777778,63.666666666666664,0,3.358788047928139
YJL030W,7.542124379051741,416.74285714285713,393.99999999999994,0,7.542124379051741
YJL092W,6.826905210417803,104.70305250305248,375.16666666666663,0,6.826905210417803
YJR145C,0.04860230307076101,8.125,0.0,0,0.04860230307076101
YLR123C,0.0,0.0,0.0,0,0.0
YML094W,13.093555811277328,1015.6141357911092,0.0,0,13.093555811277328
YMR048W,7.4967959932290915,431.4833333333334,634.0,0,7.4967959932290915
YMR179W,0.0,0.0,0.0,1,0.0
YMR224C,1.0693232179816017,53.58635531135531,55.833333333333336,0,1.0693232179816017
YNL206C,0.025396825396825397,0.0,0.0,0,0.0
YNL250W,4.714222737024976,180.258602671838,0.0,0,4.714222737024976
YNL273W,8.093153020454215,283.36752136752136,567.0,0,8.093153020454215
YOR195W,1.2957878022685967,107.53690476190476,37.833333333333336,0,1.2957878022685967
YOR349W,11.439718084663703,375.116391941392,0.0,0,11.439718084663703
YPL008W,7.534353081423561,300.44745744451626,363.0,0,7.534353081423561
YPL194W,3.4672758177039307,136.1486097236097,105.08333333333334,0,3.4672758177039307
YPL241C,7.309047721194701,412.6666666666666,247.0,0,7.309047721194701
YPR036W,0.0,0.0,0.0,0,0.0
YPR135W,11.297675116379745,905.5380952380954,1437.133333333333,0,11.297675116379745
YCL017C,0.0,0.0,0.0,1,0.0
YCL018W,0.0,0.0,0.0,0,0.0
YDR160W,0.0,0.0,0.0,1,0.0
YCL019W,0.6666666666666666,0.0,2.25,0,0.6666666666666666
YDR261W-A,1.3333333333333333,0.0,8.0,0,1.3333333333333333
YDR261W-B,1.5,0.0,2.75,0,1.5
YHR189W,0.0,0.0,0.0,0,0.0
YOL030W,0.0,0.0,0.0,0,0.0
YCL020W,0.8333333333333333,0.0,4.5,0,0.8333333333333333
YCL022C,0.0,0.0,0.0,0,0.0
YBR038W,0.0,0.0,0.0,1,0.0
YCL024W,0.0,0.0,0.0,0,0.0
YKR048C,0.1833766320868421,2.1142857142857143,2.6111111111111107,0,0.1833766320868421
YCL025C,0.0,0.0,0.0,0,0.0
YIR038C,0.36363636363636365,2.1420454545454546,10.583333333333332,0,0.36363636363636365
YCL027W,0.33186407474382157,9.833333333333334,9.333333333333334,0,0.33186407474382157
YAL017W,0.0,0.0,0.0,0,0.0
YAL031C,0.0,0.0,0.0,0,0.0
YER032W,0.0,0.0,0.0,0,0.0
YER118C,0.5040760869565217,5.727272727272728,5.0,0,0.5040760869565217
YGR070W,0.0,0.0,0.0,0,0.0
YIL159W,0.5873471798022099,0.0,0.0,0,0.0
YKL105C,0.0,0.0,0.0,0,0.0
YKR023W,0.0,0.0,0.0,0,0.0
YKR101W,0.0,0.0,0.0,0,0.0
YMR232W,0.10416666666666666,2.857142857142857,0.0,0,0.10416666666666666
YNL054W,0.0,0.0,0.0,0,0.0
YNL058C,0.0,0.0,0.0,0,0.0
YNL075W,0.0,0.0,0.0,1,0.0
YPR008W,0.0,0.0,0.0,0,0.0
YCL029C,7.403647212726105,265.9607142857143,299.75,0,7.403647212726105
YDR289C,0.31656099170170576,28.166666666666668,25.0,0,0.31656099170170576
YDR360W,0.41240453150987366,23.50760073260073,0.0,0,0.41240453150987366
YEL061C,12.90225280032368,684.5795454545458,229.8888888888888,0,12.90225280032368
YER096W,0.0,0.0,0.0,0,0.0
YGL031C,0.0,0.0,0.0,0,0.0
YGR078C,12.118603759110076,1422.333333333333,0.0,0,12.118603759110076
YML094C-A,0.34101943807826157,8.342490842490843,0.0,0,0.34101943807826157
YML124C,7.72962620170525,169.2745421245421,322.8333333333333,0,7.72962620170525
YMR055C,2.796415827320689,176.46666666666667,107.75000000000001,0,2.796415827320689
YNL106C,0.4162457912457912,4.327838827838828,12.5,0,0.4162457912457912
YOR026W,4.1299999425587774,252.2,210.66666666666669,0,4.1299999425587774
YOR058C,6.7037493733836175,219.5119047619047,291.25,0,6.7037493733836175
YOR265W,3.7381981075562583,127.2,116.0,0,3.7381981075562583
YPL155C,3.3459789293185587,63.4162087912088,155.83333333333331,0,3.3459789293185587
YPL269W,5.705915459981766,124.50119047619047,67.22222222222221,0,5.705915459981766
YCL030C,0.0,0.0,0.0,0,0.0
YCL031C,0.0,0.0,0.0,1,0.0
YOL082W,0.45601645458076867,4.152380952380953,19.833333333333332,0,0.45601645458076867
YCL032W,0.6085099111414901,9.875,0.0,0,0.6085099111414901
YDR309C,2.064243434820994,43.12175324675325,19.583333333333332,0,2.064243434820994
YHR061C,1.7172312966323855,45.6547619047619,19.583333333333332,0,1.7172312966323855
YMR117C,1.2117647058823529,16.5,26.25,1,1.2117647058823529
YPR076W,0.0,0.0,0.0,0,0.0
YCL037C,0.03267533285912742,11.25,8.416666666666666,0,0.03267533285912742
YDR170C,0.0,0.0,0.0,1,0.0
YCL038C,0.0,0.0,0.0,0,0.0
YMR009W,0.0,0.0,0.0,0,0.0
YDR516C,0.0,0.0,0.0,0,0.0
YJL071W,0.0,0.0,0.0,0,0.0
YML099C,0.0,0.0,0.0,0,0.0
YCL043C,0.0,0.0,0.0,1,0.0
YDR518W,0.0,0.0,0.0,0,0.0
YER189W,0.0,0.0,0.0,0,0.0
YLR354C,0.0,0.0,0.0,0,0.0
YOR288C,0.0,0.0,0.0,0,0.0
YCL046W,0.0,0.0,0.0,0,0.0
YGL115W,0.3863636363636363,0.7142857142857143,10.766666666666666,0,0.3863636363636363
YCL051W,0.0,0.0,0.0,0,0.0
YMR035W,0.0,0.0,0.0,0,0.0
YCL052C,0.0,0.0,0.0,1,0.0
YEL060C,0.0,0.0,0.0,0,0.0
YCL054W,0.5990338164251208,3.4285714285714284,4.25,1,0.5990338164251208
YDL014W,1.1666666666666665,5.059523809523809,3.0,1,1.1666666666666665
YOR310C,1.1666666666666665,5.059523809523809,3.0,1,1.1666666666666665
YGL036W,0.0,0.0,0.0,0,0.0
YMR147W,0.0,0.0,0.0,0,0.0
YNL196C,0.0,0.0,0.0,0,0.0
YCL056C,0.0,0.0,0.0,0,0.0
YDL157C,0.0,0.0,0.0,0,0.0
YNL100W,0.0,0.0,0.0,0,0.0
YCL058C,0.0,0.0,0.0,0,0.0
YPL215W,0.0,0.0,0.0,0,0.0
YCL059C,0.0,0.0,0.0,1,0.0
YGL201C,0.0,0.0,0.0,1,0.0
YHR191C,9.213124052601339,1140.3333333333333,632.1666666666667,0,9.213124052601339
YMR078C,9.357332296109767,3501.0,817.6666666666669,0,9.357332296109767
YOR024W,0.0,0.0,0.0,0,0.0
YOR025W,0.6322368279087516,13.25,29.666666666666664,0,0.6322368279087516
YOR368W,2.071854964323927,53.33333333333333,106.16666666666666,0,2.071854964323927
YCL063W,0.0,0.0,0.0,0,0.0
YER150W,0.0,0.0,0.0,0,0.0
YJL043W,0.0,0.0,0.0,0,0.0
YCL067C,0.0,0.0,0.0,1,0.0
YMR043W,0.0,0.0,0.0,1,0.0
YOL006C,1.4862723236981379,2.1666666666666665,14.944444444444445,0,1.4862723236981379
YCL076W,0.0,0.0,0.0,0,0.0
YOR209C,0.0,0.0,0.0,0,0.0
YCR001W,0.0,0.0,0.0,0,0.0
YOR241W,0.0,0.0,0.0,0,0.0
YCR002C,2.2231877366331148,16.341999177293296,10.0,0,2.2231877366331148
YDL029W,5.918077670225193,235.8455627705628,384.5833333333333,1,5.918077670225193
YDL225W,2.818990787786241,35.01136363636363,24.5,0,2.818990787786241
YDR507C,2.2780235235931436,9.699574934869052,19.666666666666664,0,2.2780235235931436
YJR076C,2.185714285714286,16.179784920961392,13.75,1,2.185714285714286
YLL021W,0.8689055612430227,15.39047619047619,0.0,0,0.8689055612430227
YLR314C,1.9571428571428569,10.104895104895103,10.0,1,1.9571428571428569
YCR003W,0.0,0.0,0.0,0,0.0
YIR039C,0.0,0.0,0.0,0,0.0
YCR004C,0.0,0.0,0.0,0,0.0
YCR005C,0.0,0.0,0.0,0,0.0
YJL042W,0.0,0.0,0.0,0,0.0
YBR095C,0.10647589239138534,8.5,2.0,0,0.10647589239138534
YBR255W,0.2026419352324148,32.333333333333336,4.5,0,0.2026419352324148
YCR034W,0.21785714285714286,2.454545454545454,2.25,0,0.21785714285714286
YDL117W,0.6020998515427113,10.625374625374626,17.0,0,0.6020998515427113
YIL084C,0.398713677240452,13.666666666666668,17.0,0,0.398713677240452
YIR003W,0.11943885535434831,7.5,3.0,0,0.11943885535434831
YJL020C,3.338418762214443,49.819083694083695,299.33333333333337,0,3.338418762214443
YKL007W,1.0547971481740914,49.583333333333336,0.0,0,1.0547971481740914
YKL204W,0.03194164989939638,0.0,2.0,0,0.03194164989939638
YKL213C,0.03194164989939638,0.0,0.4,0,0.03194164989939638
YLR372W,0.21785714285714286,2.2803030303030303,2.25,0,0.21785714285714286
YMR263W,2.120311930496054,136.05833333333334,208.5,0,2.120311930496054
YNL097C,0.08419012333431047,7.523076923076923,12.0,0,0.08419012333431047
YPL050C,0.371481339014479,41.0,9.555555555555555,0,0.371481339014479
YCR011C,0.0,0.0,0.0,0,0.0
YCR012W,0.0,0.0,0.0,1,0.0
YCR014C,0.0,0.0,0.0,0,0.0
YJL110C,0.4,3.523809523809524,2.0,0,0.4
YCR018C,0.0,0.0,0.0,0,0.0
YDR087C,0.09347826086956522,2.6666666666666665,2.0,1,0.09347826086956522
YEL053C,1.0790829250201344,8.875541125541124,11.333333333333332,0,1.0790829250201344
YFR037C,0.5,0.0,3.0,1,0.5
YCR021C,0.0,0.0,0.0,0,0.0
YJL068C,0.0,0.0,0.0,0,0.0
YCR022C,0.0,0.0,0.0,0,0.0
YCR023C,0.0,0.0,0.0,0,0.0
YMR075C-A,0.0,0.0,0.0,0,0.0
YCR027C,0.0,0.0,0.0,0,0.0
YCR028C,0.0,0.0,0.0,0,0.0
YMR020W,0.0,0.0,0.0,0,0.0
YCR028C-A,0.0,0.0,0.0,0,0.0
YJR126C,0.0,0.0,0.0,0,0.0
YMR132C,0.0,0.0,0.0,0,0.0
YCR031C,0.043976179569399906,0.0,0.0,0,0.0
YJL191W,0.0,0.0,0.0,0,0.0
YMR202W,0.0,0.0,0.0,0,0.0
YCR035C,2.3000000000000003,8.4,6.083333333333333,1,2.3000000000000003
YDL111C,2.6,7.965034965034966,6.083333333333333,1,2.6
YHR069C,2.6,7.745454545454546,6.083333333333333,1,2.6
YOL021C,2.6,6.464335664335664,3.0,1,2.6
YCR036W,0.0,0.0,0.0,0,0.0
YGL153W,0.857142857142857,4.083333333333333,5.666666666666666,0,0.857142857142857
YDR532C,0.0,0.0,0.0,1,0.0
YHR119W,0.0,0.0,0.0,0,0.0
YCR039C,0.0,0.0,0.0,1,0.0
YDR224C,0.0,0.0,0.0,1,0.0
YCR041W,0.0,0.0,0.0,0,0.0
YJL031C,0.0,0.0,0.0,1,0.0
YCR042C,0.0,0.0,0.0,1,0.0
YDR182W,0.0,0.0,0.0,1,0.0
YCR045C,0.0,0.0,0.0,0,0.0
YOR348C,0.0,0.0,0.0,0,0.0
YCR046C,0.0,0.0,0.0,0,0.0
YDL049C,0.36038961038961037,24.666666666666668,21.941666666666666,0,0.36038961038961037
YCR047C,0.0,0.0,0.0,0,0.0
YNL282W,0.0,0.0,0.0,1,0.0
YCR048W,0.75,3.3,2.9166666666666665,0,0.75
YCL026C-A,0.0,0.0,0.0,0,0.0
YNR019W,0.75,3.75,2.9166666666666665,0,0.75
YCR050C,0.0,0.0,0.0,0,0.0
YCR052W,0.25,0.0,2.0,1,0.25
YLR321C,0.5476406533575316,2.5,3.0,1,0.5476406533575316
YNL202W,0.0,0.0,0.0,0,0.0
YOR232W,0.27808326787117044,3.833333333333333,4.5,1,0.27808326787117044
YCR053W,0.0,0.0,0.0,0,0.0
YLR208W,0.0,0.0,0.0,1,0.0
YCR057C,0.0,0.0,0.0,1,0.0
YGR154C,0.0,0.0,0.0,0,0.0
YCR059C,0.0,0.0,0.0,0,0.0
YDR400W,0.0,0.0,0.0,0,0.0
YJL160C,0.0,0.0,0.0,0,0.0
YCR060W,0.0,0.0,0.0,0,0.0
YHR034C,0.0,0.0,0.0,0,0.0
YCR063W,0.0,0.0,0.0,0,0.0
YDR408C,0.11282051282051282,2.083333333333333,0.0,0,0.11282051282051282
YGL058W,0.0,0.0,0.0,0,0.0
YPL218W,0.5554945054945055,0.0,7.229166666666666,1,0.5554945054945055
YCR068W,0.0,0.0,0.0,0,0.0
YCR073C,0.0,0.0,0.0,0,0.0
YLR006C,0.5333333333333333,0.0,0.0,0,0.0
YCR073W-A,0.0,0.0,0.0,0,0.0
YKL205W,0.3111111111111111,3.4,8.125,1,0.3111111111111111
YNR034W,0.0,0.0,0.0,0,0.0
YCR075C,0.0,0.0,0.0,0,0.0
YDR414C,0.06442326781814572,9.0,0.0,0,0.06442326781814572
YDR141C,0.0,0.0,0.0,1,0.0
YER115C,0.07965860597439545,20.0,0.0,0,0.07965860597439545
YGL143C,0.0,0.0,0.0,0,0.0
YMR002W,0.0,0.0,0.0,0,0.0
YMR288W,0.0,0.0,0.0,1,0.0
YNL088W,1.3833333333333333,4.193650793650794,0.0,1,1.3833333333333333
YNR027W,0.0,0.0,0.0,0,0.0
YNR053C,0.38198840551781726,15.0,3.5,1,0.38198840551781726
YCR079W,0.0,0.0,0.0,0,0.0
YMR277W,0.0,0.0,0.0,1,0.0
YCR081W,0.0,0.0,0.0,0,0.0
YCR082W,0.25014762564284254,9.0,2.25,0,0.25014762564284254
YGR161C-C,0.0,0.0,0.0,0,0.0
YOR023C,0.37236384148163065,18.666666666666668,2.75,0,0.37236384148163065
YDR061W,0.0,0.0,0.0,0,0.0
YDR439W,0.0,0.0,0.0,0,0.0
YFL008W,2.641619326053685,17.381349206349206,59.25,1,2.641619326053685
YGL175C,0.17013280489500765,3.083333333333333,9.416666666666666,0,0.17013280489500765
YGR155W,0.0,0.0,0.0,1,0.0
YKL077W,0.0,0.0,0.0,0,0.0
YML095C,0.042116346406949196,0.7,9.333333333333334,0,0.042116346406949196
YOL020W,0.0,0.0,0.0,0,0.0
YOR264W,0.5268490214849376,7.946428571428571,37.33333333333333,0,0.5268490214849376
YOR281C,0.5091743119266054,0.875,2.0,1,0.5091743119266054
YCR087C-A,0.051127819548872175,11.0,0.0,0,0.051127819548872175
YCR087W,0.0,0.0,0.0,0,0.0
YIL095W,0.24552718607354668,9.216991341991342,9.0,0,0.24552718607354668
YNL020C,0.0,0.0,0.0,1,0.0
YCR092C,1.5,0.0,3.0,0,1.5
YMR167W,1.6666666666666665,0.0,4.0,0,1.6666666666666665
YNL082W,2.583333333333333,0.0,4.0,0,2.583333333333333
YOL090W,2.25,0.0,4.0,0,2.25
YCR093W,2.0,2.05,3.0,1,2.0
YDR376W,0.0,0.0,0.0,1,0.0
YER068W,2.0,2.05,3.0,0,2.0
YIL038C,2.0,2.5,3.0,0,2.0
YPR072W,2.0,1.6,3.0,0,2.0
YCR095C,0.0,0.0,0.0,0,0.0
YHL029C,0.012658227848101266,0.0,0.0,0,0.0
YNL099C,0.4,6.0,2.0,0,0.4
YPL027W,0.0,0.0,0.0,0,0.0
YGR203W,0.0,0.0,0.0,0,0.0
YGR205W,0.0,0.0,0.0,0,0.0
YGR262C,0.0,0.0,0.0,0,0.0
YHR148W,0.0,0.0,0.0,1,0.0
YIL059C,0.0,0.0,0.0,0,0.0
YCR100C,0.0,0.0,0.0,0,0.0
YIL110W,0.0,0.0,0.0,0,0.0
YCR101C,0.0,0.0,0.0,0,0.0
YCR106W,0.0,0.0,0.0,0,0.0
YBL080C,0.0,0.0,0.0,0,0.0
YJL096W,0.0,0.0,0.0,0,0.0
YCR107W,0.0,0.0,0.0,0,0.0
YOR114W,0.0,0.0,0.0,0,0.0
YDL001W,0.0,0.0,0.0,0,0.0
YDL133W,0.0,0.0,0.0,0,0.0
YMR079W,0.0,0.0,0.0,1,0.0
YER092W,0.5914405246494798,7.101282051282052,8.833333333333332,0,0.5914405246494798
YGL150C,0.0,0.0,0.0,1,0.0
YDL003W,5.767287328416216,277.5916666666667,134.83333333333334,1,5.767287328416216
YDR254W,4.875635048829532,117.7797619047619,116.33333333333334,0,4.875635048829532
YDR318W,2.2412206834167048,156.2,104.91666666666667,0,2.2412206834167048
YGL250W,0.0,0.0,0.0,0,0.0
YJL074C,1.4987865920292895,11.541666666666666,19.583333333333332,1,1.4987865920292895
YJR135C,3.6637878841573985,350.0,104.58333333333334,1,3.6637878841573985
YLR381W,4.372448375144889,232.75,107.83333333333334,0,4.372448375144889
YPL017C,0.7306435555753577,26.06669719169719,0.0,0,0.7306435555753577
YPR046W,3.7029521399877283,343.0,119.25000000000001,0,3.7029521399877283
YDL230W,0.3214285714285714,3.0,0.0,0,0.3214285714285714
YIL147C,0.7714285714285715,0.0,2.0,1,0.7714285714285715
YOR208W,1.0928571428571427,3.333333333333333,2.0,0,1.0928571428571427
YLR102C,5.585972850678734,38.333333333333336,39.75,0,5.585972850678734
YDL011C,0.0,0.0,0.0,0,0.0
YEL023C,0.0,0.0,0.0,0,0.0
YDL012C,0.0,0.0,0.0,0,0.0
YDR151C,0.0,0.0,0.0,1,0.0
YFR047C,0.03635620915032679,5.0,3.0,0,0.03635620915032679
YHR032W,0.0,0.0,0.0,0,0.0
YHR140W,0.0,0.0,0.0,0,0.0
YIL172C,0.0,0.0,0.0,0,0.0
YJL065C,0.0,0.0,0.0,0,0.0
YOR355W,0.0,0.0,0.0,0,0.0
YER116C,0.48240715471897294,28.857142857142858,9.5,0,0.48240715471897294
YLR443W,0.0,0.0,0.0,0,0.0
YLR197W,0.5,5.333333333333333,2.0,1,0.5
YPL043W,0.0,0.0,0.0,1,0.0
YDL151C,0.0,0.0,0.0,0,0.0
YFR057W,0.0,0.0,0.0,0,0.0
YGL019W,2.0508474576271185,23.25,0.0,0,2.0508474576271185
YGR099W,0.0,0.0,0.0,1,0.0
YHR154W,1.7818889301441645,2.083333333333333,62.333333333333336,0,1.7818889301441645
YIL035C,2.331120527306968,18.822222222222223,0.0,0,2.331120527306968
YJL062W,0.06267806267806267,3.333333333333333,2.25,0,0.06267806267806267
YJL088W,0.0,0.0,0.0,0,0.0
YJL138C,0.9336158192090396,13.0,0.0,0,0.9336158192090396
YJR053W,2.609817210394379,66.61538461538461,98.75000000000001,0,2.609817210394379
YJR070C,0.10508241758241757,1.3333333333333333,1.5,0,0.10508241758241757
YKL039W,0.0,0.0,0.0,0,0.0
YKL056C,0.0,0.0,0.0,0,0.0
YKR059W,1.5609253321117726,17.447474747474747,0.0,0,1.5609253321117726
YLR288C,0.5675901253918494,45.49999999999999,50.833333333333336,0,0.5675901253918494
YLR350W,0.0,0.0,0.0,0,0.0
YLR435W,0.0,0.0,0.0,0,0.0
YMR100W,0.0,0.0,0.0,0,0.0
YNR048W,0.0,0.0,0.0,0,0.0
YOL081W,0.12298573683982675,8.555555555555555,0.0,0,0.12298573683982675
YOR006C,0.0,0.0,0.0,0,0.0
YOR027W,0.26619840179162213,6.142857142857142,4.5,0,0.26619840179162213
YOR039W,1.6608474576271186,18.541666666666668,0.0,0,1.6608474576271186
YOR360C,0.0,0.0,0.0,0,0.0
YIL075C,0.24358974358974358,2.033333333333333,0.0,1,0.24358974358974358
YDL023C,0.0,0.0,0.0,0,0.0
YDL024C,0.0,0.0,0.0,0,0.0
YEL017W,0.40909090909090906,0.0,7.666666666666667,0,0.40909090909090906
YDL028C,0.0,0.0,0.0,1,0.0
YKL042W,0.08608058608058608,1.5,1.3333333333333333,1,0.08608058608058608
YDR018C,0.0,0.0,0.0,0,0.0
YJR065C,0.4,0.0,2.0,1,0.4
YKR042W,0.0,0.0,0.0,0,0.0
YDR421W,0.0,0.0,0.0,0,0.0
YML049C,0.08888888888888888,0.0,4.5,1,0.08888888888888888
YML104C,0.0,0.0,0.0,0,0.0
YMR005W,0.0,0.0,0.0,1,0.0
YDL035C,0.0,0.0,0.0,0,0.0
YER020W,0.0,0.0,0.0,0,0.0
YDL041W,0.0,0.0,0.0,0,0.0
YIR002C,0.0,0.0,0.0,0,0.0
YDL042C,0.0,0.0,0.0,0,0.0
YJL076W,0.0,0.0,0.0,1,0.0
YDR131C,0.0,0.0,0.0,0,0.0
YDR180W,0.0,0.0,0.0,1,0.0
YDR386W,1.3030033344488914,12.737301587301587,93.0,0,1.3030033344488914
YDR409W,0.0,0.0,0.0,0,0.0
YER113C,0.0,0.0,0.0,0,0.0
YGL049C,1.012121212121212,5.416666666666666,5.5,0,1.012121212121212
YGR162W,2.0121212121212118,5.0,5.5,0,2.0121212121212118
YJL146W,0.0,0.0,0.0,0,0.0
YKL155C,0.0,0.0,0.0,0,0.0
YLL014W,0.0,0.0,0.0,0,0.0
YMR302C,0.5833333333333333,2.333333333333333,0.0,0,0.5833333333333333
YNL023C,0.0,0.0,0.0,0,0.0
YNL286W,0.0,0.0,0.0,0,0.0
YDL044C,0.0,0.0,0.0,0,0.0
YDR505C,0.0,0.0,0.0,1,0.0
YER086W,0.067816091954023,1.25,9.333333333333334,0,0.067816091954023
YLL051C,0.0,0.0,0.0,0,0.0
YLR386W,0.6659776440887155,19.945054945054945,14.0,0,0.6659776440887155
YKR072C,1.6109681541862393,5.666666666666667,4.5,0,1.6109681541862393
YMR028W,0.7555555555555555,5.8,0.0,1,0.7555555555555555
YBR226C,0.0,0.0,0.0,0,0.0
YDR244W,1.2196969696969697,2.0,8.333333333333334,0,1.2196969696969697
YDR249C,0.0,0.0,0.0,0,0.0
YDR329C,0.09965034965034966,3.8333333333333335,6.65,0,0.09965034965034966
YER075C,0.0,0.0,0.0,0,0.0
YGR064W,0.0,0.0,0.0,0,0.0
YGR133W,0.0,0.0,0.0,0,0.0
YGR159C,0.0,0.0,0.0,1,0.0
YGR170W,0.0,0.0,0.0,0,0.0
YGR206W,0.0,0.0,0.0,0,0.0
YGR214W,0.0,0.0,0.0,0,0.0
YHL005C,0.0,0.0,0.0,0,0.0
YHR013C,0.0,0.0,0.0,0,0.0
YHR203C,0.0,0.0,0.0,0,0.0
YIL121W,0.0,0.0,0.0,0,0.0
YJL174W,0.13924677569472144,1.75,0.0,1,0.13924677569472144
YKL032C,0.13723498723498723,5.5317460317460325,0.0,0,0.13723498723498723
YLR191W,1.0587035771246298,2.0,11.666666666666668,0,1.0587035771246298
YLR282C,0.0,0.0,0.0,0,0.0
YLR360W,0.573736945012856,6.105194805194805,0.0,0,0.573736945012856
YMR230W,0.0,0.0,0.0,0,0.0
YMR289W,0.0,0.0,0.0,0,0.0
YNL329C,0.0,0.0,0.0,0,0.0
YOR311C,0.0,0.0,0.0,0,0.0
YPR197C,0.0,0.0,0.0,0,0.0
YDL051W,0.0,0.0,0.0,0,0.0
YDR395W,0.0,0.0,0.0,1,0.0
YDL052C,0.0,0.0,0.0,0,0.0
YDL056W,0.0,0.0,0.0,0,0.0
YLR182W,0.05670995670995671,1.875,0.0,1,0.05670995670995671
YDL058W,0.19166666666666665,2.063492063492064,1.5,1,0.19166666666666665
YER157W,0.4580645161290322,5.507936507936508,5.222222222222222,1,0.4580645161290322
YDL059C,0.0,0.0,0.0,0,0.0
YFL059W,1.8819444444444444,19.0,0.0,0,1.8819444444444444
YGR049W,0.0,0.0,0.0,0,0.0
YDL063C,0.0,0.0,0.0,0,0.0
YDR381W,0.0,0.0,0.0,1,0.0
YPL131W,0.0,0.0,0.0,1,0.0
YMR168C,1.1368298368298368,0.0,8.166666666666666,1,1.1368298368298368
YLR071C,0.3628389154704944,2.1142857142857143,18.333333333333332,1,0.3628389154704944
YDL070W,0.0,0.0,0.0,0,0.0
YGL063W,0.0,0.0,0.0,0,0.0
YLR399C,0.0,0.0,0.0,0,0.0
YDL071C,0.0,0.0,0.0,0,0.0
YDR183W,0.07923342480304506,11.333333333333332,0.0,0,0.07923342480304506
YEL068C,0.028508771929824563,0.0,0.0,0,0.0
YFL017C,0.0,0.0,0.0,1,0.0
YGR269W,0.0,0.0,0.0,0,0.0
YNL155W,0.0,0.0,0.0,0,0.0
YOL069W,2.8355534753515776,54.39999999999999,79.875,1,2.8355534753515776
YDL076C,0.0,0.0,0.0,0,0.0
YLR098C,0.0,0.0,0.0,0,0.0
YDR080W,0.48732036268795187,4.192807192807193,26.666666666666664,0,0.48732036268795187
YDL081C,0.01786843769765971,3.0,4.5,0,0.01786843769765971
YLR340W,0.8205128205128205,1.2,3.0,1,0.8205128205128205
YDL084W,0.0,0.0,0.0,1,0.0
YPR057W,0.0,0.0,0.0,0,0.0
YDL085W,0.0,0.0,0.0,0,0.0
YGR139W,0.0,0.0,0.0,0,0.0
YDL088C,0.375,15.142857142857142,2.3625,0,0.375
YML031W,0.375,22.0,1.6,1,0.375
YDL089W,0.29166666666666663,0.0,2.9166666666666665,1,0.29166666666666663
YDR233C,0.0,0.0,0.0,1,0.0
YLR324W,0.5623323013415893,0.0,6.0,0,0.5623323013415893
YML008C,0.0,0.0,0.0,0,0.0
YMR316C-B,0.0,0.0,0.0,0,0.0
YPR028W,0.75,0.0,2.833333333333333,0,0.75
YDL090C,0.0,0.0,0.0,0,0.0
YKL019W,0.0,0.0,0.0,1,0.0
YDL091C,0.0,0.0,0.0,0,0.0
YIL022W,0.0725,0.0,2.25,1,0.0725
YDL092W,0.0,0.0,0.0,1,0.0
YKL122C,0.0,0.0,0.0,1,0.0
YDL093W,0.0,0.0,0.0,0,0.0
YGL055W,0.0,0.0,0.0,1,0.0
YDL097C,0.0,0.0,0.0,1,0.0
YDL098C,0.0,0.0,0.0,1,0.0
YDL099W,0.0,0.0,0.0,0,0.0
YKL050C,0.0,0.0,0.0,0,0.0
YNL199C,0.0,0.0,0.0,0,0.0
YOR164C,0.11492537313432837,4.333333333333333,5.833333333333333,0,0.11492537313432837
YPL252C,0.0,0.0,0.0,1,0.0
YDL101C,0.0,0.0,0.0,0,0.0
YKL025C,0.2548507764796253,4.684523809523809,10.5,0,0.2548507764796253
YDL102W,1.3114621021767003,7.646428571428571,21.5,1,1.3114621021767003
YHR118C,0.0,0.0,0.0,1,0.0
YJR006W,0.08513931888544891,0.0,2.0,1,0.08513931888544891
YNL291C,0.11851333566561714,7.0,1.5,0,0.11851333566561714
YOL093W,0.0,0.0,0.0,0,0.0
YDL104C,0.0,0.0,0.0,0,0.0
YDL106C,0.0,0.0,0.0,0,0.0
YFR034C,0.0,0.0,0.0,0,0.0
YDL107W,0.0,0.0,0.0,0,0.0
YDL108W,0.0,0.0,0.0,1,0.0
YDL140C,0.0,0.0,0.0,1,0.0
YGL134W,0.0,0.0,0.0,0,0.0
YOR151C,0.0,0.0,0.0,1,0.0
YPR025C,0.22380952380952382,0.0,0.0,1,0.0
YDL110C,0.0,0.0,0.0,0,0.0
YKL015W,0.0,0.0,0.0,0,0.0
YLR125W,0.0,0.0,0.0,0,0.0
YOR078W,0.0,0.0,0.0,0,0.0
YJL036W,0.029921517331589275,2.0090909090909093,1.9444444444444444,0,0.029921517331589275
YDL114W,0.0,0.0,0.0,0,0.0
YDL123W,0.0,0.0,0.0,0,0.0
YLR040C,0.0,0.0,0.0,0,0.0
YCL044C,0.0,0.0,0.0,0,0.0
YCL069W,0.0,0.0,0.0,0,0.0
YDR113C,0.0,0.0,0.0,1,0.0
YGL179C,0.0,0.0,0.0,0,0.0
YGL263W,0.0,0.0,0.0,0,0.0
YHL004W,0.0,0.0,0.0,0,0.0
YHR033W,0.0,0.0,0.0,0,0.0
YJL041W,0.9504856669035773,38.5,6.375,1,0.9504856669035773
YJL090C,0.0,0.0,0.0,1,0.0
YOL014W,0.0,0.0,0.0,0,0.0
YOR180C,0.48458646616541357,6.166666666666667,9.333333333333334,0,0.48458646616541357
YOR294W,0.0,0.0,0.0,1,0.0
YPL091W,0.0,0.0,0.0,0,0.0
YDL120W,0.0,0.0,0.0,1,0.0
YGR207C,0.0,0.0,0.0,0,0.0
YPR004C,0.0,0.0,0.0,0,0.0
YDL121C,0.0,0.0,0.0,0,0.0
YMR305C,0.0,0.0,0.0,0,0.0
YDL190C,0.0,0.0,0.0,0,0.0
YDL127W,0.29318372936723897,6.888888888888889,1.8333333333333333,0,0.29318372936723897
YPL031C,2.0643763772882036,97.77712842712842,140.39999999999998,0,2.0643763772882036
YDL128W,0.0,0.0,0.0,0,0.0
YKL102C,0.0,0.0,0.0,0,0.0
YDL130W,0.3076923076923077,7.2,3.0,0,0.3076923076923077
YDR367W,0.0,0.0,0.0,1,0.0
YDR382W,0.41025641025641024,1.0,2.0,0,0.41025641025641024
YDR399W,0.0,0.0,0.0,0,0.0
YJL208C,0.0,0.0,0.0,0,0.0
YJL210W,0.0,0.0,0.0,0,0.0
YJR012C,0.0,0.0,0.0,1,0.0
YJR108W,0.0,0.0,0.0,0,0.0
YJR144W,0.0,0.0,0.0,0,0.0
YKL002W,0.14142403432751352,17.0,2.833333333333333,0,0.14142403432751352
YLR051C,0.3448275862068965,2.0,4.666666666666667,1,0.3448275862068965
YFL009W,1.4832915622389307,15.355555555555554,21.333333333333336,1,1.4832915622389307
YGL249W,0.0,0.0,0.0,0,0.0
YJR090C,0.5569438301636445,4.983408748114631,10.333333333333332,0,0.5569438301636445
YLR100W,0.5833333333333333,2.5,2.0,1,0.5833333333333333
YLR368W,0.12406015037593984,5.0,2.9166666666666665,0,0.12406015037593984
YDL135C,0.0,0.0,0.0,0,0.0
YDL137W,0.8859649122807016,21.0,49.7,0,0.8859649122807016
YDL226C,0.8217317487266553,8.8,11.916666666666668,0,0.8217317487266553
YGL137W,0.43333333333333335,2.0,0.5,1,0.43333333333333335
YDL138W,0.0,0.0,0.0,0,0.0
YDL139C,0.0,0.0,0.0,1,0.0
YER125W,0.15203145478374835,3.841269841269841,0.0,1,0.15203145478374835
YGL130W,0.0,0.0,0.0,1,0.0
YML010W,0.0,0.0,0.0,1,0.0
YNL266W,0.0,0.0,0.0,0,0.0
YOR210W,0.0,0.0,0.0,1,0.0
YOR224C,0.0,0.0,0.0,1,0.0
YPR086W,0.14816571790006322,17.016666666666666,31.0,1,0.14816571790006322
YDR212W,1.2000000000000002,3.0,3.0,1,1.2000000000000002
YIL142W,1.6273883876937312,7.5,11.0,1,1.6273883876937312
YDL144C,0.0,0.0,0.0,0,0.0
YDR088C,0.0,0.0,0.0,1,0.0
YDL146W,0.0,0.0,0.0,0,0.0
YKL070W,0.0,0.0,0.0,0,0.0
YDL147W,0.0,0.0,0.0,1,0.0
YDR179C,0.0,0.0,0.0,0,0.0
YDR201W,0.6918858918858919,6.0,8.75,1,0.6918858918858919
YDR341C,0.0,0.0,0.0,1,0.0
YDL149W,0.0,0.0,0.0,0,0.0
YLR065C,0.0,0.0,0.0,0,0.0
YDL150W,0.0,0.0,0.0,1,0.0
YKR025W,0.0,0.0,0.0,1,0.0
YDL153C,0.06451612903225806,0.0,4.5,1,0.06451612903225806
YBR041W,0.0,0.0,0.0,0,0.0
YDR040C,0.0,0.0,0.0,0,0.0
YDR269C,0.0,0.0,0.0,0,0.0
YDR307W,0.34397163120567376,2.333333333333333,0.0,0,0.34397163120567376
YDR422C,0.12878787878787878,0.0,2.25,0,0.12878787878787878
YFL001W,0.0,0.0,0.0,0,0.0
YGL120C,0.0,0.0,0.0,1,0.0
YGL198W,1.4978802304478926,17.1,39.375,0,1.4978802304478926
YGR160W,0.0,0.0,0.0,0,0.0
YGR290W,0.0,0.0,0.0,0,0.0
YJL175W,0.0,0.0,0.0,0,0.0
YJR002W,0.0,0.0,0.0,1,0.0
YNL125C,0.0,0.0,0.0,0,0.0
YNL280C,0.0,0.0,0.0,0,0.0
YOL118C,0.0,0.0,0.0,0,0.0
YOR252W,0.0,0.0,0.0,0,0.0
YOR309C,0.0,0.0,0.0,0,0.0
YOR314W,0.0,0.0,0.0,0,0.0
YPL026C,0.0,0.0,0.0,0,0.0
YPL076W,0.0,0.0,0.0,1,0.0
YPR029C,0.41666666666666663,2.05,2.3333333333333335,0,0.41666666666666663
YGL170C,0.07393483709273183,2.0,3.7916666666666665,0,0.07393483709273183
YDL156W,0.0,0.0,0.0,0,0.0
YGR040W,1.04600991114149,3.9,1.0,0,1.04600991114149
YGR178C,0.0,0.0,0.0,0,0.0
YJR122W,0.0,0.0,0.0,0,0.0
YDL161W,0.0,0.0,0.0,0,0.0
YDL164C,0.0,0.0,0.0,1,0.0
YGL207W,0.5649013499480788,2.1984126984126986,5.0,1,0.5649013499480788
YDL165W,0.0,0.0,0.0,1,0.0
YGR014W,0.0,0.0,0.0,0,0.0
YDL166C,0.0,0.0,0.0,1,0.0
YLR222C,0.0,0.0,0.0,1,0.0
YDL167C,0.0,0.0,0.0,0,0.0
YBL081W,0.0,0.0,0.0,0,0.0
YBR212W,0.0,0.0,0.0,0,0.0
YNR073C,0.0,0.0,0.0,0,0.0
YDL179W,0.0,0.0,0.0,0,0.0
YKR054C,2.1495733331913716,45.10274725274725,166.33333333333334,0,2.1495733331913716
YDL185W1,0.0,0.0,0.0,0,0.0
YDL186W,0.0,0.0,0.0,0,0.0
YJL167W,0.0,0.0,0.0,1,0.0
YDL188C,0.4444444444444444,2.9,0.0,0,0.4444444444444444
YDR320C,0.20824351467730925,11.745129870129867,5.944444444444445,0,0.20824351467730925
YGL206C,0.9206349206349205,0.0,5.0,0,0.9206349206349205
YGR130C,0.08095238095238094,0.0,0.0,0,0.0
YDL193W,0.0,0.0,0.0,1,0.0
YGR062C,0.0,0.0,0.0,0,0.0
YDR345C,0.0,0.0,0.0,0,0.0
YHR092C,0.0,0.0,0.0,0,0.0
YHR094C,0.0,0.0,0.0,0,0.0
YKL038W,0.0,0.0,0.0,0,0.0
YMR011W,0.0,0.0,0.0,0,0.0
YDL195W,0.6166666666666667,0.0,4.75,1,0.6166666666666667
YIL109C,1.0888278388278387,0.0,10.333333333333332,1,1.0888278388278387
YPR181C,1.8252747252747252,0.0,15.208333333333334,1,1.8252747252747252
YDL196W,0.0,0.0,0.0,1,0.0
YDL094C,0.0,0.0,0.0,0,0.0
YER071C,0.025668449197860963,3.75,2.0,0,0.025668449197860963
YDL198C,0.0,0.0,0.0,0,0.0
YMR072W,0.0,0.0,0.0,0,0.0
YDL203C,0.0,0.0,0.0,0,0.0
YGR058W,0.0,0.0,0.0,0,0.0
YOR372C,0.0,0.0,0.0,1,0.0
YDL207W,1.2988372093023255,11.777380952380952,7.5625,1,1.2988372093023255
YEL024W,0.29166666666666663,3.4,4.0,0,0.29166666666666663
YER107C,0.9655038759689922,11.285714285714286,6.5625,0,0.9655038759689922
YIL115C,0.0,0.0,0.0,1,0.0
YDL208W,0.5333333333333333,0.6666666666666666,2.0,1,0.5333333333333333
YHR072W-A,0.5333333333333333,2.1666666666666665,2.0,1,0.5333333333333333
YHR089C,0.4,1.5,2.0,1,0.4
YNL124W,0.0,0.0,0.0,1,0.0
YDL209C,0.0,0.0,0.0,1,0.0
YLR426W,0.0,0.0,0.0,0,0.0
YDL210W,0.0,0.0,0.0,0,0.0
YGL230C,0.0,0.0,0.0,0,0.0
YDL212W,0.0,0.0,0.0,1,0.0
YDR508C,0.22380952380952382,0.0,0.0,0,0.0
YDL213C,0.0,0.0,0.0,0,0.0
YFR032C,0.0,0.0,0.0,0,0.0
YDL214C,0.0,0.0,0.0,0,0.0
YEL013W,0.0,0.0,0.0,0,0.0
YLR432W,0.0,0.0,0.0,0,0.0
YPR048W,0.0,0.0,0.0,1,0.0
YDL216C,0.0,0.0,0.0,0,0.0
YMR025W,0.08159203980099503,2.3956043956043955,2.9166666666666665,0,0.08159203980099503
YJL054W,0.4,2.225,2.0,1,0.4
YDR082W,0.0,0.0,0.0,1,0.0
YMR106C,0.8333333333333333,4.897435897435898,2.25,0,0.8333333333333333
YMR284W,0.8333333333333333,4.564102564102564,2.25,0,0.8333333333333333
YBL098W,0.0,0.0,0.0,0,0.0
YEL064C,0.0,0.0,0.0,0,0.0
YER123W,0.0,0.0,0.0,0,0.0
YKR088C,0.0,0.0,0.0,0,0.0
YOL129W,0.0,0.0,0.0,0,0.0
YPR113W,0.0,0.0,0.0,1,0.0
YPR183W,0.0,0.0,0.0,1,0.0
YDL229W,1.5,0.0,0.0,0,0.0
YKR084C,1.0,0.0,0.0,0,0.0
YNL209W,1.5,0.0,0.0,0,0.0
YDL231C,0.0,0.0,0.0,0,0.0
YCR016W,0.0,0.0,0.0,0,0.0
YDL232W,0.0,0.0,0.0,1,0.0
YOR085W,0.0,0.0,0.0,0,0.0
YDL235C,1.367816091954023,6.0,4.25,1,1.367816091954023
YJL128C,0.7177069360056814,10.596969696969696,4.0,0,0.7177069360056814
YLR113W,0.2407948568088837,0.9666666666666666,4.5,0,0.2407948568088837
YNR031C,0.9,0.0,0.0,0,0.0
YDL236W,0.0,0.0,0.0,0,0.0
YDL237W,0.0,0.0,0.0,0,0.0
YDL238C,0.0,0.0,0.0,0,0.0
YBR072W,0.0,0.0,0.0,0,0.0
YDR148C,0.2708978737296117,14.933333333333334,14.833333333333332,0,0.2708978737296117
YDR273W,0.0,0.0,0.0,0,0.0
YHR184W,0.0,0.0,0.0,0,0.0
YLR072W,0.0,0.0,0.0,0,0.0
YML042W,0.0,0.0,0.0,0,0.0
YMR124W,0.17374890254609304,12.5,0.0,0,0.17374890254609304
YNR012W,0.12426900584795321,0.0,0.0,0,0.0
YOL091W,0.0,0.0,0.0,0,0.0
YOR324C,0.0,0.0,0.0,0,0.0
YPL070W,1.3520266182698126,70.7,35.33333333333333,0,1.3520266182698126
YDL243C,0.0,0.0,0.0,0,0.0
YNL331C,0.08399686250785857,2.5,0.0,0,0.08399686250785857
YDL246C,1.1240787470960507,9.9,0.0,0,1.1240787470960507
YJR159W,0.9171343026516062,9.5,0.0,0,0.9171343026516062
YMR308C,0.3333333333333333,0.0,4.666666666666667,1,0.3333333333333333
YDR001C,0.0,0.0,0.0,0,0.0
YLR270W,0.0,0.0,0.0,0,0.0
YDR002W,0.0,0.0,0.0,1,0.0
YDR076W,2.2334503770169345,116.5,114.33333333333334,0,2.2334503770169345
YJL023C,0.0,0.0,0.0,0,0.0
YDR006C,0.0,0.0,0.0,0,0.0
YKL093W,0.0,0.0,0.0,0,0.0
YDR009W,0.0,0.0,0.0,0,0.0
YDR013W,0.0,0.0,0.0,1,0.0
YDR016C,0.8509803921568628,3.619047619047619,3.0,1,0.8509803921568628
YGL061C,0.8509803921568628,3.619047619047618,3.0,1,0.8509803921568628
YKR037C,0.9835528241147204,11.166666666666666,7.5625,1,0.9835528241147204
YDR479C,0.0,0.0,0.0,0,0.0
YDR020C,0.0,0.0,0.0,0,0.0
YDR021W,0.0,0.0,0.0,1,0.0
YER127W,0.060379918588873815,4.333333333333333,2.25,1,0.060379918588873815
YDR022C,0.0,0.0,0.0,0,0.0
YDR026C,0.0,0.0,0.0,0,0.0
YBL092W,0.0,0.0,0.0,1,0.0
YKR092C,0.0,0.0,0.0,0,0.0
YDR484W,0.3876811594202898,0.7142857142857143,3.020833333333333,0,0.3876811594202898
YJL029C,0.41666666666666663,0.0,2.6666666666666665,0,0.41666666666666663
YDR473C,0.22619047619047616,0.0,2.0,1,0.22619047619047616
YER027C,0.25757575757575757,1.4,8.333333333333332,0,0.25757575757575757
YHR165C,0.0,0.0,0.0,1,0.0
YJL005W,0.0,0.0,0.0,1,0.0
YMR140W,0.2621212121212121,0.0,16.75,0,0.2621212121212121
YMR235C,0.22631578947368422,0.3333333333333333,9.333333333333334,1,0.22631578947368422
YNR011C,0.0,0.0,0.0,1,0.0
YPR178W,0.4635928055432699,0.0,6.0,1,0.4635928055432699
YDR030C,0.0,0.0,0.0,0,0.0
YDR034C,0.0967741935483871,6.057142857142858,23.633333333333333,0,0.0967741935483871
YBR144C,0.0,0.0,0.0,0,0.0
YBR145W,0.0,0.0,0.0,0,0.0
YBR180W,0.0,0.0,0.0,0,0.0
YDL247W,0.0,0.0,0.0,0,0.0
YDR023W,0.0,0.0,0.0,1,0.0
YDR277C,0.2111111111111111,2.5,0.0,0,0.2111111111111111
YDR342C,0.0,0.0,0.0,0,0.0
YDR417C,0.0,0.0,0.0,0,0.0
YDR438W,0.0,0.0,0.0,0,0.0
YDR449C,0.0,0.0,0.0,1,0.0
YDR456W,0.0,0.0,0.0,0,0.0
YER038C,0.0,0.0,0.0,1,0.0
YER043C,0.0,0.0,0.0,1,0.0
YER044C,0.5,2.05,2.0,0,0.5
YER064C,0.0,0.0,0.0,0,0.0
YFR021W,0.0,0.0,0.0,0,0.0
YFR046C,0.0,0.0,0.0,0,0.0
YFR055W,0.0,0.0,0.0,0,0.0
YGL125W,0.0,0.0,0.0,0,0.0
YGL169W,0.0,0.0,0.0,1,0.0
YGL181W,0.20660922736360654,2.1142857142857143,2.0,0,0.20660922736360654
YGL223C,0.0,0.0,0.0,0,0.0
YGR111W,0.0,0.0,0.0,0,0.0
YGR113W,0.7323305170100605,13.69047619047619,9.520833333333334,1,0.7323305170100605
YGR124W,0.0,0.0,0.0,0,0.0
YGR189C,0.0,0.0,0.0,0,0.0
YGR295C,0.0,0.0,0.0,0,0.0
YIL145C,0.0,0.0,0.0,0,0.0
YIR026C,0.0,0.0,0.0,0,0.0
YJL002C,0.4583333333333333,1.0,2.9166666666666665,1,0.4583333333333333
YJL185C,0.0,0.0,0.0,0,0.0
YLR063W,0.09305210918114144,2.128571428571429,12.6,0,0.09305210918114144
YLR328W,0.5433006535947712,7.0,8.0,0,0.5433006535947712
YMR064W,0.0,0.0,0.0,0,0.0
YMR094W,1.4295130308288204,11.260784313725493,22.708333333333332,1,1.4295130308288204
YMR187C,0.0,0.0,0.0,0,0.0
YOR009W,0.0,0.0,0.0,0,0.0
YPL114W,0.0,0.0,0.0,0,0.0
YPL138C,0.0,0.0,0.0,0,0.0
YPL178W,0.0,0.0,0.0,0,0.0
YPR136C,0.0,0.0,0.0,1,0.0
YPR187W,0.0,0.0,0.0,1,0.0
YDR042C,0.0,0.0,0.0,0,0.0
YLR413W,0.0,0.0,0.0,0,0.0
YDR044W,0.0,0.0,0.0,1,0.0
YBR215W,0.03393482359278212,3.333333333333333,5.833333333333333,0,0.03393482359278212
YDL062W,0.0,0.0,0.0,0,0.0
YER177W,0.5904820859991431,9.208333333333332,0.0,0,0.5904820859991431
YGL129C,0.0,0.0,0.0,0,0.0
YIL128W,0.0,0.0,0.0,0,0.0
YLR320W,0.0,0.0,0.0,0,0.0
YDR139C,0.6776315789473684,0.0,0.0,0,0.0
YLR306W,0.5625,0.0,0.0,0,0.0
YPL003W,0.3958333333333333,1.0,0.0,0,0.3958333333333333
YPR066W,0.3958333333333333,1.0,0.0,0,0.3958333333333333
YDR060W,0.0,0.0,0.0,1,0.0
YLR398C,0.07289002557544758,4.333333333333333,4.5,0,0.07289002557544758
YDR063W,0.0,0.0,0.0,0,0.0
YGL239C,0.0,0.0,0.0,1,0.0
YKL013C,0.7,0.0,2.0,1,0.7
YDR069C,0.0,0.0,0.0,0,0.0
YDR070C,0.0,0.0,0.0,0,0.0
YER089C,0.0,0.0,0.0,0,0.0
YML068W,0.0,0.0,0.0,1,0.0
YER019C-A,0.0,0.0,0.0,1,0.0
YKL128C,0.0,0.0,0.0,0,0.0
YHL006C,0.3333333333333333,2.05,2.0,0,0.3333333333333333
YIL152W,0.0,0.0,0.0,0,0.0
YLR376C,0.41666666666666663,2.05,2.0,0,0.41666666666666663
YDR084C,0.20202020202020202,2.0,2.25,0,0.20202020202020202
YPL242C,0.0,0.0,0.0,1,0.0
YLR378C,0.0,0.0,0.0,1,0.0
YGR006W,0.0,0.0,0.0,0,0.0
YGR232W,0.0,0.0,0.0,0,0.0
YDR091C,0.0,0.0,0.0,1,0.0
YLR192C,0.0,0.0,0.0,0,0.0
YDR097C,1.5,0.0,3.0,0,1.5
YDR098C,0.0,0.0,0.0,0,0.0
YGL071W,0.0,0.0,0.0,0,0.0
YGL220W,0.0,0.0,0.0,0,0.0
YNL042W,0.0,0.0,0.0,0,0.0
YDR100W,0.4532467532467533,6.666666666666666,1.0,0,0.4532467532467533
YER132C,0.0,0.0,0.0,0,0.0
YGR179C,0.4121212121212121,2.5,6.5,1,0.4121212121212121
YDR104C,0.0,0.0,0.0,0,0.0
YDR105C,0.0,0.0,0.0,0,0.0
YNL160W,0.0,0.0,0.0,0,0.0
YDR106W,0.0,0.0,0.0,0,0.0
YDR107C,0.0,0.0,0.0,0,0.0
YDR072C,0.0,0.0,0.0,0,0.0
YGR234W,0.0,0.0,0.0,0,0.0
YER161C,0.0,0.0,0.0,0,0.0
YLR095C,0.0,0.0,0.0,0,0.0
YGR098C,0.0,0.0,0.0,1,0.0
YDR115W,0.0,0.0,0.0,0,0.0
YKL142W,0.0,0.0,0.0,0,0.0
YDR120C,0.13636363636363635,0.0,1.3333333333333333,0,0.13636363636363635
YCL011C,0.0,0.0,0.0,0,0.0
YLR035C,0.0,0.0,0.0,0,0.0
YDR122W,0.0,0.0,0.0,0,0.0
YOL108C,0.0,0.0,0.0,0,0.0
YDR126W,2.09690922603079,86.64960317460317,92.75,0,2.09690922603079
YEL027W,0.0,0.0,0.0,0,0.0
YGL007W,0.0,0.0,0.0,0,0.0
YGR228W,0.0,0.0,0.0,0,0.0
YHR151C,0.0,0.0,0.0,0,0.0
YKL110C,0.0,0.0,0.0,0,0.0
YKR031C,0.0,0.0,0.0,0,0.0
YKR033C,0.0,0.0,0.0,0,0.0
YLR374C,0.0,0.0,0.0,0,0.0
YNR049C,0.0,0.0,0.0,0,0.0
YOL112W,0.0,0.0,0.0,0,0.0
YPL051W,2.5880607226229633,101.4345238095238,249.16666666666669,0,2.5880607226229633
YDR128W,0.0,0.0,0.0,0,0.0
YDR424C,1.9099267617324551,45.42933455433455,127.33333333333333,0,1.9099267617324551
YDR130C,0.0,0.0,0.0,1,0.0
YDR132C,0.0,0.0,0.0,0,0.0
YHR170W,0.0,0.0,0.0,1,0.0
YJL218W,0.04764065335753176,15.0,0.0,0,0.04764065335753176
YDR138W,0.35997067448680353,0.0,9.333333333333334,0,0.35997067448680353
YGL162W,0.0,0.0,0.0,0,0.0
YKR010C,0.282258064516129,0.0,9.333333333333334,0,0.282258064516129
YNR046W,0.0,0.0,0.0,1,0.0
YDR142C,0.6103896103896104,2.0,5.25,0,0.6103896103896104
YGR239C,0.0,0.0,0.0,0,0.0
YHR160C,0.0,0.0,0.0,0,0.0
YDR335W,0.026803118908382065,4.564102564102564,0.0,0,0.026803118908382065
YDR150W,4.363704326875443,101.23785103785102,577.0,0,4.363704326875443
YGL124C,0.4620941760602155,2.5,1.3333333333333333,0,0.4620941760602155
YGL216W,2.0628555156785446,94.16356275303644,208.33333333333331,0,2.0628555156785446
YGL217C,0.7437190145607193,27.775641025641026,0.0,0,0.7437190145607193
YJR112W,1.4254784929698285,10.480158730158731,54.75,1,1.4254784929698285
YLL001W,0.1275421135697491,1.2000000000000002,0.6666666666666666,0,0.1275421135697491
YLR216C,0.14796361487096554,9.666666666666668,25.5,0,0.14796361487096554
YLR217W,0.14796361487096554,7.666666666666667,0.0,0,0.14796361487096554
YLR319C,0.8921410936126616,14.048917748917749,0.0,0,0.8921410936126616
YOR322C,0.03488045007032349,0.0,4.666666666666667,0,0.03488045007032349
YPL205C,0.0,0.0,0.0,0,0.0
YGR173W,0.0,0.0,0.0,0,0.0
YDR154C,0.0,0.0,0.0,0,0.0
YDR155C,0.013694193846865602,0.875,0.5,0,0.013694193846865602
YKR105C,0.0,0.0,0.0,0,0.0
YDR156W,0.13225806451612904,0.0,0.0,0,0.0
YJR063W,0.0,0.0,0.0,0,0.0
YNL248C,0.0,0.0,0.0,0,0.0
YDR158W,0.0,0.0,0.0,0,0.0
YFR029W,0.0,0.0,0.0,1,0.0
YGL211W,0.037830687830687826,0.0,0.0,0,0.0
YGL252C,0.0,0.0,0.0,0,0.0
YGR118W,0.0,0.0,0.0,0,0.0
YIL133C,0.0,0.0,0.0,0,0.0
YLL002W,0.06481608251186564,2.857142857142857,14.833333333333334,0,0.06481608251186564
YML026C,0.0,0.0,0.0,0,0.0
YNL135C,0.0,0.0,0.0,0,0.0
YER013W,0.0,0.0,0.0,1,0.0
YFL033C,0.0,0.0,0.0,0,0.0
YGR097W,0.0,0.0,0.0,0,0.0
YIL129C,0.0,0.0,0.0,1,0.0
YKL012W,0.26323529411764707,0.0,2.0,1,0.26323529411764707
YLR228C,0.0,0.0,0.0,0,0.0
YML015C,0.6734434124527005,7.166666666666667,5.5,1,0.6734434124527005
YML098W,0.6405228758169934,8.333333333333334,5.5,1,0.6405228758169934
YML114C,0.0,0.0,0.0,1,0.0
YOR250C,0.0,0.0,0.0,1,0.0
YPL011C,0.0,0.0,0.0,1,0.0
YPR115W,0.0,0.0,0.0,0,0.0
YDR169C,0.0,0.0,0.0,0,0.0
YLL026W,0.0,0.0,0.0,0,0.0
YDR174W,0.2847222222222222,4.35,3.9166666666666665,0,0.2847222222222222
YIL013C,0.0,0.0,0.0,0,0.0
YCL010C,0.0,0.0,0.0,0,0.0
YDR457W,0.0,0.0,0.0,0,0.0
YGL013C,0.0,0.0,0.0,0,0.0
YJR080C,0.0,0.0,0.0,0,0.0
YKR060W,0.0,0.0,0.0,0,0.0
YDR184C,0.0,0.0,0.0,0,0.0
YDR189W,0.16666666666666666,2.011111111111111,2.0,1,0.16666666666666666
YMR316W,0.0,0.0,0.0,0,0.0
YPL235W,0.0,0.0,0.0,1,0.0
YOR134W,0.0,0.0,0.0,0,0.0
YDR200C,1.0416666666666665,3.6666666666666665,1.0,0,1.0416666666666665
YLR238W,0.4444444444444444,2.083333333333333,4.5,0,0.4444444444444444
YMR052W,1.0454545454545454,10.500000000000002,4.5,0,1.0454545454545454
YHR083W,0.0,0.0,0.0,1,0.0
YKL179C,0.0,0.0,0.0,0,0.0
YKR083C,0.0,0.0,0.0,1,0.0
YDR205W,0.0,0.0,0.0,0,0.0
YNR039C,0.0,0.0,0.0,0,0.0
YJR094C,0.48142857142857143,0.0,0.0,0,0.0
YMR139W,0.48142857142857143,0.0,0.0,0,0.0
YDR214W,0.0,0.0,0.0,0,0.0
YDR215C,0.0,0.0,0.0,0,0.0
YKR024C,0.0,0.0,0.0,0,0.0
YPL175W,0.0,0.0,0.0,1,0.0
YDR216W,0.09761904761904762,2.056140350877193,2.0,0,0.09761904761904762
YGR123C,0.0,0.0,0.0,0,0.0
YDR218C,0.13333333333333333,6.095238095238096,0.0,0,0.13333333333333333
YGR059W,0.0,0.0,0.0,0,0.0
YDR225W,0.32631000970058693,13.5,10.75,0,0.32631000970058693
YDR226W,0.0,0.0,0.0,1,0.0
YOR176W,0.0,0.0,0.0,1,0.0
YLR442C,0.325,0.0,4.5,0,0.325
YDR228C,0.4833333333333333,0.0,8.0,1,0.4833333333333333
YGL044C,0.5,0.0,14.0,1,0.5
YPR049C,0.0,0.0,0.0,0,0.0
YDR229W,0.0,0.0,0.0,0,0.0
YDR236C,0.0,0.0,0.0,1,0.0
YDR398W,0.0,0.0,0.0,1,0.0
YDR238C,0.0,0.0,0.0,1,0.0
YFR051C,0.0,0.0,0.0,1,0.0
YNL214W,0.7524265208475734,0.0,3.5,0,0.7524265208475734
YDR251W,0.0,0.0,0.0,0,0.0
YDR252W,0.0,0.0,0.0,0,0.0
YHR193C,0.0,0.0,0.0,0,0.0
YGR140W,1.534032634032634,4.233333333333333,6.083333333333333,1,1.534032634032634
YKL089W,0.8242424242424242,2.8166666666666664,12.291666666666666,1,0.8242424242424242
YDR255C,0.0,0.0,0.0,0,0.0
YKL144C,0.0,0.0,0.0,1,0.0
YDR256C,0.03635620915032679,1.4285714285714286,6.0,0,0.03635620915032679
YMR314W,0.0,0.0,0.0,1,0.0
YDR262W,0.0,0.0,0.0,0,0.0
YDR454C,0.0,0.0,0.0,1,0.0
YDR263C,0.0,0.0,0.0,0,0.0
YOR214C,0.0,0.0,0.0,0,0.0
YJR086W,0.3192982456140351,8.833333333333334,0.0,0,0.3192982456140351
YDR267C,0.0,0.0,0.0,1,0.0
YDR268W,0.0,0.0,0.0,0,0.0
YOR308C,0.0884437596302003,7.966666666666667,8.5,0,0.0884437596302003
YNL259C,0.0,0.0,0.0,0,0.0
YDR271C,0.0,0.0,0.0,0,0.0
YDR509W,0.0,0.0,0.0,0,0.0
YOR244W,0.0,0.0,0.0,1,0.0
YDR275W,0.0,0.0,0.0,0,0.0
YDR279W,0.3121610346266166,5.0,4.0,0,0.3121610346266166
YIL131C,0.0,0.0,0.0,0,0.0
YLR154C,0.2712765957446808,3.0,2.25,0,0.2712765957446808
YDR280W,0.0,0.0,0.0,1,0.0
YDR292C,0.0,0.0,0.0,1,0.0
YKL154W,0.0,0.0,0.0,1,0.0
YMR163C,0.0,0.0,0.0,0,0.0
YDR293C,0.36494771051733077,4.437229437229437,0.0,0,0.36494771051733077
YJR066W,1.5761904761904764,0.0,4.0,0,1.5761904761904764
YPL180W,1.3650793650793651,0.0,3.0,0,1.3650793650793651
YDR295C,0.746372593121819,10.408333333333331,20.0,0,0.746372593121819
YLR131C,0.0,0.0,0.0,0,0.0
YDR298C,0.0,0.0,0.0,0,0.0
YDR299W,0.30000000000000004,0.0,4.0,1,0.30000000000000004
YDR300C,0.0,0.0,0.0,0,0.0
YNL317W,2.904761904761905,12.366666666666664,11.5,1,2.904761904761905
YDR304C,0.0,0.0,0.0,0,0.0
YMR153W,0.3333333333333333,11.877380952380951,6.029166666666666,0,0.3333333333333333
YDR308C,0.47564102564102567,4.80952380952381,3.0,1,0.47564102564102567
YDR116C,0.0,0.0,0.0,0,0.0
YKL082C,0.41478696741854637,4.688636363636364,2.0,1,0.41478696741854637
YDR311W,0.29072031148604804,5.380219780219781,23.333333333333336,1,0.29072031148604804
YBR286W,0.0,0.0,0.0,0,0.0
YBR302C,0.0,0.0,0.0,0,0.0
YHR113W,0.10230179028132992,0.0,1.0,0,0.10230179028132992
YIL071C,0.0,0.0,0.0,0,0.0
YKL028W,0.0,0.0,0.0,1,0.0
YKL104C,0.0,0.0,0.0,1,0.0
YMR294W,5.256589092336475,308.5833333333333,378.08333333333326,0,5.256589092336475
YPL170W,0.0,0.0,0.0,0,0.0
YDR313C,0.0,0.0,0.0,0,0.0
YDR315C,0.04050925925925926,2.6,2.0,0,0.04050925925925926
YLR323C,0.0,0.0,0.0,1,0.0
YDL026W,0.0,0.0,0.0,0,0.0
YDL046W,0.0,0.0,0.0,0,0.0
YDL050C,0.0,0.0,0.0,0,0.0
YDL053C,0.0,0.0,0.0,0,0.0
YDL061C,0.0,0.0,0.0,0,0.0
YDL067C,0.0,0.0,0.0,1,0.0
YDL096C,0.0,0.0,0.0,0,0.0
YDL118W,0.0,0.0,0.0,0,0.0
YDR455C,0.0,0.0,0.0,0,0.0
YDR478W,0.0,0.0,0.0,1,0.0
YDR542W,0.0,0.0,0.0,0,0.0
YER029C,0.0,0.0,0.0,1,0.0
YER035W,0.0,0.0,0.0,0,0.0
YER084W,0.03267533285912742,4.5064935064935066,8.416666666666666,0,0.03267533285912742
YFL015C,0.0,0.0,0.0,0,0.0
YFR054C,0.0,0.0,0.0,0,0.0
YGR018C,0.0,0.0,0.0,0,0.0
YGR036C,0.0,0.0,0.0,0,0.0
YGR146C,0.0,0.0,0.0,0,0.0
YHL042W,0.0,0.0,0.0,0,0.0
YLL033W,0.0,0.0,0.0,0,0.0
YGR167W,0.6428571428571428,0.0,5.0,0,0.6428571428571428
YDR321W,0.04764065335753176,7.5,0.0,0,0.04764065335753176
YKR014C,0.0,0.0,0.0,0,0.0
YDR326C,0.0,0.0,0.0,0,0.0
YER007C-A,0.0,0.0,0.0,0,0.0
YJR089W,0.0,0.0,0.0,1,0.0
YLR097C,0.0,0.0,0.0,1,0.0
YLR224W,0.3026315789473684,7.333333333333334,0.0,0,0.3026315789473684
YLR352W,0.03214616096207215,0.0,0.0,0,0.0
YML088W,0.0,0.0,0.0,0,0.0
YNL311C,0.0,0.0,0.0,0,0.0
YOR057W,0.3026315789473684,6.266666666666667,0.0,1,0.3026315789473684
YLR002C,0.0,0.0,0.0,1,0.0
YDR332W,3.21341311126953,126.0604700854701,104.5,0,3.21341311126953
YBL058W,0.0,0.0,0.0,0,0.0
YDR014W,0.3372324187716599,2.2403846153846154,0.0,0,0.3372324187716599
YDR265W,0.0,0.0,0.0,0,0.0
YGL033W,0.0,0.0,0.0,0,0.0
YMR074C,0.0,0.0,0.0,0,0.0
YLR293C,0.38588516746411483,0.7272727272727273,15.166666666666666,1,0.38588516746411483
YOR359W,0.0,0.0,0.0,0,0.0
YDR346C,0.0,0.0,0.0,0,0.0
YLR077W,0.0,0.0,0.0,0,0.0
YDR348C,0.0,0.0,0.0,0,0.0
YMR295C,0.0,0.0,0.0,0,0.0
YDR349C,0.0,0.0,0.0,0,0.0
YLR099C,0.0,0.0,0.0,0,0.0
YOR007C,0.0,0.0,0.0,0,0.0
YDR350C,0.0,0.0,0.0,0,0.0
YDR351W,0.0,0.0,0.0,0,0.0
YHR103W,0.0,0.0,0.0,0,0.0
YJR005W,0.0,0.0,0.0,0,0.0
YDR357C,0.0,0.0,0.0,0,0.0
YGL079W,0.0,0.0,0.0,0,0.0
YPR182W,0.0,0.0,0.0,1,0.0
YBR099C,0.11407962604771116,0.0,10.0,0,0.11407962604771116
YBR174C,0.0,0.0,0.0,0,0.0
YGR071C,0.0,0.0,0.0,0,0.0
YGR072W,0.1879432624113475,0.0,4.5,0,0.1879432624113475
YHR134W,0.0899642635620955,3.2965367965367967,1.1666666666666667,0,0.0899642635620955
YHR167W,0.0,0.0,0.0,0,0.0
YIL052C,0.0,0.0,0.0,0,0.0
YJL176C,0.0,0.0,0.0,0,0.0
YML128C,0.04731884266138783,0.0,0.0,1,0.0
YNL072W,0.0,0.0,0.0,0,0.0
YNL218W,0.11949088145896657,0.0,5.833333333333333,0,0.11949088145896657
YOR076C,0.0,0.0,0.0,1,0.0
YOR243C,0.0,0.0,0.0,0,0.0
YPL079W,0.0,0.0,0.0,0,0.0
YER008C,0.5797979797979798,2.1666666666666665,0.0,1,0.5797979797979798
YPL029W,0.0,0.0,0.0,0,0.0
YPR055W,0.6169491525423729,0.0,0.0,1,0.0
YDR364C,0.0,0.0,0.0,1,0.0
YKR086W,0.0,0.0,0.0,1,0.0
YDR365C,0.0,0.0,0.0,1,0.0
YDR370C,0.0,0.0,0.0,0,0.0
YFL049W,0.0,0.0,0.0,0,0.0
YDR371W,0.0,0.0,0.0,0,0.0
YJL053W,0.29131156613171005,4.857142857142857,0.0,0,0.29131156613171005
YDR373W,0.0,0.0,0.0,1,0.0
YNL267W,0.0,0.0,0.0,1,0.0
YOR136W,0.0,0.0,0.0,0,0.0
YIR024C,0.0,0.0,0.0,0,0.0
YGL251C,0.0,0.0,0.0,0,0.0
YJL139C,0.036231884057971016,3.6,0.0,0,0.036231884057971016
YLR053C,0.0,0.0,0.0,0,0.0
YMR221C,0.0,0.0,0.0,0,0.0
YOR320C,0.19785353535353536,10.666666666666666,4.944444444444445,0,0.19785353535353536
YDR379W,0.1488095238095238,0.0,0.0,0,0.0
YDR380W,0.0,0.0,0.0,0,0.0
YDR038C,0.0,0.0,0.0,0,0.0
YOR382W,0.0,0.0,0.0,0,0.0
YLR315W,0.17685185185185184,20.0,2.75,0,0.17685185185185184
YDR385W,0.0,0.0,0.0,0,0.0
YPL108W,0.0,0.0,0.0,0,0.0
YJR083C,0.06408450704225352,0.0,0.0,0,0.0
YLR144C,0.06408450704225352,1.6666666666666667,2.0,0,0.06408450704225352
YMR192W,0.06408450704225352,0.7142857142857143,1.0,0,0.06408450704225352
YNL086W,0.17777777777777776,6.333333333333334,9.333333333333334,0,0.17777777777777776
YDR390C,0.25,2.6545454545454548,0.0,1,0.25
YPR180W,0.0,0.0,0.0,1,0.0
YKL058W,1.507460960092539,17.25,8.25,1,1.507460960092539
YOR194C,1.5315211104684787,14.25,11.0,1,1.5315211104684787
YPL082C,0.19548872180451127,0.0,2.25,1,0.19548872180451127
YOR117W,0.3333333333333333,1.1428571428571428,0.0,1,0.3333333333333333
YOR259C,0.3333333333333333,2.017857142857143,0.0,1,0.3333333333333333
YOL070C,0.0,0.0,0.0,0,0.0
YOL127W,0.0,0.0,0.0,1,0.0
YDR397C,0.0,0.0,0.0,1,0.0
YER159C,0.0,0.0,0.0,1,0.0
YMR093W,0.0,0.0,0.0,1,0.0
YDR403W,0.0,0.0,0.0,0,0.0
YKR053C,0.0,0.0,0.0,0,0.0
YDR404C,0.0,0.0,0.0,1,0.0
YDR412W,0.0,0.0,0.0,1,0.0
YDR415C,0.0,0.0,0.0,0,0.0
YGR129W,0.0,0.0,0.0,0,0.0
YJR050W,0.0,0.0,0.0,0,0.0
YKL095W,0.0,0.0,0.0,1,0.0
YDR420W,0.0,0.0,0.0,1,0.0
YOL023W,0.0,0.0,0.0,0,0.0
YOR141C,0.0,0.0,0.0,0,0.0
YOR375C,0.0,0.0,0.0,0,0.0
YDR425W,0.5216874628639334,4.5,4.944444444444445,0,0.5216874628639334
YJR110W,0.0,0.0,0.0,0,0.0
YDR427W,0.0,0.0,0.0,1,0.0
YNR059W,0.0,0.0,0.0,0,0.0
YDR429C,0.7666666666666666,5.066666666666666,3.0,1,0.7666666666666666
YMR146C,1.1,5.875757575757576,4.0,1,1.1
YPL105C,0.5838235294117647,2.0090909090909093,2.0,0,0.5838235294117647
YDR431W,0.0,0.0,0.0,0,0.0
YOR160W,0.0,0.0,0.0,1,0.0
YDR433W,0.0,0.0,0.0,0,0.0
YNL116W,0.0,0.0,0.0,0,0.0
YDR441C,0.0,0.0,0.0,0,0.0
YML022W,0.0,0.0,0.0,0,0.0
YDR442W,0.0,0.0,0.0,0,0.0
YDR445C,0.0,0.0,0.0,0,0.0
YDR446W,0.0,0.0,0.0,0,0.0
YDR464W,0.0,0.0,0.0,1,0.0
YJR021C,0.0,0.0,0.0,0,0.0
YKL196C,1.290151515151515,5.236111111111112,3.944444444444444,1,1.290151515151515
YGL208W,0.12878787878787878,0.0,1.8,0,0.12878787878787878
YJL089W,0.0,0.0,0.0,0,0.0
YNL257C,0.0,0.0,0.0,0,0.0
YNL221C,0.0,0.0,0.0,1,0.0
YHR039C,0.0,0.0,0.0,0,0.0
YHR084W,0.8395604395604396,2.321428571428571,8.5,1,0.8395604395604396
YDR482C,0.0,0.0,0.0,0,0.0
YGL028C,0.0,0.0,0.0,0,0.0
YOR276W,0.3333333333333333,3.5,0.0,0,0.3333333333333333
YGR245C,0.0,0.0,0.0,1,0.0
YDR488C,2.6012699859754145,58.91254578754579,172.83333333333334,0,2.6012699859754145
YIL135C,0.0,0.0,0.0,0,0.0
YFR043C,0.0,0.0,0.0,0,0.0
YDR490C,0.0,0.0,0.0,0,0.0
YGR086C,0.0,0.0,0.0,0,0.0
YHR207C,0.0,0.0,0.0,0,0.0
YIR044C,0.0,0.0,0.0,0,0.0
YLR466W,0.0,0.0,0.0,0,0.0
YOL100W,0.0,0.0,0.0,1,0.0
YPL004C,0.0,0.0,0.0,0,0.0
YDR492W,0.0,0.0,0.0,0,0.0
YJR067C,0.0,0.0,0.0,1,0.0
YDR498C,0.9047619047619048,6.75,5.166666666666666,1,0.9047619047619048
YGL145W,0.7380952380952381,7.666666666666667,5.166666666666666,1,0.7380952380952381
YOR075W,0.9047619047619047,6.5,5.166666666666666,1,0.9047619047619047
YER070W,0.8333333333333333,9.0,5.833333333333333,1,0.8333333333333333
YML058W,0.6666666666666666,5.25,4.666666666666667,0,0.6666666666666666
YDR503C,0.0,0.0,0.0,0,0.0
YKL130C,0.0625,4.5,2.9166666666666665,0,0.0625
YDR506C,0.0,0.0,0.0,0,0.0
YDR513W,0.0,0.0,0.0,0,0.0
YDR514C,0.0,0.0,0.0,0,0.0
YNL173C,0.0,0.0,0.0,0,0.0
YDR524C,0.0,0.0,0.0,0,0.0
YOR066W,0.0,0.0,0.0,0,0.0
YDR529C,0.0,0.0,0.0,0,0.0
YHR079C,0.0,0.0,0.0,0,0.0
YDR534C,0.0,0.0,0.0,0,0.0
YDR536W,0.0,0.0,0.0,0,0.0
YDR541C,0.0,0.0,0.0,0,0.0
YLR025W,0.3696357989836251,2.5,1.0,0,0.3696357989836251
YGL022W,1.875,2.0,7.416666666666667,1,1.875
YMR149W,1.25,0.0,5.166666666666667,1,1.25
YPL227C,1.0,1.0,2.6666666666666665,0,1.0
YDL069C,0.0,0.0,0.0,0,0.0
YDR149C,1.0346519108754675,29.859890109890117,0.0,0,1.0346519108754675
YDR276C,0.21695261889898965,11.998015873015872,4.5,0,0.21695261889898965
YGL087C,0.1427928643499609,5.5,0.0,0,0.1427928643499609
YHL002W,0.3815485918264174,2.833333333333333,7.999999999999999,0,0.3815485918264174
YHR111W,0.8374287414299468,35.49184981684983,38.33333333333333,0,0.8374287414299468
YJL190C,0.13617891754909825,14.333333333333332,2.0,0,0.13617891754909825
YJR129C,0.013962701710310174,0.0,0.0,0,0.0
YLL006W,0.0839523699800055,4.083333333333333,0.0,0,0.0839523699800055
YLL007C,0.040583631268721616,0.0,0.0,0,0.0
YLL049W,2.0612082200649913,259.5,0.0,0,2.0612082200649913
YLR089C,0.13617891754909825,3.619047619047619,0.0,0,0.13617891754909825
YLR212C,0.8222469859162335,12.875937950937953,13.0,1,0.8222469859162335
YLR292C,0.07905726508490062,9.666666666666666,2.0,0,0.07905726508490062
YMR154C,0.3886820001773348,65.5,0.0,0,0.3886820001773348
YMR299C,2.873108415862538,68.28131868131868,174.66666666666669,0,2.873108415862538
YNL294C,0.27516836438109027,3.619047619047619,0.0,0,0.27516836438109027
YOL116W,0.013962701710310174,0.0,0.0,0,0.0
YOR266W,0.37022364693637283,26.0,4.5,0,0.37022364693637283
YPL224C,0.0,0.0,0.0,0,0.0
YPL253C,0.5425338046119516,43.86666666666667,5.833333333333333,0,0.5425338046119516
YPR050C,0.040583631268721616,0.0,0.0,0,0.0
YPR070W,0.17097495259274173,3.619047619047619,3.0,0,0.17097495259274173
YEL005C,0.0,0.0,0.0,0,0.0
YGR107W,0.0,0.0,0.0,0,0.0
YHR145C,0.0,0.0,0.0,0,0.0
YPL038W,0.0,0.0,0.0,0,0.0
YEL012W,0.0,0.0,0.0,0,0.0
YHR195W,0.0,0.0,0.0,0,0.0
YKL061W,0.13275193798449614,3.333333333333333,8.0,0,0.13275193798449614
YLR254C,0.07294429708222812,0.0,2.9166666666666665,0,0.07294429708222812
YPR185W,0.17777777777777776,2.761904761904762,9.333333333333334,0,0.17777777777777776
YLR264W,0.6530419282337441,15.2,15.0,0,0.6530419282337441
YEL016C,0.0,0.0,0.0,0,0.0
YEL018W,0.0,0.0,0.0,0,0.0
YEL020C,0.0,0.0,0.0,0,0.0
YEL022W,0.0,0.0,0.0,0,0.0
YJR031C,0.0,0.0,0.0,0,0.0
YEL036C,0.21958098307816276,3.1666666666666665,5.277777777777779,0,0.21958098307816276
YHR080C,0.0,0.0,0.0,0,0.0
YOL038W,0.0,0.0,0.0,1,0.0
YER012W,0.0,0.0,0.0,1,0.0
YER162C,0.0,0.0,0.0,0,0.0
YGL048C,0.0,0.0,0.0,1,0.0
YLR441C,0.0,0.0,0.0,0,0.0
YMR276W,0.0,0.0,0.0,1,0.0
YOR157C,0.0,0.0,0.0,1,0.0
YEL041W,0.012389719984656693,2.023809523809524,0.0,0,0.012389719984656693
YHR115C,0.0,0.0,0.0,0,0.0
YJR049C,0.0,0.0,0.0,1,0.0
YKL009W,0.09903381642512077,1.1428571428571428,1.5,0,0.09903381642512077
YOR315W,0.0,0.0,0.0,0,0.0
YEL042W,0.0,0.0,0.0,0,0.0
YER073W,0.0,0.0,0.0,0,0.0
YJL152W,0.5091743119266054,2.017857142857143,2.0,0,0.5091743119266054
YLR250W,0.0,0.0,0.0,0,0.0
YPR193C,0.04764065335753176,5.0,0.0,0,0.04764065335753176
YEL047C,0.0,0.0,0.0,0,0.0
YBR249C,0.0,0.0,0.0,0,0.0
YEL048C,0.03949275362318841,3.6,0.0,0,0.03949275362318841
YIL136W,0.0,0.0,0.0,0,0.0
YPR051W,0.7064766370401784,6.75,8.416666666666666,0,0.7064766370401784
YEL054C,0.0,0.0,0.0,0,0.0
YEL056W,0.35613971998465666,3.023809523809524,1.5,0,0.35613971998465666
YPL001W,0.34375,1.0,4.666666666666667,0,0.34375
YEL059C-A,0.0,0.0,0.0,0,0.0
YMR150C,0.0,0.0,0.0,0,0.0
YML031C-A,0.0,0.0,0.0,0,0.0
YBR122C,0.028958333333333336,12.333333333333334,3.111111111111111,0,0.028958333333333336
YDR435C,0.0,0.0,0.0,0,0.0
YGL168W,0.6142646524726458,27.30952380952381,78.83333333333333,0,0.6142646524726458
YLR454W,0.0,0.0,0.0,1,0.0
YOL076W,0.3280217343980485,4.386363636363637,0.0,0,0.3280217343980485
YPL152W,0.0788537483266399,2.571428571428571,10.5,0,0.0788537483266399
YEL062W,0.0,0.0,0.0,0,0.0
YOR138C,0.0,0.0,0.0,0,0.0
YEL063C,0.0,0.0,0.0,0,0.0
YGR057C,0.0,0.0,0.0,0,0.0
YPL139C,0.0,0.0,0.0,0,0.0
YIR034C,0.0,0.0,0.0,0,0.0
YNR058W,0.0,0.0,0.0,0,0.0
YOR242C,0.0,0.0,0.0,0,0.0
YEL066W,0.08399686250785857,25.0,3.0,0,0.08399686250785857
YPL112C,0.0,0.0,0.0,0,0.0
YLR225C,0.0,0.0,0.0,0,0.0
YPR110C,0.3666666666666667,0.875,2.0,1,0.3666666666666667
YEL070W,0.0,0.0,0.0,0,0.0
YEL077C,0.0,0.0,0.0,0,0.0
YFR053C,0.0,0.0,0.0,0,0.0
YER006W,0.7922705314009663,11.187590187590184,19.166666666666664,1,0.7922705314009663
YCR072C,0.05609284332688588,0.0,0.0,1,0.0
YDL031W,0.0,0.0,0.0,1,0.0
YDR101C,0.0,0.0,0.0,0,0.0
YGR103W,1.9999999999999996,8.625,22.750000000000004,1,1.9999999999999996
YHR052W,0.09903381642512077,0.8888888888888888,2.25,1,0.09903381642512077
YHR197W,0.0,0.0,0.0,1,0.0
YLR106C,0.0,0.0,0.0,1,0.0
YMR049C,0.192512077294686,2.2857142857142856,4.0,1,0.192512077294686
YNL002C,0.192512077294686,0.0,4.0,1,0.192512077294686
YNL061W,0.0,0.0,0.0,1,0.0
YOR206W,0.0,0.0,0.0,1,0.0
YPL093W,0.192512077294686,2.0,4.0,1,0.192512077294686
YPL211W,0.192512077294686,2.2857142857142856,2.6666666666666665,1,0.192512077294686
YJL120W,0.0,0.0,0.0,0,0.0
YFL005W,1.555170347543229,9.5,23.111111111111107,1,1.555170347543229
YOR122C,0.7457668913365118,2.0296052631578947,25.083333333333332,1,0.7457668913365118
YER009W,0.0,0.0,0.0,1,0.0
YDL202W,0.0,0.0,0.0,0,0.0
YER004W,0.0,0.0,0.0,0,0.0
YER011W,0.0,0.0,0.0,0,0.0
YFR050C,0.0,0.0,0.0,1,0.0
YDR159W,0.0,0.0,0.0,0,0.0
YDR359C,0.04793498534505729,11.0,17.333333333333332,0,0.04793498534505729
YLR190W,0.0,0.0,0.0,0,0.0
YNL136W,0.016453503863575806,8.0,9.333333333333334,0,0.016453503863575806
YNL170W,0.0,0.0,0.0,0,0.0
YNL201C,0.0,0.0,0.0,0,0.0
YPR164W,0.08125,2.4,4.5,0,0.08125
YER018C,0.6962703962703962,8.0,14.5,1,0.6962703962703962
YER104W,0.0,0.0,0.0,1,0.0
YPR065W,0.0,0.0,0.0,0,0.0
YAL056W,0.0,0.0,0.0,0,0.0
YOR371C,0.0,0.0,0.0,0,0.0
YBL065W,0.0,0.0,0.0,0,0.0
YBR047W,0.0,0.0,0.0,0,0.0
YFR038W,0.0,0.0,0.0,0,0.0
YGL027C,0.8616285464603759,37.83333333333333,25.416666666666668,0,0.8616285464603759
YGL261C,0.0,0.0,0.0,0,0.0
YGR090W,0.0,0.0,0.0,1,0.0
YGR218W,0.44105263157894725,15.296969696969697,14.177777777777779,1,0.44105263157894725
YGR243W,0.0,0.0,0.0,0,0.0
YHL044W,0.0,0.0,0.0,0,0.0
YHL045W,0.0,0.0,0.0,0,0.0
YHR116W,0.0,0.0,0.0,0,0.0
YIL078W,0.0,0.0,0.0,1,0.0
YJL142C,0.0,0.0,0.0,0,0.0
YJR148W,0.06263157894736841,0.6666666666666666,0.0,0,0.06263157894736841
YKL051W,0.0,0.0,0.0,0,0.0
YKL063C,0.0,0.0,0.0,0,0.0
YKL143W,0.03631578947368421,0.0,4.666666666666667,0,0.03631578947368421
YKR093W,0.0,0.0,0.0,0,0.0
YLL020C,0.0,0.0,0.0,0,0.0
YLL065W,0.02282051282051282,0.0,0.0,0,0.0
YLR175W,0.0,0.0,0.0,1,0.0
YLR331C,0.0,0.0,0.0,0,0.0
YML055W,0.0,0.0,0.0,0,0.0
YML082W,0.0,0.0,0.0,0,0.0
YMR039C,0.01786843769765971,2.1666666666666665,4.5,0,0.01786843769765971
YMR042W,0.0,0.0,0.0,0,0.0
YMR058W,0.0,0.0,0.0,0,0.0
YMR087W,0.0,0.0,0.0,0,0.0
YMR114C,0.0,0.0,0.0,0,0.0
YMR118C,0.0,0.0,0.0,0,0.0
YMR181C,0.0,0.0,0.0,0,0.0
YMR244W,0.0,0.0,0.0,0,0.0
YMR293C,0.0,0.0,0.0,0,0.0
YNL006W,1.876068376068376,1.0,9.0,1,1.876068376068376
YNL073W,0.0,0.0,0.0,0,0.0
YNL159C,0.0,0.0,0.0,0,0.0
YNL210W,0.0,0.0,0.0,0,0.0
YNL211C,0.0,0.0,0.0,0,0.0
YNL235C,0.0,0.0,0.0,0,0.0
YNL281W,0.0,0.0,0.0,0,0.0
YNL288W,0.03743766781741465,2.023809523809524,0.0,0,0.03743766781741465
YNL301C,0.02149425287356322,0.0,2.0,0,0.02149425287356322
YNR001C,0.0,0.0,0.0,0,0.0
YNR071C,0.022658227848101266,0.0,0.0,0,0.0
YOL022C,0.0,0.0,0.0,1,0.0
YOL042W,0.0,0.0,0.0,0,0.0
YOL106W,0.0,0.0,0.0,0,0.0
YOR028C,0.0,0.0,0.0,0,0.0
YOR072W,0.0,0.0,0.0,0,0.0
YOR143C,0.0,0.0,0.0,1,0.0
YOR187W,0.0,0.0,0.0,0,0.0
YOR303W,0.11,1.5,0.0,0,0.11
YOR336W,0.0,0.0,0.0,1,0.0
YOR388C,0.0,0.0,0.0,0,0.0
YPL053C,0.0,0.0,0.0,0,0.0
YPL098C,0.022658227848101266,1.25,4.5,0,0.022658227848101266
YOL142W,0.0,0.0,0.0,1,0.0
YLR220W,0.0,0.0,0.0,1,0.0
YNL187W,0.0,0.0,0.0,0,0.0
YER031C,0.0,0.0,0.0,0,0.0
YGL210W,0.0,0.0,0.0,0,0.0
YNL146W,0.0,0.0,0.0,0,0.0
YPL192C,0.22661396574440054,0.0,2.5,0,0.22661396574440054
YPR017C,0.20302757793764986,10.5,0.0,0,0.20302757793764986
YLR456W,0.0,0.0,0.0,0,0.0
YER036C,0.0,0.0,0.0,1,0.0
YML023C,0.0,0.0,0.0,1,0.0
YER039C,0.0,0.0,0.0,0,0.0
YMR119W,0.0,0.0,0.0,0,0.0
YER040W,0.0,0.0,0.0,0,0.0
YER045C,0.0,0.0,0.0,0,0.0
YER047C,0.0,0.0,0.0,0,0.0
YER048C,0.0,0.0,0.0,0,0.0
YPR020W,0.0,0.0,0.0,0,0.0
YER049W,0.0,0.0,0.0,0,0.0
YER051W,0.0,0.0,0.0,0,0.0
YER081W,0.0425531914893617,2.0,0.0,0,0.0425531914893617
YLR121C,0.0,0.0,0.0,0,0.0
YMR310C,0.0,0.0,0.0,0,0.0
YER052C,0.0,0.0,0.0,0,0.0
YER037W,0.0,0.0,0.0,0,0.0
YIR014W,0.0,0.0,0.0,0,0.0
YKR079C,0.0,0.0,0.0,1,0.0
YER053C,0.0,0.0,0.0,0,0.0
YLR326W,0.0,0.0,0.0,0,0.0
YER056C-A,0.0,0.0,0.0,0,0.0
YER059W,0.0,0.0,0.0,0,0.0
YDL224C,0.0,0.0,0.0,0,0.0
YER156C,0.0,0.0,0.0,0,0.0
YJL084C,0.0,0.0,0.0,0,0.0
YOR392W,0.0,0.0,0.0,0,0.0
YER061C,0.0,0.0,0.0,0,0.0
YPL073C,0.0,0.0,0.0,0,0.0
YER062C,0.0,0.0,0.0,0,0.0
YPL201C,0.0,0.0,0.0,0,0.0
YER063W,0.2121212121212121,0.0,0.0,0,0.0
YNL157W,0.0,0.0,0.0,0,0.0
YPL212C,0.3111111111111111,2.9,9.0,0,0.3111111111111111
YPR125W,0.0,0.0,0.0,1,0.0
YGL062W,0.0,0.0,0.0,0,0.0
YER066W,0.0,0.0,0.0,0,0.0
YER069W,0.0,0.0,0.0,0,0.0
YLR214W,0.0,0.0,0.0,0,0.0
YCL007C,0.0,0.0,0.0,0,0.0
YDR366C,0.0,0.0,0.0,0,0.0
YPL032C,0.0,0.0,0.0,0,0.0
YPL257W,0.0,0.0,0.0,0,0.0
YER077C,0.0,0.0,0.0,0,0.0
YFR015C,0.4,2.5,0.0,0,0.4
YGR091W,0.0,0.0,0.0,1,0.0
YER079W,0.26666666666666666,0.0,0.0,0,0.0
YAL060W,0.0,0.0,0.0,0,0.0
YBR018C,0.0,0.0,0.0,0,0.0
YBR042C,0.0,0.0,0.0,0,0.0
YBR065C,0.0,0.0,0.0,0,0.0
YBR168W,0.0,0.0,0.0,1,0.0
YBR240C,0.0,0.0,0.0,0,0.0
YBR241C,0.0,0.0,0.0,0,0.0
YBR243C,0.0,0.0,0.0,1,0.0
YDL105W,0.0,0.0,0.0,1,0.0
YDL168W,0.0,0.0,0.0,0,0.0
YDR005C,0.0,0.0,0.0,0,0.0
YDR012W,0.0,0.0,0.0,0,0.0
YDR194C,0.0,0.0,0.0,0,0.0
YDR266C,0.0,0.0,0.0,0,0.0
YDR306C,0.0,0.0,0.0,0,0.0
YDR331W,0.0,0.0,0.0,1,0.0
YDR343C,0.0,0.0,0.0,0,0.0
YDR483W,0.0,0.0,0.0,0,0.0
YDR512C,0.0,0.0,0.0,0,0.0
YDR528W,0.0,0.0,0.0,0,0.0
YDR531W,0.0,0.0,0.0,1,0.0
YER145C,0.34397163120567376,2.333333333333333,0.0,0,0.34397163120567376
YFL016C,0.325,0.0,4.5,0,0.325
YFR017C,0.0,0.0,0.0,0,0.0
YGL039W,0.0,0.0,0.0,0,0.0
YGL096W,0.18627450980392157,2.5,4.5,0,0.18627450980392157
YGL110C,0.0,0.0,0.0,0,0.0
YGL135W,0.0,0.0,0.0,0,0.0
YGR020C,0.217015130859665,25.0,0.0,0,0.217015130859665
YGR084C,0.0,0.0,0.0,0,0.0
YGR210C,0.0,0.0,0.0,0,0.0
YGR293C,0.0,0.0,0.0,0,0.0
YIL044C,0.0,0.0,0.0,0,0.0
YIL074C,0.0,0.0,0.0,0,0.0
YKR073C,0.0,0.0,0.0,0,0.0
YLR151C,0.0,0.0,0.0,0,0.0
YNL054W-B,0.0,0.0,0.0,0,0.0
YNR042W,0.0,0.0,0.0,0,0.0
YOR150W,0.0,0.0,0.0,0,0.0
YOR167C,0.6530419282337441,15.2,15.0,0,0.6530419282337441
YOR189W,0.0,0.0,0.0,0,0.0
YOR222W,0.0,0.0,0.0,0,0.0
YOR246C,0.0,0.0,0.0,0,0.0
YOR258W,0.0,0.0,0.0,0,0.0
YOR263C,0.0,0.0,0.0,0,0.0
YOR300W,0.0,0.0,0.0,0,0.0
YOR318C,0.0,0.0,0.0,0,0.0
YOR362C,0.0,0.0,0.0,1,0.0
YOR387C,0.0,0.0,0.0,0,0.0
YPL213W,0.0,0.0,0.0,1,0.0
YPL229W,0.0,0.0,0.0,0,0.0
YPL233W,0.0,0.0,0.0,1,0.0
YPR016C,0.09347826086956522,0.7272727272727273,1.3333333333333333,1,0.09347826086956522
YPR038W,0.0,0.0,0.0,0,0.0
YPR059C,0.0,0.0,0.0,0,0.0
YPR126C,0.0,0.0,0.0,0,0.0
YPR134W,0.0,0.0,0.0,0,0.0
YPR149W,0.0,0.0,0.0,0,0.0
YER082C,0.0,0.0,0.0,1,0.0
YJL135W,0.0,0.0,0.0,0,0.0
YER126C,0.0,0.0,0.0,1,0.0
YPR175W,0.0,0.0,0.0,1,0.0
YDL036C,0.0,0.0,0.0,0,0.0
YMR233W,0.0,0.0,0.0,0,0.0
YPL238C,0.0,0.0,0.0,1,0.0
YPR011C,0.0,0.0,0.0,0,0.0
YER099C,0.41666666666666663,0.0,4.5,0,0.41666666666666663
YKL181W,0.75,0.0,8.5,0,0.75
YER100W,0.0,0.0,0.0,0,0.0
YJR077C,0.0,0.0,0.0,0,0.0
YER102W,0.0,0.0,0.0,0,0.0
YDR459C,0.0,0.0,0.0,0,0.0
YER103W,0.0,0.0,0.0,0,0.0
YDR068W,0.0,0.0,0.0,0,0.0
YGL065C,0.0,0.0,0.0,1,0.0
YER106W,0.0,0.0,0.0,1,0.0
YHL008C,0.0,0.0,0.0,0,0.0
YER110C,0.17424242424242425,0.0,1.5,0,0.17424242424242425
YDL145C,0.0,0.0,0.0,1,0.0
YDR452W,0.0,0.0,0.0,0,0.0
YIL029C,0.0,0.0,0.0,0,0.0
YJR138W,0.21805555555555556,4.5,4.0,0,0.21805555555555556
YKL209C,0.059027777777777776,1.8,4.5,0,0.059027777777777776
YLL032C,0.0,0.0,0.0,0,0.0
YLR269C,0.04738562091503268,2.1666666666666665,4.0,0,0.04738562091503268
YNL091W,0.0,0.0,0.0,0,0.0
YOR219C,0.0,0.0,0.0,0,0.0
YDL204W,0.0,0.0,0.0,0,0.0
YLR096W,0.0,0.0,0.0,0,0.0
YNL139C,0.0,0.0,0.0,0,0.0
YER119C,0.0,0.0,0.0,0,0.0
YKL055C,0.0,0.0,0.0,0,0.0
YER176W,0.0,0.0,0.0,0,0.0
YHR003C,0.0,0.0,0.0,0,0.0
YMR275C,0.0,0.0,0.0,0,0.0
YOR340C,0.0,0.0,0.0,1,0.0
YHR204W,0.0,0.0,0.0,0,0.0
YER128W,0.0,0.0,0.0,0,0.0
YER129W,0.0,0.0,0.0,0,0.0
YLR420W,0.0,0.0,0.0,0,0.0
YHR100C,0.0,0.0,0.0,0,0.0
YER136W,0.0,0.0,0.0,1,0.0
YER140W,0.0,0.0,0.0,0,0.0
YDL054C,0.0,0.0,0.0,0,0.0
YER143W,0.0,0.0,0.0,0,0.0
YOR034C,0.0,0.0,0.0,0,0.0
YIL056W,0.0,0.0,0.0,0,0.0
YJL001W,0.0,0.0,0.0,1,0.0
YCR024C,0.05347222222222223,1.6,4.5,0,0.05347222222222223
YDL112W,0.0,0.0,0.0,0,0.0
YER131W,0.0,0.0,0.0,0,0.0
YFL066C,0.10267857142857142,0.0,0.0,0,0.0
YLR058C,0.0,0.0,0.0,0,0.0
YOR201C,0.0,0.0,0.0,0,0.0
YPL090C,0.0,0.0,0.0,0,0.0
YPR010C,0.3666666666666667,2.017857142857143,2.0,1,0.3666666666666667
YGL241W,0.0,0.0,0.0,0,0.0
YIR005W,0.2590909090909091,7.785714285714286,2.25,0,0.2590909090909091
YDL233W,0.0,0.0,0.0,0,0.0
YIL040W,0.030024509803921566,1.6,0.6666666666666666,0,0.030024509803921566
YKL034W,0.0,0.0,0.0,0,0.0
YER152C,0.0,0.0,0.0,0,0.0
YJL107C,0.0,0.0,0.0,0,0.0
YER153C,0.0,0.0,0.0,0,0.0
YGR222W,0.0,0.0,0.0,0,0.0
YJL170C,0.0,0.0,0.0,0,0.0
YNR003C,0.6666666666666666,1.0,4.5,1,0.6666666666666666
YOR121C,0.0,0.0,0.0,0,0.0
YKL120W,0.0,0.0,0.0,0,0.0
YLR167W,0.0,0.0,0.0,1,0.0
YIL123W,0.0,0.0,0.0,0,0.0
YIR001C,0.0,0.0,0.0,0,0.0
YJL189W,0.0,0.0,0.0,0,0.0
YOL139C,1.8000000000000003,7.444444444444445,0.0,1,1.8000000000000003
YER169W,0.0,0.0,0.0,0,0.0
YPL071C,0.0,0.0,0.0,0,0.0
YER172C,0.0,0.0,0.0,1,0.0
YNL102W,0.6640022954582718,2.017857142857143,10.0,1,0.6640022954582718
YER178W,0.0,0.0,0.0,0,0.0
YKL124W,0.0,0.0,0.0,0,0.0
YGR085C,0.0,0.0,0.0,0,0.0
YJL125C,0.0,0.0,0.0,1,0.0
YLR044C,0.0,0.0,0.0,0,0.0
YLR067C,0.026040061633281972,3.333333333333333,2.25,0,0.026040061633281972
YLR134W,0.0,0.0,0.0,0,0.0
YNR016C,0.0,0.0,0.0,1,0.0
YER180C,0.0,0.0,0.0,0,0.0
YGL026C,0.0,0.0,0.0,0,0.0
YER186C,0.0,0.0,0.0,0,0.0
YFL002C,0.0,0.0,0.0,1,0.0
YJR082C,0.0,0.0,0.0,0,0.0
YFL002W-B,0.0,0.0,0.0,0,0.0
YFL003C,0.0,0.0,0.0,0,0.0
YNL272C,0.7359185071049478,5.2,10.958333333333334,1,0.7359185071049478
YFR031C,0.9564628354102038,2.5,11.222222222222223,1,0.9564628354102038
YIL026C,0.2388278388278388,0.0,3.0,1,0.2388278388278388
YOL115W,0.19047619047619047,0.0,5.833333333333333,0,0.19047619047619047
YOL133W,0.0,0.0,0.0,1,0.0
YFL011W,0.0,0.0,0.0,0,0.0
YJR045C,0.325,0.0,1.0,1,0.325
YKL189W,0.0,0.0,0.0,1,0.0
YFL018C,0.0,0.0,0.0,0,0.0
YJR051W,0.0,0.0,0.0,0,0.0
YFL020C,0.0,0.0,0.0,0,0.0
YFL021W,0.0,0.0,0.0,0,0.0
YGL011C,0.0,0.0,0.0,1,0.0
YFL022C,0.0,0.0,0.0,1,0.0
YGR169C,0.0,0.0,0.0,0,0.0
YLR243W,0.0,0.0,0.0,1,0.0
YFL026W,0.2833333333333333,2.0047619047619047,0.0,0,0.2833333333333333
YHR005C,0.7026315789473685,4.285714285714286,0.0,1,0.7026315789473685
YFL027C,0.0,0.0,0.0,0,0.0
YKL195W,0.0,0.0,0.0,1,0.0
YFL028C,0.0,0.0,0.0,0,0.0
YPR054W,0.0,0.0,0.0,0,0.0
YFL030W,0.0,0.0,0.0,0,0.0
YIL077C,0.0,0.0,0.0,0,0.0
YFL034C-B,0.0,0.0,0.0,1,0.0
YIR016W,0.0,0.0,0.0,0,0.0
YOL036W,0.0,0.0,0.0,0,0.0
YMR238W,0.0,0.0,0.0,0,0.0
YGR080W,0.369047619047619,2.375,4.5,0,0.369047619047619
YHR179W,0.0,0.0,0.0,0,0.0
YIL138C,0.0,0.0,0.0,0,0.0
YKL212W,0.0,0.0,0.0,0,0.0
YLL050C,0.369047619047619,2.796052631578948,1.0,1,0.369047619047619
YFL040W,0.0,0.0,0.0,0,0.0
YLR349W,0.0,0.0,0.0,0,0.0
YFL042C,0.0,0.0,0.0,0,0.0
YMR303C,0.0,0.0,0.0,0,0.0
YFL051C,0.0,0.0,0.0,0,0.0
YKL026C,0.0,0.0,0.0,0,0.0
YFL052W,0.0,0.0,0.0,0,0.0
YOR366W,0.0,0.0,0.0,0,0.0
YFL056C,0.0,0.0,0.0,0,0.0
YFL060C,0.375,3.5,0.0,0,0.375
YMR095C,1.0357142857142856,4.1,0.0,0,1.0357142857142856
YMR322C,1.0357142857142856,2.9,0.0,0,1.0357142857142856
YNL334C,0.26785714285714285,0.0,0.0,0,0.0
YMR096W,2.178571428571429,6.200000000000001,0.0,0,2.178571428571429
YFL061W,0.0,0.0,0.0,0,0.0
YFL065C,0.0,0.0,0.0,0,0.0
YLR415C,0.0,0.0,0.0,0,0.0
YFR002W,1.3365079365079366,17.25,9.125,1,1.3365079365079366
YMR129W,1.0357142857142856,6.571428571428571,4.0,0,1.0357142857142856
YFR003C,0.0,0.0,0.0,1,0.0
YOR147W,0.0,0.0,0.0,0,0.0
YFR004W,0.0,0.0,0.0,1,0.0
YOR261C,0.0,0.0,0.0,1,0.0
YFR007W,0.0,0.0,0.0,0,0.0
YBR056W,0.0,0.0,0.0,0,0.0
YFR008W,0.829093170511081,26.0,0.0,0,0.829093170511081
YLR395C,0.0,0.0,0.0,0,0.0
YMR029C,0.2361111111111111,2.5,0.0,0,0.2361111111111111
YFR009W,0.0,0.0,0.0,0,0.0
YGL195W,0.0,0.0,0.0,0,0.0
YFR011C,0.0,0.0,0.0,0,0.0
YNL113W,0.3333333333333333,1.1428571428571428,2.0,1,0.3333333333333333
YFR013W,0.0,0.0,0.0,0,0.0
YJL137C,0.45,2.0,0.0,0,0.45
YMR065W,0.2095238095238095,0.0,1.9444444444444444,0,0.2095238095238095
YFR033C,0.0,0.0,0.0,0,0.0
YOL001W,0.0,0.0,0.0,0,0.0
YIL126W,1.5357142857142856,0.0,2.0,1,1.5357142857142856
YMR091C,0.0,0.0,0.0,0,0.0
YFR039C,0.0,0.0,0.0,0,0.0
YFR042W,0.0,0.0,0.0,1,0.0
YNR025C,0.0,0.0,0.0,0,0.0
YLL046C,0.0,0.0,0.0,0,0.0
YFR049W,0.0,0.0,0.0,0,0.0
YOL062C,0.0,0.0,0.0,0,0.0
YOR049C,0.0,0.0,0.0,0,0.0
YJR133W,0.0,0.0,0.0,0,0.0
YGL001C,0.0,0.0,0.0,1,0.0
YGR060W,0.5833333333333333,2.05,2.0,1,0.5833333333333333
YGL003C,0.0,0.0,0.0,1,0.0
YGL010W,0.0,0.0,0.0,0,0.0
YGL014W,0.0,0.0,0.0,1,0.0
YNL231C,0.0,0.0,0.0,0,0.0
YGL015C,0.0,0.0,0.0,0,0.0
YGL016W,0.34285714285714286,2.25,4.0,0,0.34285714285714286
YGL018C,0.0,0.0,0.0,1,0.0
YOR061W,2.086111111111111,14.190873015873017,0.0,0,2.086111111111111
YMR023C,0.0,0.0,0.0,0,0.0
YGL024W,0.0,0.0,0.0,0,0.0
YOL130W,0.0,0.0,0.0,1,0.0
YBR235W,0.0,0.0,0.0,0,0.0
YGL020C,0.10966884753643669,9.910714285714285,8.833333333333332,0,0.10966884753643669
YMR214W,0.0,0.0,0.0,0,0.0
YGL029W,0.0,0.0,0.0,1,0.0
YGL030W,0.0,0.0,0.0,1,0.0
YGL032C,0.0,0.0,0.0,0,0.0
YGR257C,0.0,0.0,0.0,0,0.0
YPL025C,0.0,0.0,0.0,0,0.0
YGL038C,0.0,0.0,0.0,0,0.0
YJR132W,0.0,0.0,0.0,0,0.0
YDL218W,0.0,0.0,0.0,0,0.0
YDR538W,0.0,0.0,0.0,0,0.0
YGR004W,0.4583333333333333,0.0,2.9166666666666665,0,0.4583333333333333
YJR113C,0.0,0.0,0.0,0,0.0
YNL013C,0.0,0.0,0.0,0,0.0
YPL248C,0.0,0.0,0.0,0,0.0
YGL052W,0.0,0.0,0.0,0,0.0
YGL053W,0.0,0.0,0.0,0,0.0
YGL054C,0.0,0.0,0.0,0,0.0
YGL057C,0.0,0.0,0.0,0,0.0
YOL080C,0.0,0.0,0.0,0,0.0
YGL060W,0.0,0.0,0.0,0,0.0
YJL179W,0.0,0.0,0.0,0,0.0
YGL070C,0.046511627906976744,0.9,0.0,0,0.046511627906976744
YAR064W,0.0,0.0,0.0,0,0.0
YBR089W,0.0,0.0,0.0,1,0.0
YBR106W,0.0,0.0,0.0,1,0.0
YBR157C,0.0,0.0,0.0,0,0.0
YBR176W,0.16393416658309368,12.0,0.0,0,0.16393416658309368
YBR201W,0.0,0.0,0.0,0,0.0
YDL183C,0.0,0.0,0.0,0,0.0
YDL219W,0.0,0.0,0.0,0,0.0
YDR056C,0.0,0.0,0.0,0,0.0
YDR067C,0.0,0.0,0.0,0,0.0
YDR079W,0.0,0.0,0.0,0,0.0
YDR199W,0.0,0.0,0.0,0,0.0
YDR260C,0.1534090909090909,2.05,0.0,0,0.1534090909090909
YDR286C,0.0,0.0,0.0,0,0.0
YDR340W,0.0,0.0,0.0,0,0.0
YER109C,0.0,0.0,0.0,0,0.0
YER181C,0.0,0.0,0.0,0,0.0
YJL182C,0.0,0.0,0.0,0,0.0
YJR162C,0.0,0.0,0.0,0,0.0
YKL036C,0.0,0.0,0.0,1,0.0
YKL086W,0.0,0.0,0.0,0,0.0
YKL150W,0.0,0.0,0.0,0,0.0
YKL190W,1.4946256159024134,62.98730158730158,0.0,0,1.4946256159024134
YGL074C,0.0,0.0,0.0,1,0.0
YGL075C,0.0,0.0,0.0,1,0.0
YGL090W,0.0,0.0,0.0,0,0.0
YCR094W,0.0,0.0,0.0,0,0.0
YLR265C,0.0,0.0,0.0,0,0.0
YOR005C,0.0,0.0,0.0,0,0.0
YLR347C,0.8741640066879467,57.41407203907203,35.05555555555556,1,0.8741640066879467
YGL093W,0.0,0.0,0.0,1,0.0
YGL094C,0.0,0.0,0.0,0,0.0
YGL097W,0.2763157894736842,0.2857142857142857,9.333333333333334,1,0.2763157894736842
YIL063C,0.7142743221690591,10.0,28.333333333333332,1,0.7142743221690591
YOR204W,0.7499999999999999,1.2,0.0,1,0.7499999999999999
YOR364W,0.0,0.0,0.0,0,0.0
YGL098W,0.0,0.0,0.0,1,0.0
YGL102C,0.0,0.0,0.0,1,0.0
YHR194W,0.0,0.0,0.0,0,0.0
YGL105W,0.0,0.0,0.0,0,0.0
YGL245W,0.0,0.0,0.0,1,0.0
YGR264C,0.0,0.0,0.0,1,0.0
YGL106W,0.128060263653484,0.0,0.0,1,0.0
YDL087C,0.0,0.0,0.0,1,0.0
YNL016W,0.0,0.0,0.0,0,0.0
YGL113W,0.0,0.0,0.0,1,0.0
YPR194C,0.0,0.0,0.0,0,0.0
YML110C,0.0,0.0,0.0,0,0.0
YMR291W,0.0,0.0,0.0,0,0.0
YGL126W,0.0,0.0,0.0,0,0.0
YBL009W,0.0,0.0,0.0,0,0.0
YDL045C,0.0,0.0,0.0,1,0.0
YDR092W,0.0,0.0,0.0,0,0.0
YDR095C,0.0,0.0,0.0,0,0.0
YEL038W,0.0,0.0,0.0,0,0.0
YER184C,0.0,0.0,0.0,0,0.0
YFR026C,0.0,0.0,0.0,0,0.0
YGL157W,0.0,0.0,0.0,0,0.0
YHR130C,0.0,0.0,0.0,0,0.0
YIL025C,0.0,0.0,0.0,0,0.0
YIL031W,0.0,0.0,0.0,1,0.0
YIR017C,0.3336982669072221,2.2403846153846154,8.916666666666666,0,0.3336982669072221
YJL032W,0.0,0.0,0.0,1,0.0
YJR069C,0.0,0.0,0.0,0,0.0
YKL137W,0.0,0.0,0.0,0,0.0
YLR019W,0.0,0.0,0.0,0,0.0
YLR108C,0.06767125908916954,39.0,13.333333333333334,0,0.06767125908916954
YML133C,0.0,0.0,0.0,0,0.0
YNR010W,0.11282051282051282,2.083333333333333,2.0,0,0.11282051282051282
YNR028W,0.0,0.0,0.0,0,0.0
YOR162C,0.0,0.0,0.0,0,0.0
YOR289W,0.0,0.0,0.0,0,0.0
YOR377W,0.0,0.0,0.0,0,0.0
YPL064C,0.0,0.0,0.0,0,0.0
YPR168W,0.0,0.0,0.0,1,0.0
YPL228W,0.0,0.0,0.0,1,0.0
YGL132W,0.0,0.0,0.0,0,0.0
YAL022C,0.0,0.0,0.0,0,0.0
YGL139W,0.0,0.0,0.0,0,0.0
YOR010C,0.0,0.0,0.0,0,0.0
YNL258C,0.0,0.0,0.0,1,0.0
YPR105C,0.19651741293532338,6.959706959706959,3.2777777777777777,1,0.19651741293532338
YGL151W,0.0167457805907173,0.0,0.0,0,0.0
YOL105C,0.0,0.0,0.0,0,0.0
YGL154C,0.0,0.0,0.0,0,0.0
YGL254W,0.0,0.0,0.0,0,0.0
YGL155W,0.0,0.0,0.0,1,0.0
YGL156W,0.0,0.0,0.0,0,0.0
YNR064C,0.0,0.0,0.0,0,0.0
YGL158W,0.0,0.0,0.0,0,0.0
YGL166W,0.0,0.0,0.0,1,0.0
YLL028W,0.0,0.0,0.0,0,0.0
YML006C,0.0,0.0,0.0,0,0.0
YOR220W,0.0,0.0,0.0,0,0.0
YGL171W,0.0,0.0,0.0,1,0.0
YMR229C,0.0,0.0,0.0,1,0.0
YGL213C,0.07289002557544758,4.333333333333333,1.5,1,0.07289002557544758
YPR189W,0.07289002557544758,3.082706766917293,2.25,0,0.07289002557544758
YGL174W,0.2851309707241911,21.0,2.5,0,0.2851309707241911
YGL177W,0.0,0.0,0.0,0,0.0
YLR452C,0.125,10.0,0.0,0,0.125
YGL180W,0.0,0.0,0.0,1,0.0
YML112W,0.5833333333333333,3.5,1.9444444444444444,0,0.5833333333333333
YIL010W,0.0,0.0,0.0,0,0.0
YIL057C,0.0,0.0,0.0,0,0.0
YIL122W,0.0,0.0,0.0,0,0.0
YNR068C,0.0,0.0,0.0,0,0.0
YOR331C,0.0,0.0,0.0,0,0.0
YOR333C,0.2121212121212121,0.0,0.0,0,0.0
YPL013C,0.0,0.0,0.0,0,0.0
YPL156C,0.0,0.0,0.0,0,0.0
YPL188W,0.0,0.0,0.0,0,0.0
YGL183C,0.0,0.0,0.0,0,0.0
YGL189C,0.0,0.0,0.0,1,0.0
YLL027W,0.0,0.0,0.0,0,0.0
YGL190C,0.18382352941176472,0.5416666666666666,0.0,0,0.18382352941176472
YGL197W,0.0,0.0,0.0,0,0.0
YML012W,0.0,0.0,0.0,0,0.0
YGL202W,0.0,0.0,0.0,0,0.0
YGR241C,0.4713032581453634,0.0,1.0,0,0.4713032581453634
YLR170C,0.0,0.0,0.0,0,0.0
YHR164C,0.0,0.0,0.0,1,0.0
YML069W,0.3611111111111111,0.0,2.25,1,0.3611111111111111
YMR053C,0.0,0.0,0.0,0,0.0
YNL263C,0.1588235294117647,2.0,1.4583333333333333,1,0.1588235294117647
YOR292C,0.0,0.0,0.0,0,0.0
YHL022C,0.0,0.0,0.0,0,0.0
YGL214W,0.0,0.0,0.0,0,0.0
YGL215W,0.0,0.0,0.0,0,0.0
YBL031W,0.0,0.0,0.0,0,0.0
YGL152C,0.0,0.0,0.0,0,0.0
YGL221C,0.0,0.0,0.0,0,0.0
YGL225W,0.0,0.0,0.0,1,0.0
YGL226C-A,0.0,0.0,0.0,0,0.0
YJL178C,0.0,0.0,0.0,0,0.0
YJL211C,0.0,0.0,0.0,0,0.0
YOR062C,0.10775193798449613,3.633333333333333,0.0,0,0.10775193798449613
YPR040W,0.4444444444444444,10.0,0.0,1,0.4444444444444444
YOR161C,0.0,0.0,0.0,0,0.0
YPL179W,0.0,0.0,0.0,0,0.0
YGL238W,0.0,0.0,0.0,1,0.0
YGL242C,0.012389719984656693,2.023809523809524,0.0,0,0.012389719984656693
YKR099W,0.0,0.0,0.0,0,0.0
YHL020C,0.0,0.0,0.0,0,0.0
YHR215W,0.0,0.0,0.0,0,0.0
YJR020W,0.0,0.0,0.0,0,0.0
YGR003W,0.0,0.0,0.0,0,0.0
YLR297W,0.0,0.0,0.0,0,0.0
YMR183C,0.0,0.0,0.0,0,0.0
YGR010W,0.5402777777777777,4.5,9.833333333333332,0,0.5402777777777777
YLR438W,0.3666666666666667,2.0,4.5,0,0.3666666666666667
YGR013W,0.0,0.0,0.0,1,0.0
YIL009W,0.0,0.0,0.0,0,0.0
YGR016W,0.0,0.0,0.0,0,0.0
YGR017W,0.0,0.0,0.0,0,0.0
YLR403W,0.0,0.0,0.0,1,0.0
YGR023W,0.0,0.0,0.0,0,0.0
YLR460C,0.0,0.0,0.0,0,0.0
YGR024C,0.0,0.0,0.0,1,0.0
YKL090W,0.0,0.0,0.0,0,0.0
YPL110C,0.0,0.0,0.0,0,0.0
YGR026W,0.0,0.0,0.0,0,0.0
YGR032W,0.0,0.0,0.0,0,0.0
YJL034W,0.0,0.0,0.0,1,0.0
YGR035C,0.03306451612903226,2.033333333333333,0.0,0,0.03306451612903226
YOR031W,0.0,0.0,0.0,0,0.0
YOR118W,0.0,0.0,0.0,0,0.0
YGR041W,0.0,0.0,0.0,0,0.0
YPL251W,0.0,0.0,0.0,1,0.0
YGR045C,0.0,0.0,0.0,0,0.0
YOR271C,0.0,0.0,0.0,1,0.0
YGR046W,0.0,0.0,0.0,1,0.0
YHR039C-A,0.031584488506755576,2.0404040404040407,0.0,0,0.031584488506755576
YPL222W,0.0,0.0,0.0,0,0.0
YGR278W,0.0,0.0,0.0,1,0.0
YGR052W,0.0,0.0,0.0,0,0.0
YJL086C,0.0,0.0,0.0,1,0.0
YPL060W,0.0,0.0,0.0,0,0.0
YGR054W,0.04070107108081791,11.5,0.0,0,0.04070107108081791
YGR056W,0.0,0.0,0.0,0,0.0
YOR100C,0.0,0.0,0.0,0,0.0
YOR097C,0.0,0.0,0.0,0,0.0
YGR061C,0.0,0.0,0.0,0,0.0
YGR065C,0.0,0.0,0.0,1,0.0
YJL199C,0.12757795743276687,4.533333333333333,0.0,0,0.12757795743276687
YGR066C,0.0,0.0,0.0,0,0.0
YLR371W,0.7998723201068768,7.000000000000001,0.0,1,0.7998723201068768
YPL128C,0.0,0.0,0.0,1,0.0
YIL008W,0.4550006982373097,15.504761904761905,5.0,0,0.4550006982373097
YGR073C,0.0,0.0,0.0,1,0.0
YML119W,0.0,0.0,0.0,0,0.0
YKL183W,0.0,0.0,0.0,0,0.0
YKL188C,0.0,0.0,0.0,0,0.0
YLR440C,0.0,0.0,0.0,1,0.0
YDL170W,0.014021421616358325,2.083333333333333,0.0,0,0.014021421616358325
YDR144C,0.03743766781741465,2.023809523809524,0.0,0,0.03743766781741465
YEL039C,0.0,0.0,0.0,0,0.0
YEL052W,0.0,0.0,0.0,0,0.0
YGR112W,0.012389719984656693,2.023809523809524,0.0,0,0.012389719984656693
YHR114W,0.41476019045407037,33.43333333333333,15.5,0,0.41476019045407037
YMR172W,0.012658227848101266,0.0,0.0,0,0.0
YNL166C,0.04070107108081791,4.6000000000000005,0.0,0,0.04070107108081791
YOR313C,0.0,0.0,0.0,0,0.0
YPL165C,0.04016405535392877,3.619047619047619,0.0,0,0.04016405535392877
YGR079W,0.0,0.0,0.0,0,0.0
YNL081C,0.0,0.0,0.0,0,0.0
YGR082W,1.4702380952380951,6.433333333333333,4.0,1,1.4702380952380951
YMR203W,1.9107142857142856,15.999999999999998,5.0,1,1.9107142857142856
YNL070W,1.75,9.266666666666666,5.0,0,1.75
YNL121C,0.8690476190476191,5.233333333333333,3.0,0,0.8690476190476191
YNL131W,0.8690476190476191,5.4,3.0,1,0.8690476190476191
YGR251W,0.0,0.0,0.0,1,0.0
YGR089W,0.2402562631478294,2.05,12.416666666666668,0,0.2402562631478294
YHL010C,0.0,0.0,0.0,0,0.0
YLR086W,0.21025641025641023,1.0,2.0,1,0.21025641025641023
YKL116C,0.0,0.0,0.0,0,0.0
YGR101W,0.0,0.0,0.0,0,0.0
YJL213W,0.0,0.0,0.0,0,0.0
YER002W,0.09347826086956522,2.6666666666666665,2.0,0,0.09347826086956522
YFR001W,0.0,0.0,0.0,0,0.0
YGL111W,0.09347826086956522,2.6666666666666665,2.0,1,0.09347826086956522
YHR088W,0.09347826086956522,1.3333333333333333,2.0,1,0.09347826086956522
YKL172W,0.09347826086956522,0.0,2.0,1,0.09347826086956522
YLL008W,0.09347826086956522,1.3333333333333333,2.0,1,0.09347826086956522
YLR009W,0.0,0.0,0.0,1,0.0
YNL110C,0.0,0.0,0.0,1,0.0
YOL077C,0.09347826086956522,1.1428571428571428,2.0,1,0.09347826086956522
YOR272W,0.09347826086956522,0.0,2.0,1,0.09347826086956522
YFR018C,0.0,0.0,0.0,0,0.0
YJL064W,0.0,0.0,0.0,0,0.0
YLR329W,0.0,0.0,0.0,0,0.0
YPR045C,0.0,0.0,0.0,0,0.0
YGR115C,0.0,0.0,0.0,1,0.0
YKL180W,0.0,0.0,0.0,1,0.0
YPR083W,0.07200929152148663,3.333333333333333,0.0,0,0.07200929152148663
YOR353C,0.0,0.0,0.0,1,0.0
YGR121C,0.13636363636363635,0.0,4.0,0,0.13636363636363635
YGR122W,0.0,0.0,0.0,0,0.0
YGL138C,0.0,0.0,0.0,0,0.0
YMR021C,0.012389719984656693,1.4,0.0,0,0.012389719984656693
YGR141W,0.0,0.0,0.0,0,0.0
YMR265C,0.0,0.0,0.0,0,0.0
YGR142W,0.0,0.0,0.0,0,0.0
YNL141W,0.0,0.0,0.0,0,0.0
YGR143W,0.0,0.0,0.0,0,0.0
YGR144W,0.03635620915032679,1.4285714285714286,2.0,0,0.03635620915032679
YGR145W,0.0,0.0,0.0,1,0.0
YGR149W,0.0,0.0,0.0,0,0.0
YGR151C,0.0,0.0,0.0,0,0.0
YDR413C,0.0,0.0,0.0,1,0.0
YGR153W,0.0,0.0,0.0,0,0.0
YNL053W,0.0,0.0,0.0,0,0.0
YGR165W,0.0,0.0,0.0,0,0.0
YPL265W,0.0,0.0,0.0,0,0.0
YGL219C,0.0,0.0,0.0,0,0.0
YKL139W,0.5,2.2666666666666666,1.9444444444444444,1,0.5
YGR168C,0.0,0.0,0.0,0,0.0
YDR515W,0.0,0.0,0.0,0,0.0
YIL162W,0.0,0.0,0.0,0,0.0
YMR319C,0.0,0.0,0.0,0,0.0
YGR177C,0.0,0.0,0.0,0,0.0
YHR121W,0.0,0.0,0.0,0,0.0
YJL035C,0.0,0.0,0.0,1,0.0
YJL026W,0.0,0.0,0.0,1,0.0
YGR185C,0.0,0.0,0.0,1,0.0
YGR191W,0.5095238095238095,0.0,12.0,1,0.5095238095238095
YLR283W,0.0,0.0,0.0,0,0.0
YGR193C,0.0,0.0,0.0,0,0.0
YGR196C,0.0,0.0,0.0,0,0.0
YGR253C,0.0,0.0,0.0,1,0.0
YGR199W,0.0,0.0,0.0,0,0.0
YGR208W,0.0,0.0,0.0,0,0.0
YKL177W,0.09250764525993883,2.321428571428571,0.0,0,0.09250764525993883
YGR209C,0.0,0.0,0.0,0,0.0
YPL020C,0.0,0.0,0.0,1,0.0
YGR211W,0.0,0.0,0.0,1,0.0
YGR213C,0.0,0.0,0.0,0,0.0
YDR102C,0.0,0.0,0.0,0,0.0
YFL068W,0.0,0.0,0.0,0,0.0
YJR134C,0.0,0.0,0.0,0,0.0
YLR436C,0.0,0.0,0.0,0,0.0
YML120C,0.0,0.0,0.0,0,0.0
YNL164C,0.0,0.0,0.0,0,0.0
YOR177C,0.0,0.0,0.0,0,0.0
YOR184W,0.0,0.0,0.0,0,0.0
YPL056C,0.0,0.0,0.0,0,0.0
YNR045W,0.0,0.0,0.0,0,0.0
YGR223C,0.0,0.0,0.0,0,0.0
YGR227W,0.0,0.0,0.0,0,0.0
YOL009C,0.0,0.0,0.0,0,0.0
YBR166C,0.0,0.0,0.0,0,0.0
YFR032C-A,0.0,0.0,0.0,0,0.0
YGR217W,0.0,0.0,0.0,0,0.0
YJL188C,0.03136792452830189,0.0,0.0,0,0.0
YLR332W,0.9144480519480519,4.5,23.511111111111113,0,0.9144480519480519
YLR358C,0.0,0.0,0.0,0,0.0
YML117W,0.03136792452830189,0.0,16.25,0,0.03136792452830189
YMR205C,0.0,0.0,0.0,0,0.0
YOL003C,0.0,0.0,0.0,0,0.0
YOR030W,0.0,0.0,0.0,0,0.0
YOR275C,0.4081802497019888,22.8,4.5,0,0.4081802497019888
YPL077C,0.0,0.0,0.0,0,0.0
YGR236C,0.0,0.0,0.0,0,0.0
YMR267W,0.0,0.0,0.0,0,0.0
YOR389W,0.0,0.0,0.0,0,0.0
YGR240C,0.0,0.0,0.0,0,0.0
YMR223W,0.0,0.0,0.0,0,0.0
YGR242W,0.0,0.0,0.0,0,0.0
YGR247W,0.0,0.0,0.0,0,0.0
YPL203W,0.7333333333333334,4.304545454545455,0.0,1,0.7333333333333334
YGR250C,0.0,0.0,0.0,0,0.0
YOR225W,0.0,0.0,0.0,0,0.0
YGR254W,0.0,0.0,0.0,0,0.0
YGR263C,0.0,0.0,0.0,0,0.0
YNL066W,0.0,0.0,0.0,0,0.0
YGR271W,0.0,0.0,0.0,0,0.0
YGR276C,0.0,0.0,0.0,0,0.0
YNR015W,0.0,0.0,0.0,0,0.0
YGR280C,0.0,0.0,0.0,1,0.0
YMR102C,0.0,0.0,0.0,0,0.0
YGR283C,0.0,0.0,0.0,0,0.0
YGR284C,0.0,0.0,0.0,0,0.0
YGR285C,0.0,0.0,0.0,0,0.0
YJL172W,0.0,0.0,0.0,0,0.0
YGR289C,0.0,0.0,0.0,0,0.0
YLR054C,0.0,0.0,0.0,0,0.0
YGR294W,0.0,0.0,0.0,1,0.0
YHL018W,0.07993730407523511,2.033333333333333,0.0,0,0.07993730407523511
YHL001W,0.0,0.0,0.0,0,0.0
YAR009C,0.0,0.0,0.0,0,0.0
YBR279W,0.0,0.0,0.0,0,0.0
YCL008C,0.0,0.0,0.0,0,0.0
YIL156W,0.33620576671035385,0.0,11.333333333333334,0,0.33620576671035385
YNL239W,0.0,0.0,0.0,0,0.0
YNR005C,0.0,0.0,0.0,0,0.0
YHL003C,0.6666666666666666,0.8333333333333334,2.0,0,0.6666666666666666
YKL008C,0.6666666666666666,2.033333333333333,2.0,0,0.6666666666666666
YLR046C,0.0,0.0,0.0,0,0.0
YNL021W,0.4,2.023809523809524,2.0,0,0.4
YLR353W,0.34108527131782945,1.6666666666666667,5.416666666666666,0,0.34108527131782945
YHL009C,0.0,0.0,0.0,0,0.0
YHL015W,0.0,0.0,0.0,1,0.0
YLL031C,0.0,0.0,0.0,1,0.0
YHL019C,0.41666666666666663,2.3,7.583333333333333,0,0.41666666666666663
YFR045W,0.0,0.0,0.0,0,0.0
YKL135C,0.5069444444444444,5.25,5.416666666666666,0,0.5069444444444444
YOR107W,0.0,0.0,0.0,0,0.0
YHL025W,0.0,0.0,0.0,0,0.0
YHL026C,0.0,0.0,0.0,0,0.0
YJL056C,0.0,0.0,0.0,0,0.0
YHL034C,0.0,0.0,0.0,0,0.0
YHL036W,0.0,0.0,0.0,0,0.0
YPR163C,0.0,0.0,0.0,0,0.0
YKR006C,0.0,0.0,0.0,0,0.0
YHL046C,0.0,0.0,0.0,0,0.0
YJR042W,0.0,0.0,0.0,1,0.0
YJL080C,0.0,0.0,0.0,0,0.0
YMR056C,0.0,0.0,0.0,0,0.0
YHR007C,0.31433112936619245,13.266666666666666,17.333333333333332,1,0.31433112936619245
YBR121C,0.025974025974025976,2.25,6.65,1,0.025974025974025976
YHR045W,0.0,0.0,0.0,0,0.0
YML013W,0.0,0.0,0.0,0,0.0
YMR264W,0.0,0.0,0.0,0,0.0
YHR009C,0.0,0.0,0.0,1,0.0
YHR011W,0.0,0.0,0.0,0,0.0
YHR014W,0.0,0.0,0.0,1,0.0
YHR185C,0.0,0.0,0.0,0,0.0
YHR015W,0.0,0.0,0.0,0,0.0
YPL169C,0.10775193798449613,2.128571428571429,2.6666666666666665,1,0.10775193798449613
YHR019C,0.0,0.0,0.0,1,0.0
YHR021C,0.0,0.0,0.0,0,0.0
YIL028W,0.0,0.0,0.0,0,0.0
YPR188C,0.0,0.0,0.0,0,0.0
YBR078W,0.0,0.0,0.0,0,0.0
YGL045W,0.0,0.0,0.0,0,0.0
YIL113W,0.0,0.0,0.0,0,0.0
YKL037W,0.19132316958403917,2.5,0.0,1,0.19132316958403917
YLR346C,0.0,0.0,0.0,0,0.0
YPL140C,0.0,0.0,0.0,0,0.0
YPL158C,0.0,0.0,0.0,0,0.0
YDR075W,0.0,0.0,0.0,0,0.0
YJL047C,0.10032679738562092,3.571428571428572,0.0,0,0.10032679738562092
YHR035W,0.0,0.0,0.0,0,0.0
YLL013C,0.0,0.0,0.0,0,0.0
YHR036W,0.0,0.0,0.0,1,0.0
YHR038W,0.0,0.0,0.0,0,0.0
YHR040W,0.0,0.0,0.0,1,0.0
YBR179C,0.0,0.0,0.0,0,0.0
YJL015C,0.0,0.0,0.0,1,0.0
YLR164W,0.0,0.0,0.0,0,0.0
YLR309C,0.057971775546874466,0.0,0.0,0,0.0
YLR344W,0.0,0.0,0.0,0,0.0
YOR073W,0.0,0.0,0.0,0,0.0
YPR203W,0.0,0.0,0.0,0,0.0
YHR043C,0.0,0.0,0.0,0,0.0
YHR050W,0.0,0.0,0.0,0,0.0
YKR089C,0.0,0.0,0.0,0,0.0
YHR056C,0.0,0.0,0.0,0,0.0
YFL067W,0.0,0.0,0.0,0,0.0
YLL018C,0.0,0.0,0.0,1,0.0
YHR057C,0.0,0.0,0.0,0,0.0
YJR091C,0.16140350877192988,28.32121212121212,0.0,0,0.16140350877192988
YKR034W,0.4,3.833333333333333,2.0,0,0.4
YOR270C,0.41025641025641024,2.0,0.0,0,0.41025641025641024
YPL019C,0.0,0.0,0.0,0,0.0
YHR063C,0.0,0.0,0.0,0,0.0
YHR065C,0.0,0.0,0.0,1,0.0
YHR066W,1.4021739130434787,21.174783549783548,17.583333333333332,0,1.4021739130434787
YKR081C,0.0,0.0,0.0,1,0.0
YLR276C,0.0,0.0,0.0,1,0.0
YHR068W,0.1736111111111111,2.9,0.0,1,0.1736111111111111
YJL050W,0.0,0.0,0.0,1,0.0
YHR070W,0.0,0.0,0.0,1,0.0
YHR071W,0.0,0.0,0.0,0,0.0
YHR073W,0.0,0.0,0.0,0,0.0
YHR075C,0.0,0.0,0.0,0,0.0
YKL073W,0.0,0.0,0.0,0,0.0
YNL092W,0.08411165528500149,4.0,0.0,0,0.08411165528500149
YHR090C,0.0,0.0,0.0,0,0.0
YHR091C,0.0,0.0,0.0,0,0.0
YOL088C,0.0,0.0,0.0,0,0.0
YHR096C,0.0,0.0,0.0,0,0.0
YHR098C,0.0,0.0,0.0,1,0.0
YJR048W,0.0,0.0,0.0,0,0.0
YHR102W,0.0,0.0,0.0,1,0.0
YLR365W,0.0,0.0,0.0,0,0.0
YOR257W,0.0,0.0,0.0,1,0.0
YHR106W,0.0,0.0,0.0,0,0.0
YOR156C,0.4277777777777778,10.392156862745098,4.0,0,0.4277777777777778
YHR109W,0.0,0.0,0.0,0,0.0
YBL109W,0.0,0.0,0.0,0,0.0
YDL037C,0.0,0.0,0.0,0,0.0
YDL172C,0.0,0.0,0.0,0,0.0
YDR319C,0.0,0.0,0.0,0,0.0
YER117W,0.0,0.0,0.0,0,0.0
YFL012W,0.20917431192660552,2.023809523809524,0.0,0,0.20917431192660552
YFR027W,0.0,0.0,0.0,1,0.0
YGL037C,0.03635620915032679,1.1111111111111112,2.0,0,0.03635620915032679
YGL222C,0.0,0.0,0.0,0,0.0
YGR031W,0.0,0.0,0.0,0,0.0
YGR110W,0.0,0.0,0.0,0,0.0
YGR215W,0.0,0.0,0.0,0,0.0
YHR133C,0.05679335954565312,2.666666666666667,0.0,0,0.05679335954565312
YIR021W,0.0,0.0,0.0,0,0.0
YJL012C,0.0,0.0,0.0,1,0.0
YJL180C,0.0,0.0,0.0,0,0.0
YKL129C,2.0191522529573596,3.841269841269841,73.66666666666667,0,2.0191522529573596
YKL157W,0.0,0.0,0.0,0,0.0
YKL175W,0.0,0.0,0.0,0,0.0
YKR032W,0.0,0.0,0.0,0,0.0
YLL054C,0.0,0.0,0.0,0,0.0
YLR112W,0.0,0.0,0.0,0,0.0
YLR136C,0.0,0.0,0.0,0,0.0
YLR461W,0.0,0.0,0.0,0,0.0
YML092C,0.23877024509562572,6.000000000000001,13.375,1,0.23877024509562572
YML121W,0.42045454545454547,2.6875,4.916666666666666,0,0.42045454545454547
YML131W,0.0,0.0,0.0,0,0.0
YNR035C,0.0,0.0,0.0,1,0.0
YOL002C,0.0,0.0,0.0,0,0.0
YOR059C,0.0,0.0,0.0,0,0.0
YOR175C,0.0,0.0,0.0,0,0.0
YPL111W,0.41914163218804346,8.166666666666668,0.0,0,0.41914163218804346
YPR094W,0.0,0.0,0.0,1,0.0
YLR215C,0.0,0.0,0.0,1,0.0
YOR215C,0.0,0.0,0.0,0,0.0
YHR117W,0.0,0.0,0.0,0,0.0
YHR123W,0.13636363636363635,0.0,2.0,0,0.13636363636363635
YHR128W,0.0,0.0,0.0,1,0.0
YNL005C,0.0,0.0,0.0,0,0.0
YHR132C,0.0,0.0,0.0,0,0.0
YMR152W,0.0,0.0,0.0,0,0.0
YKL127W,0.0,0.0,0.0,0,0.0
YKR082W,0.0,0.0,0.0,0,0.0
YHR143W-A,0.0,0.0,0.0,1,0.0
YHR147C,0.0,0.0,0.0,0,0.0
YHR149C,0.19548872180451127,3.1666666666666665,0.0,0,0.19548872180451127
YNL193W,0.0,0.0,0.0,0,0.0
YJL168C,2.7509702972264654,56.65396825396826,78.16666666666667,0,2.7509702972264654
YLR016C,0.0,0.0,0.0,0,0.0
YLR132C,0.0,0.0,0.0,1,0.0
YPR118W,0.0,0.0,0.0,0,0.0
YHR156C,0.0,0.0,0.0,0,0.0
YJR010W,0.0,0.0,0.0,0,0.0
YHR163W,0.0,0.0,0.0,0,0.0
YDR287W,0.0,0.0,0.0,0,0.0
YKL173W,0.0,0.0,0.0,1,0.0
YLR451W,0.0,0.0,0.0,0,0.0
YER147C,0.0,0.0,0.0,1,0.0
YHR169W,0.0,0.0,0.0,1,0.0
YKL075C,0.0,0.0,0.0,0,0.0
YLR075W,0.0,0.0,0.0,1,0.0
YHR174W,0.0,0.0,0.0,0,0.0
YIL091C,0.0,0.0,0.0,1,0.0
YPR053C,0.0,0.0,0.0,0,0.0
YJR007W,0.0,0.0,0.0,1,0.0
YNL252C,0.0,0.0,0.0,0,0.0
YOR171C,0.0,0.0,0.0,0,0.0
YOR351C,0.7,1.0,0.0,0,0.7
YHR180W,0.0,0.0,0.0,0,0.0
YHR181W,0.0,0.0,0.0,0,0.0
YER014C-A,0.0,0.0,0.0,0,0.0
YMR282C,0.0,0.0,0.0,0,0.0
YLR185W,0.0,0.0,0.0,0,0.0
YPL204W,0.0,0.0,0.0,1,0.0
YHR186C,1.0222222222222221,0.0,3.0,1,1.0222222222222221
YHR187W,0.0,0.0,0.0,0,0.0
YJR015W,0.0,0.0,0.0,0,0.0
YHR190W,0.0,0.0,0.0,1,0.0
YLR032W,0.4416593125198924,22.875,2.5,0,0.4416593125198924
YML062C,0.0,0.0,0.0,0,0.0
YHR198C,0.0,0.0,0.0,0,0.0
YHR201C,0.0,0.0,0.0,0,0.0
YPR056W,0.0,0.0,0.0,1,0.0
YPL258C,0.0,0.0,0.0,0,0.0
YHR209W,0.0,0.0,0.0,0,0.0
YHR216W,0.03635620915032679,2.0,6.0,0,0.03635620915032679
YIL001W,0.0,0.0,0.0,0,0.0
YIL002C,0.41666666666666663,1.75,2.0,0,0.41666666666666663
YOR109W,0.41666666666666663,0.5714285714285714,2.0,0,0.41666666666666663
YIL011W,0.0,0.0,0.0,0,0.0
YMR201C,0.0,0.0,0.0,0,0.0
YIL016W,0.0,0.0,0.0,0,0.0
YMR222C,0.0,0.0,0.0,0,0.0
YOL005C,0.0,0.0,0.0,1,0.0
YNR017W,0.0,0.0,0.0,1,0.0
YIL023C,0.0,0.0,0.0,0,0.0
YMR104C,0.0,0.0,0.0,0,0.0
YOR352W,0.0,0.0,0.0,0,0.0
YMR313C,0.0,0.0,0.0,0,0.0
YIL030C,0.0,0.0,0.0,0,0.0
YLR139C,0.0,0.0,0.0,0,0.0
YKL166C,0.3666666666666667,2.5454545454545454,0.0,1,0.3666666666666667
YBR096W,0.0,0.0,0.0,0,0.0
YBR173C,0.05982142857142857,2.333333333333333,0.0,0,0.05982142857142857
YBR277C,0.0,0.0,0.0,0,0.0
YBR291C,0.0,0.0,0.0,0,0.0
YCL035C,0.0,0.0,0.0,0,0.0
YIL039W,0.0,0.0,0.0,0,0.0
YDR453C,0.0,0.0,0.0,0,0.0
YJR131W,0.0,0.0,0.0,0,0.0
YNL103W,0.19166666666666665,0.0,5.833333333333333,1,0.19166666666666665
YNL182C,0.0,0.0,0.0,1,0.0
YIL047C,0.0,0.0,0.0,0,0.0
YIL049W,0.0,0.0,0.0,0,0.0
YIL050W,0.0,0.0,0.0,0,0.0
YIL053W,0.0,0.0,0.0,0,0.0
YIL054W,0.0,0.0,0.0,0,0.0
YLR017W,0.0,0.0,0.0,0,0.0
YLR213C,0.0,0.0,0.0,0,0.0
YLR439W,0.0,0.0,0.0,0,0.0
YMR044W,0.0,0.0,0.0,0,0.0
YOR346W,0.0,0.0,0.0,0,0.0
YIL062C,0.7,0.0,2.0,1,0.7
YIL064W,0.0,0.0,0.0,0,0.0
YIL065C,0.0,0.0,0.0,0,0.0
YIL068C,0.3333333333333333,0.0,0.0,1,0.0
YML054C,0.0,0.0,0.0,0,0.0
YIL072W,0.7,1.0,0.0,0,0.7
YLR056W,0.0,0.0,0.0,0,0.0
YIL082W,0.0,0.0,0.0,0,0.0
YIL092W,0.0,0.0,0.0,0,0.0
YHR074W,0.0,0.0,0.0,1,0.0
YNR040W,0.0,0.0,0.0,0,0.0
YIL097W,0.0,0.0,0.0,0,0.0
YIL098C,0.0,0.0,0.0,0,0.0
YIL103W,0.0,0.0,0.0,0,0.0
YKL191W,0.0,0.0,0.0,0,0.0
YNL326C,0.0,0.0,0.0,0,0.0
YMR068W,0.478968253968254,6.5,4.0,0,0.478968253968254
YPL059W,0.26785714285714285,1.5555555555555556,6.0,0,0.26785714285714285
YNL161W,0.0,0.0,0.0,1,0.0
YIL108W,0.0,0.0,0.0,0,0.0
YOR032C,0.0,0.0,0.0,0,0.0
YIL111W,0.0,0.0,0.0,0,0.0
YLL019C,0.0,0.0,0.0,0,0.0
YIL117C,0.0,0.0,0.0,0,0.0
YHR087W,0.0,0.0,0.0,0,0.0
YIL130W,0.0,0.0,0.0,0,0.0
YLR322W,0.0,0.0,0.0,0,0.0
YIL134W,0.0,0.0,0.0,0,0.0
YIL139C,0.0,0.0,0.0,0,0.0
YIL143C,0.0,0.0,0.0,1,0.0
YPL260W,0.0,0.0,0.0,0,0.0
YIL153W,0.0,0.0,0.0,0,0.0
YOL044W,0.0,0.0,0.0,0,0.0
YIL154C,0.03744369369369369,6.0,0.0,0,0.03744369369369369
YIL158W,0.0,0.0,0.0,0,0.0
YIL163C,0.0,0.0,0.0,0,0.0
YNR074C,0.0,0.0,0.0,0,0.0
YIL173W,0.0,0.0,0.0,0,0.0
YMR057C,0.0,0.0,0.0,0,0.0
YOL101C,0.0,0.0,0.0,0,0.0
YOR105W,0.0,0.0,0.0,0,0.0
YIR008C,0.054972513743128434,2.0,0.0,1,0.054972513743128434
YKL045W,0.0,0.0,0.0,1,0.0
YNL036W,0.0,0.0,0.0,1,0.0
YOR011W,0.0,0.0,0.0,0,0.0
YIR011C,0.0,0.0,0.0,1,0.0
YIR012W,0.0,0.0,0.0,1,0.0
YIR022W,0.0,0.0,0.0,1,0.0
YJR010C-A,0.0,0.0,0.0,0,0.0
YIR025W,0.5068181818181818,2.8,0.0,0,0.5068181818181818
YIR033W,0.0,0.0,0.0,0,0.0
YKL020C,0.0,0.0,0.0,0,0.0
YIR037W,0.0,0.0,0.0,0,0.0
YLL060C,0.0,0.0,0.0,0,0.0
YIR040C,0.0,0.0,0.0,0,0.0
YJL006C,0.5833333333333333,2.433333333333333,3.0,0,0.5833333333333333
YJL010C,0.0,0.0,0.0,1,0.0
YJL011C,0.0,0.0,0.0,1,0.0
YDR045C,0.0,0.0,0.0,1,0.0
YNL151C,0.6666666666666666,1.0,4.5,1,0.6666666666666666
YJL019W,0.0,0.0,0.0,1,0.0
YDL129W,0.0,0.0,0.0,0,0.0
YOR081C,0.0,0.0,0.0,0,0.0
YPR176C,0.0,0.0,0.0,1,0.0
YJL048C,0.0,0.0,0.0,0,0.0
YJL057C,0.375,2.6095238095238096,0.0,0,0.375
YBL104C,0.0,0.0,0.0,0,0.0
YBR076W,0.0,0.0,0.0,0,0.0
YGL147C,0.0,0.0,0.0,0,0.0
YPL080C,0.0,0.0,0.0,0,0.0
YJL063C,0.0,0.0,0.0,0,0.0
YHL024W,0.0,0.0,0.0,0,0.0
YJL143W,0.0,0.0,0.0,1,0.0
YNR029C,0.0,0.0,0.0,0,0.0
YJL070C,0.0,0.0,0.0,0,0.0
YBL100C,0.0,0.0,0.0,0,0.0
YDR250C,0.0,0.0,0.0,0,0.0
YDR374C,0.0,0.0,0.0,0,0.0
YDR504C,0.0,0.0,0.0,0,0.0
YGL259W,0.0,0.0,0.0,0,0.0
YJL072C,0.0,0.0,0.0,1,0.0
YJL075C,0.0,0.0,0.0,0,0.0
YJL078C,0.0,0.0,0.0,0,0.0
YJL081C,0.0,0.0,0.0,1,0.0
YKL108W,0.0,0.0,0.0,1,0.0
YNL262W,0.0,0.0,0.0,1,0.0
YJL091C,0.0,0.0,0.0,1,0.0
YER087C-A,0.0,0.0,0.0,0,0.0
YOL075C,0.0,0.0,0.0,0,0.0
YJL102W,0.0,0.0,0.0,0,0.0
YIR013C,0.0,0.0,0.0,0,0.0
YJL112W,0.0,0.0,0.0,0,0.0
YAL019W,0.0,0.0,0.0,0,0.0
YBR214W,0.0,0.0,0.0,0,0.0
YIL042C,0.0,0.0,0.0,0,0.0
YLR003C,0.0,0.0,0.0,0,0.0
YMR250W,0.0,0.0,0.0,0,0.0
YNL032W,0.45,0.1666666666666666,2.0,0,0.45
YNL163C,0.0,0.0,0.0,1,0.0
YNL276C,0.0,0.0,0.0,0,0.0
YNL062C,0.0,0.0,0.0,1,0.0
YJL131C,0.0,0.0,0.0,0,0.0
YJL134W,0.0,0.0,0.0,0,0.0
YMR212C,0.0,0.0,0.0,1,0.0
YJL141C,0.0,0.0,0.0,0,0.0
YJL153C,0.0,0.0,0.0,0,0.0
YJL156C,0.0,0.0,0.0,1,0.0
YJL164C,0.3666666666666667,2.8,0.0,1,0.3666666666666667
YPR014C,0.0,0.0,0.0,0,0.0
YJR011C,0.0,0.0,0.0,0,0.0
YOR380W,0.0,0.0,0.0,0,0.0
YJL184W,0.0,0.0,0.0,1,0.0
YCR098C,0.0,0.0,0.0,0,0.0
YLR198C,0.0,0.0,0.0,1,0.0
YJL200C,0.0,0.0,0.0,0,0.0
YJL202C,0.0,0.0,0.0,1,0.0
YKR090W,0.0,0.0,0.0,0,0.0
YMR285C,0.0,0.0,0.0,0,0.0
YOL136C,0.0,0.0,0.0,0,0.0
YKL222C,0.0,0.0,0.0,0,0.0
YJL212C,0.0,0.0,0.0,0,0.0
YJR004C,0.0,0.0,0.0,0,0.0
YJR008W,0.0,0.0,0.0,0,0.0
YJR009C,0.0,0.0,0.0,0,0.0
YML053C,0.0,0.0,0.0,0,0.0
YDR127W,0.0,0.0,0.0,0,0.0
YDR135C,0.0,0.0,0.0,0,0.0
YKR021W,0.0,0.0,0.0,0,0.0
YKR104W,0.0,0.0,0.0,0,0.0
YLL015W,0.0,0.0,0.0,0,0.0
YLR133W,0.0,0.0,0.0,0,0.0
YLR143W,0.0,0.0,0.0,0,0.0
YLR430W,0.0,0.0,0.0,1,0.0
YNL050C,0.0,0.0,0.0,0,0.0
YNL242W,0.0,0.0,0.0,0,0.0
YNR050C,0.0,0.0,0.0,0,0.0
YOL031C,0.0,0.0,0.0,0,0.0
YOL140W,0.0,0.0,0.0,0,0.0
YJR025C,0.0,0.0,0.0,0,0.0
YJR030C,0.0,0.0,0.0,0,0.0
YGL042C,0.0,0.0,0.0,0,0.0
YJL158C,0.0,0.0,0.0,0,0.0
YJR034W,0.0,0.0,0.0,0,0.0
YJR037W,0.20694444444444446,0.0,0.0,0,0.0
YJR055W,0.0,0.0,0.0,0,0.0
YJR057W,0.5672492401215805,7.920634920634921,0.0,1,0.5672492401215805
YDR458C,0.0,0.0,0.0,0,0.0
YKL098W,0.0,0.0,0.0,0,0.0
YKL114C,0.0,0.0,0.0,0,0.0
YNL241C,0.0,0.0,0.0,1,0.0
YNL299W,0.0,0.0,0.0,0,0.0
YJR058C,0.0,0.0,0.0,0,0.0
YKL049C,0.0,0.0,0.0,1,0.0
YNL232W,0.0,0.0,0.0,1,0.0
YAL045C,0.0,0.0,0.0,0,0.0
YAR047C,0.0,0.0,0.0,0,0.0
YBR116C,0.0,0.0,0.0,0,0.0
YBR219C,0.0,0.0,0.0,0,0.0
YBR220C,0.0,0.0,0.0,0,0.0
YDR178W,0.0,0.0,0.0,0,0.0
YDR196C,0.0,0.0,0.0,1,0.0
YLR406C,0.0,0.0,0.0,0,0.0
YGL107C,0.0,0.0,0.0,0,0.0
YMR269W,0.0,0.0,0.0,0,0.0
YJR072C,0.0,0.0,0.0,1,0.0
YOR262W,0.0,0.0,0.0,1,0.0
YJR074W,0.0,0.0,0.0,0,0.0
YOR185C,0.0,0.0,0.0,0,0.0
YBR181C,0.0,0.0,0.0,0,0.0
YJR084W,0.0,0.0,0.0,0,0.0
YLR061W,0.0,0.0,0.0,0,0.0
YLR295C,0.1129032258064516,15.716666666666663,13.25,0,0.1129032258064516
YPL172C,0.0,0.0,0.0,0,0.0
YOR084W,0.0,0.0,0.0,0,0.0
YBR120C,0.023009758602978943,2.4,4.5,0,0.023009758602978943
YDR066C,0.0,0.0,0.0,0,0.0
YJR001W,0.0,0.0,0.0,0,0.0
YPR096C,0.0,0.0,0.0,0,0.0
YAR061W,0.0,0.0,0.0,0,0.0
YPR158W-B,0.0,0.0,0.0,0,0.0
YAL012W,0.0,0.0,0.0,1,0.0
YAL066W,0.0,0.0,0.0,0,0.0
YAR002C-A,0.0,0.0,0.0,0,0.0
YBL094C,0.0,0.0,0.0,0,0.0
YBR161W,0.0,0.0,0.0,0,0.0
YBR271W,0.0,0.0,0.0,0,0.0
YBR293W,0.0,0.0,0.0,0,0.0
YCL005W,0.0,0.0,0.0,0,0.0
YCL045C,0.0,0.0,0.0,0,0.0
YCL050C,0.0,0.0,0.0,0,0.0
YCL074W,0.0,0.0,0.0,0,0.0
YDL075W,0.0,0.0,0.0,0,0.0
YDL125C,0.0,0.0,0.0,0,0.0
YDR008C,0.0,0.0,0.0,0,0.0
YDR010C,0.0,0.0,0.0,0,0.0
YDR031W,0.0,0.0,0.0,0,0.0
YDR134C,0.0,0.0,0.0,0,0.0
YDR175C,0.0,0.0,0.0,0,0.0
YDR193W,0.0,0.0,0.0,0,0.0
YDR361C,0.0,0.0,0.0,1,0.0
YDR500C,0.0,0.0,0.0,0,0.0
YDR526C,0.0,0.0,0.0,1,0.0
YDR527W,0.0,0.0,0.0,1,0.0
YDR533C,0.0,0.0,0.0,0,0.0
YEL008W,0.0,0.0,0.0,0,0.0
YEL075C,0.0,0.0,0.0,0,0.0
YER058W,0.0,0.0,0.0,0,0.0
YGL069C,0.0,0.0,0.0,1,0.0
YGL119W,0.0,0.0,0.0,0,0.0
YGL204C,0.0,0.0,0.0,0,0.0
YGR042W,0.0,0.0,0.0,0,0.0
YHL033C,0.0,0.0,0.0,0,0.0
YHR049W,0.0,0.0,0.0,0,0.0
YHR079C-A,0.0,0.0,0.0,0,0.0
YHR211W,0.0,0.0,0.0,0,0.0
YIL060W,0.0,0.0,0.0,0,0.0
YIL076W,0.03267533285912742,4.5064935064935066,4.208333333333333,0,0.03267533285912742
YIL096C,0.0,0.0,0.0,0,0.0
YIL137C,0.0,0.0,0.0,1,0.0
YIL174W,0.0,0.0,0.0,0,0.0
YJL106W,0.0,0.0,0.0,0,0.0
YJL192C,0.0,0.0,0.0,0,0.0
YJR038C,0.0,0.0,0.0,0,0.0
YJR119C,0.0,0.0,0.0,0,0.0
YJR123W,0.0,0.0,0.0,1,0.0
YKL076C,0.0,0.0,0.0,0,0.0
YKL111C,0.0,0.0,0.0,1,0.0
YKL117W,0.0,0.0,0.0,0,0.0
YKL138C,0.0,0.0,0.0,0,0.0
YKL146W,0.0,0.0,0.0,0,0.0
YKL160W,0.0,0.0,0.0,0,0.0
YKL224C,0.0,0.0,0.0,0,0.0
YKR040C,0.0,0.0,0.0,0,0.0
YKR087C,0.0,0.0,0.0,0,0.0
YLL030C,0.0,0.0,0.0,0,0.0
YLL042C,0.0,0.0,0.0,0,0.0
YLR037C,0.0,0.0,0.0,0,0.0
YLR059C,0.5833333333333333,0.4285714285714285,0.0,1,0.4285714285714285
YLR066W,0.0,0.0,0.0,1,0.0
YLR068W,0.0,0.0,0.0,0,0.0
YLR092W,0.0,0.0,0.0,0,0.0
YLR104W,0.0,0.0,0.0,0,0.0
YLR118C,0.0,0.0,0.0,0,0.0
YLR156W,0.0,0.0,0.0,0,0.0
YLR172C,0.0,0.0,0.0,0,0.0
YLR205C,0.0,0.0,0.0,0,0.0
YLR230W,0.0,0.0,0.0,1,0.0
YLR236C,0.0,0.0,0.0,0,0.0
YLR248W,0.0,0.0,0.0,0,0.0
YLR333C,0.0,0.0,0.0,0,0.0
YLR379W,0.0,0.0,0.0,1,0.0
YLR392C,0.0,0.0,0.0,0,0.0
YLR397C,0.0,0.0,0.0,1,0.0
YML123C,0.0,0.0,0.0,0,0.0
YML126C,0.0,0.0,0.0,1,0.0
YMR067C,0.0,0.0,0.0,0,0.0
YMR160W,0.0,0.0,0.0,0,0.0
YMR278W,0.0,0.0,0.0,0,0.0
YMR287C,0.0,0.0,0.0,0,0.0
YNL008C,0.0,0.0,0.0,0,0.0
YNL024C,0.0,0.0,0.0,0,0.0
YNL109W,0.0,0.0,0.0,0,0.0
YNL144C,0.0,0.0,0.0,0,0.0
YNL176C,0.0,0.0,0.0,0,0.0
YNL230C,0.0,0.0,0.0,0,0.0
YNL285W,0.0,0.0,0.0,0,0.0
YNR037C,0.0,0.0,0.0,0,0.0
YOL072W,0.0,0.0,0.0,0,0.0
YOR033C,0.024785367674505412,0.0,0.0,0,0.0
YOR379C,0.0,0.0,0.0,0,0.0
YPL052W,0.0,0.0,0.0,0,0.0
YPL088W,0.0,0.0,0.0,0,0.0
YPL092W,0.0,0.0,0.0,0,0.0
YPL159C,0.0,0.0,0.0,0,0.0
YPL219W,0.0,0.0,0.0,0,0.0
YPL270W,0.0,0.0,0.0,0,0.0
YPL271W,0.0,0.0,0.0,0,0.0
YPR003C,0.0,0.0,0.0,0,0.0
YPR047W,0.0,0.0,0.0,0,0.0
YPR114W,0.0,0.0,0.0,0,0.0
YPR130C,0.0,0.0,0.0,0,0.0
YPR148C,0.0,0.0,0.0,0,0.0
YJR099W,0.0,0.0,0.0,0,0.0
YJR102C,1.0,5.3,3.7777777777777777,0,1.0
YLR417W,1.1666666666666665,3.95,3.7777777777777777,0,1.1666666666666665
YPL002C,0.5833333333333333,2.25,2.0,0,0.5833333333333333
YDR133C,0.0,0.0,0.0,0,0.0
YLR369W,0.0,0.0,0.0,0,0.0
YJR121W,0.0,0.0,0.0,0,0.0
YJR125C,0.0,0.0,0.0,0,0.0
YOR111W,0.0,0.0,0.0,0,0.0
YJR130C,0.0,0.0,0.0,0,0.0
YEL059W,0.0,0.0,0.0,0,0.0
YJR136C,0.0,0.0,0.0,1,0.0
YKL033W,0.0,0.0,0.0,1,0.0
YJR139C,0.0,0.0,0.0,0,0.0
YKL001C,0.0,0.0,0.0,0,0.0
YBR197C,0.0,0.0,0.0,0,0.0
YBR242W,0.0,0.0,0.0,0,0.0
YBR262C,0.0,0.0,0.0,0,0.0
YCL049C,0.0,0.0,0.0,0,0.0
YDR290W,0.0,0.0,0.0,0,0.0
YEL049W,0.0,0.0,0.0,0,0.0
YEL057C,0.0,0.0,0.0,0,0.0
YEL074W,0.0,0.0,0.0,0,0.0
YER121W,0.0,0.0,0.0,0,0.0
YER170W,0.0,0.0,0.0,0,0.0
YGL258W,0.0,0.0,0.0,0,0.0
YKL005C,0.0,0.0,0.0,0,0.0
YJR017C,0.0,0.0,0.0,1,0.0
YIL086C,0.0,0.0,0.0,0,0.0
YMR298W,0.6666666666666666,1.2,2.0,1,0.6666666666666666
YKL010C,0.0,0.0,0.0,0,0.0
YPR122W,0.0,0.0,0.0,0,0.0
YKL017C,0.0,0.0,0.0,0,0.0
YHR053C,0.0,0.0,0.0,0,0.0
YKR062W,0.0,0.0,0.0,1,0.0
YKL052C,0.0,0.0,0.0,1,0.0
YMR077C,0.5833333333333333,3.0,2.0,0,0.5833333333333333
YLR285W,0.0,0.0,0.0,0,0.0
YOR142W-A,0.0,0.0,0.0,0,0.0
YNL122C,0.0,0.0,0.0,0,0.0
YLR357W,0.0,0.0,0.0,0,0.0
YML046W,0.18382352941176472,0.0,0.0,1,0.0
YHL048W,0.0,0.0,0.0,0,0.0
YKL087C,0.0,0.0,0.0,0,0.0
YMR081C,0.0,0.0,0.0,0,0.0
YHR010W,0.0,0.0,0.0,0,0.0
YML102W,0.0,0.0,0.0,0,0.0
YOL068C,0.0425531914893617,3.357142857142857,2.9166666666666665,0,0.0425531914893617
YOR182C,0.0,0.0,0.0,0,0.0
YPR116W,0.0,0.0,0.0,0,0.0
YLR389C,0.0,0.0,0.0,0,0.0
YGR192C,0.11309523809523808,0.0,1.0,0,0.11309523809523808
YKL152C,0.11309523809523808,0.0,0.6666666666666666,1,0.11309523809523808
YKR069W,0.11309523809523808,0.0,0.0,0,0.0
YOR247W,0.11309523809523808,0.0,1.0,0,0.11309523809523808
YBR027C,0.34108527131782945,2.2666666666666666,7.583333333333333,0,0.34108527131782945
YBR169C,0.0,0.0,0.0,0,0.0
YCL033C,0.0,0.0,0.0,0,0.0
YML106W,0.0,0.0,0.0,0,0.0
YOL073C,0.0,0.0,0.0,0,0.0
YPL259C,0.0,0.0,0.0,0,0.0
YOR323C,0.0,0.0,0.0,0,0.0
YMR165C,0.0,0.0,0.0,0,0.0
YMR210W,0.0,0.0,0.0,0,0.0
YMR243C,0.0,0.0,0.0,0,0.0
YKL149C,0.0,0.0,0.0,0,0.0
YKL156W,0.0,0.0,0.0,0,0.0
YKL161C,0.0,0.0,0.0,0,0.0
YKL174C,0.0,0.0,0.0,0,0.0
YNL104C,0.0,0.0,0.0,0,0.0
YKL186C,0.0,0.0,0.0,1,0.0
YPL147W,0.0,0.0,0.0,0,0.0
YMR211W,0.0,0.0,0.0,1,0.0
YOR332W,0.03525980911983033,3.0,0.0,0,0.03525980911983033
YKL192C,0.0,0.0,0.0,1,0.0
YOL078W,0.2111111111111111,1.7142857142857142,2.5,1,0.2111111111111111
YKL210W,0.0,0.0,0.0,1,0.0
YGR163W,0.4583333333333333,2.230769230769231,2.0,0,0.4583333333333333
YKR019C,0.0,0.0,0.0,0,0.0
YHR212C,0.0,0.0,0.0,0,0.0
YNR038W,0.0,0.0,0.0,1,0.0
YJL215C,0.0,0.0,0.0,0,0.0
YJR019C,0.0,0.0,0.0,0,0.0
YLR081W,0.0,0.0,0.0,0,0.0
YOR190W,0.0,0.0,0.0,0,0.0
YKR035C,0.0,0.0,0.0,0,0.0
YKR043C,0.0,0.0,0.0,0,0.0
YBR238C,0.0,0.0,0.0,0,0.0
YKR044W,0.0,0.0,0.0,0,0.0
YHR159W,0.0,0.0,0.0,0,0.0
YKR065C,0.0,0.0,0.0,0,0.0
YLR036C,0.0,0.0,0.0,0,0.0
YKR080W,0.0,0.0,0.0,0,0.0
YBR137W,0.0,0.0,0.0,0,0.0
YDR353W,0.03635620915032679,0.0,2.0,1,0.03635620915032679
YKR091W,0.0,0.0,0.0,0,0.0
YNL309W,0.0,0.0,0.0,0,0.0
YOR060C,0.0,0.0,0.0,1,0.0
YKR100C,0.0,0.0,0.0,0,0.0
YML065W,0.0,0.0,0.0,1,0.0
YOL143C,0.0,0.0,0.0,0,0.0
YLL016W,0.668997668997669,6.240079365079366,0.0,0,0.668997668997669
YLL017W,0.0,0.0,0.0,0,0.0
YNL293W,0.11910080487891359,4.5,3.0,0,0.11910080487891359
YPR101W,0.0,0.0,0.0,1,0.0
YLL040C,0.2072992700729927,0.0,4.0,0,0.2072992700729927
YLL047W,0.0,0.0,0.0,0,0.0
YMR069W,0.0,0.0,0.0,0,0.0
YLL052C,0.0,0.0,0.0,0,0.0
YLL059C,0.0,0.0,0.0,0,0.0
YML011C,0.0,0.0,0.0,0,0.0
YLR008C,0.0,0.0,0.0,1,0.0
YLR012C,0.0,0.0,0.0,0,0.0
YKL168C,0.0,0.0,0.0,0,0.0
YLR014C,0.0,0.0,0.0,0,0.0
YJL082W,0.0,0.0,0.0,0,0.0
YKL072W,0.0,0.0,0.0,0,0.0
YLR030W,0.0,0.0,0.0,0,0.0
YLR031W,0.0,0.0,0.0,0,0.0
YCL001W,0.0,0.0,0.0,0,0.0
YDL191W,0.0,0.0,0.0,0,0.0
YDR153C,0.0,0.0,0.0,0,0.0
YEL051W,0.0,0.0,0.0,0,0.0
YER120W,0.0,0.0,0.0,0,0.0
YFL025C,0.0,0.0,0.0,0,0.0
YFR031C-A,0.0,0.0,0.0,0,0.0
YKR094C,0.0,0.0,0.0,0,0.0
YLL038C,0.0,0.0,0.0,0,0.0
YLR083C,0.0,0.0,0.0,0,0.0
YLR318W,0.048391819762055005,4.1688311688311686,5.666666666666667,0,0.048391819762055005
YLR361C,0.0,0.0,0.0,0,0.0
YMR010W,0.0,0.0,0.0,0,0.0
YMR216C,0.0,0.0,0.0,0,0.0
YMR274C,0.03267533285912742,9.0,8.416666666666666,0,0.03267533285912742
YNL069C,0.0,0.0,0.0,0,0.0
YNL169C,0.0,0.0,0.0,0,0.0
YOL017W,0.0,0.0,0.0,0,0.0
YOR112W,0.0,0.0,0.0,0,0.0
YPL037C,0.0,0.0,0.0,0,0.0
YPL195W,0.0,0.0,0.0,0,0.0
YPL196W,0.0,0.0,0.0,0,0.0
YPR079W,0.0,0.0,0.0,0,0.0
YPR084W,0.03267533285912742,15.0,0.0,0,0.03267533285912742
YLR042C,0.0,0.0,0.0,0,0.0
YLR434C,0.0,0.0,0.0,0,0.0
YLR049C,0.0,0.0,0.0,0,0.0
YLR119W,0.3448275862068965,2.5,1.5,0,0.3448275862068965
YLR052W,0.3666666666666667,1.2,2.0,0,0.3666666666666667
YLR057W,0.0,0.0,0.0,0,0.0
YLR355C,0.0,0.0,0.0,1,0.0
YGR126W,0.0,0.0,0.0,0,0.0
YML090W,0.0,0.0,0.0,0,0.0
YPL181W,1.1244244456400707,39.275,20.0,0,1.1244244456400707
YPL182C,0.026040061633281972,3.333333333333333,0.0,0,0.026040061633281972
YPL214C,0.0,0.0,0.0,0,0.0
YLR088W,0.0,0.0,0.0,1,0.0
YDR121W,0.0,0.0,0.0,0,0.0
YER088C,0.0,0.0,0.0,0,0.0
YGL148W,0.0,0.0,0.0,0,0.0
YMR166C,0.0,0.0,0.0,0,0.0
YPL183W-A,0.0,0.0,0.0,0,0.0
YBL083C,0.0,0.0,0.0,0,0.0
YDR497C,0.0,0.0,0.0,0,0.0
YLR114C,0.0,0.0,0.0,0,0.0
YBR012W-B,0.0,0.0,0.0,0,0.0
YPL257W-A,0.0,0.0,0.0,0,0.0
YLR124W,0.0,0.0,0.0,0,0.0
YMR030W,0.0,0.0,0.0,0,0.0
YGL021W,0.0,0.0,0.0,0,0.0
YOR390W,0.0,0.0,0.0,0,0.0
YLR140W,0.0,0.0,0.0,1,0.0
YLR145W,0.0,0.0,0.0,1,0.0
YHR214W,0.0,0.0,0.0,0,0.0
YLR146C,0.0,0.0,0.0,0,0.0
YGL256W,0.0,0.0,0.0,0,0.0
YMR088C,0.0,0.0,0.0,0,0.0
YNR072W,0.0,0.0,0.0,0,0.0
YLR148W,2.333333333333333,2.1333333333333333,4.944444444444445,0,2.333333333333333
YLR396C,2.0,1.875,10.5,0,2.0
YMR231W,2.0,2.0041666666666664,4.944444444444445,0,2.0
YPL045W,2.333333333333333,2.0041666666666664,7.5,1,2.333333333333333
YLR157C,0.0,0.0,0.0,0,0.0
YLR157C-A,0.0,0.0,0.0,0,0.0
YLR158C,0.0,0.0,0.0,0,0.0
YER175C,0.0,0.0,0.0,0,0.0
YLR159W,0.0,0.0,0.0,0,0.0
YOR342C,0.0,0.0,0.0,0,0.0
YPL280W,0.0,0.0,0.0,0,0.0
YLR161W,0.0,0.0,0.0,0,0.0
YOR159C,0.0,0.0,0.0,1,0.0
YLR173W,0.0,0.0,0.0,0,0.0
YLR177W,0.0,0.0,0.0,0,0.0
YLR181C,0.0,0.0,0.0,0,0.0
YLR183C,0.0,0.0,0.0,0,0.0
YML035C,0.0,0.0,0.0,0,0.0
YLR193C,0.0,0.0,0.0,0,0.0
YJL094C,0.0,0.0,0.0,0,0.0
YLR195C,0.0,0.0,0.0,1,0.0
YMR246W,0.0,0.0,0.0,0,0.0
YLR196W,0.0,0.0,0.0,1,0.0
YPL094C,0.0,0.0,0.0,1,0.0
YLR199C,0.0,0.0,0.0,0,0.0
YGR019W,0.012389719984656693,0.0,0.0,0,0.0
YMR266W,0.012389719984656693,7.0,0.0,0,0.012389719984656693
YNL003C,0.0,0.0,0.0,0,0.0
YOR296W,0.04452214452214452,0.0,0.0,0,0.0
YOR350C,0.0,0.0,0.0,0,0.0
YLR202C,0.0,0.0,0.0,0,0.0
YIR010W,0.0,0.0,0.0,1,0.0
YLR203C,0.0,0.0,0.0,0,0.0
YLR204W,0.0,0.0,0.0,0,0.0
YLR218C,0.0,0.0,0.0,0,0.0
YLR221C,0.0,0.0,0.0,0,0.0
YNR041C,0.0,0.0,0.0,0,0.0
YLR226W,0.0,0.0,0.0,0,0.0
YPR161C,0.0,0.0,0.0,1,0.0
YLR227C,0.0,0.0,0.0,0,0.0
YLR237W,0.0,0.0,0.0,0,0.0
YLR239C,0.0,0.0,0.0,0,0.0
YLR246W,0.0,0.0,0.0,0,0.0
YJR146W,0.0,0.0,0.0,0,0.0
YLR251W,0.0,0.0,0.0,0,0.0
YLR253W,0.0,0.0,0.0,0,0.0
YLR255C,0.0,0.0,0.0,0,0.0
YLR257W,0.0,0.0,0.0,0,0.0
YLR273C,0.0,0.0,0.0,0,0.0
YLR259C,0.0,0.0,0.0,1,0.0
YNL025C,0.34025974025974026,2.142857142857143,17.25,0,0.34025974025974026
YGL255W,0.0,0.0,0.0,0,0.0
YJL123C,0.0,0.0,0.0,1,0.0
YLR266C,0.0,0.0,0.0,0,0.0
YLR267W,0.0,0.0,0.0,0,0.0
YAL062W,0.0,0.0,0.0,0,0.0
YDR281C,0.0,0.0,0.0,0,0.0
YBR269C,0.0,0.0,0.0,0,0.0
YLR437C,0.0,0.0,0.0,0,0.0
YLR284C,0.5322271195229453,12.333333333333334,9.333333333333334,0,0.5322271195229453
YLR286C,0.2833333333333333,2.0047619047619047,0.0,0,0.2833333333333333
YLR287C,0.41025641025641024,5.0,2.0,0,0.41025641025641024
YBR124W,0.0,0.0,0.0,1,0.0
YBR129C,0.0,0.0,0.0,0,0.0
YCR007C,0.0,0.0,0.0,0,0.0
YHR175W,0.0,0.0,0.0,0,0.0
YJL059W,0.0,0.0,0.0,0,0.0
YJR157W,0.0,0.0,0.0,0,0.0
YKL024C,0.0,0.0,0.0,1,0.0
YKL044W,0.0,0.0,0.0,0,0.0
YKL107W,0.0,0.0,0.0,0,0.0
YKL163W,0.0,0.0,0.0,0,0.0
YKR052C,0.0,0.0,0.0,0,0.0
YLL023C,0.0,0.0,0.0,0,0.0
YLR011W,0.0,0.0,0.0,0,0.0
YLR021W,0.0,0.0,0.0,0,0.0
YLR050C,0.0,0.0,0.0,0,0.0
YLR252W,0.0,0.0,0.0,0,0.0
YLR290C,0.0,0.0,0.0,0,0.0
YNL158W,0.0,0.0,0.0,1,0.0
YNL190W,0.0,0.0,0.0,0,0.0
YOL046C,0.0,0.0,0.0,0,0.0
YOL131W,0.03110209601081812,2.083333333333333,0.0,0,0.03110209601081812
YOR087W,0.0,0.0,0.0,0,0.0
YOR104W,0.0,0.0,0.0,0,0.0
YLR291C,0.6912927525382491,20.6,0.0,1,0.6912927525382491
YCR076C,0.0,0.0,0.0,0,0.0
YDR444W,0.0,0.0,0.0,0,0.0
YGR083C,0.0,0.0,0.0,1,0.0
YLR245C,0.12757795743276687,4.747619047619048,0.0,0,0.12757795743276687
YLR294C,0.0,0.0,0.0,0,0.0
YDL148C,0.0,0.0,0.0,1,0.0
YDR007W,0.0,0.0,0.0,0,0.0
YDR530C,0.0,0.0,0.0,0,0.0
YGL047W,0.0,0.0,0.0,1,0.0
YGL226W,0.0,0.0,0.0,0,0.0
YGR081C,0.0,0.0,0.0,0,0.0
YGR148C,0.0,0.0,0.0,0,0.0
YHR127W,0.0,0.0,0.0,0,0.0
YHR138C,0.0,0.0,0.0,0,0.0
YIL005W,0.01786843769765971,2.1666666666666665,2.25,0,0.01786843769765971
YIL020C,0.0,0.0,0.0,0,0.0
YIL032C,0.0,0.0,0.0,0,0.0
YIL051C,0.0,0.0,0.0,1,0.0
YIL124W,0.0,0.0,0.0,0,0.0
YIL157C,0.0,0.0,0.0,0,0.0
YIR036C,0.0,0.0,0.0,0,0.0
YJL044C,0.0,0.0,0.0,0,0.0
YJL067W,0.0,0.0,0.0,0,0.0
YJL100W,0.0,0.0,0.0,0,0.0
YJL225C,0.0,0.0,0.0,0,0.0
YJR100C,0.0,0.0,0.0,0,0.0
YJR120W,0.0,0.0,0.0,0,0.0
YJR154W,0.0,0.0,0.0,0,0.0
YKL060C,0.0,0.0,0.0,1,0.0
YKL088W,0.0,0.0,0.0,1,0.0
YLR094C,0.0,0.0,0.0,0,0.0
YLR141W,0.0,0.0,0.0,1,0.0
YLR168C,0.0,0.0,0.0,0,0.0
YLR455W,0.01786843769765971,3.75,4.5,0,0.01786843769765971
YML034W,0.0,0.0,0.0,0,0.0
YML079W,0.0,0.0,0.0,0,0.0
YMR003W,0.0,0.0,0.0,0,0.0
YMR090W,0.0,0.0,0.0,0,0.0
YMR141C,0.0,0.0,0.0,0,0.0
YMR144W,0.0,0.0,0.0,0,0.0
YMR177W,0.0,0.0,0.0,0,0.0
YNL009W,0.0,0.0,0.0,0,0.0
YNL194C,0.0,0.0,0.0,0,0.0
YNL205C,0.0,0.0,0.0,0,0.0
YNL324W,0.0,0.0,0.0,0,0.0
YNL328C,0.0,0.0,0.0,0,0.0
YOL008W,0.0,0.0,0.0,0,0.0
YOL050C,0.0,0.0,0.0,0,0.0
YOR145C,0.0,0.0,0.0,1,0.0
YLR299W,0.0,0.0,0.0,0,0.0
YOL137W,0.0,0.0,0.0,0,0.0
YLR301W,0.0,0.0,0.0,0,0.0
YJR105W,0.0,0.0,0.0,0,0.0
YLR303W,0.0,0.0,0.0,0,0.0
YLR304C,0.0,0.0,0.0,0,0.0
YNL192W,0.17370600414078674,0.0,26.875,0,0.17370600414078674
YLR308W,0.0,0.0,0.0,0,0.0
YLR312C,0.0,0.0,0.0,0,0.0
YLR317W,0.0,0.0,0.0,1,0.0
YIL085C,0.0,0.0,0.0,0,0.0
YLR327C,0.0,0.0,0.0,0,0.0
YBR301W,0.0,0.0,0.0,0,0.0
YDL206W,0.0,0.0,0.0,0,0.0
YDR393W,0.0,0.0,0.0,0,0.0
YGL081W,0.025974025974025976,0.0,0.0,0,0.0
YKL006W,0.0,0.0,0.0,0,0.0
YNL071W,0.0,0.0,0.0,0,0.0
YPL132W,0.0,0.0,0.0,0,0.0
YLR336C,0.0,0.0,0.0,1,0.0
YPL268W,0.0,0.0,0.0,1,0.0
YLR339C,0.0,0.0,0.0,1,0.0
YFL044C,0.0,0.0,0.0,0,0.0
YGL196W,0.0,0.0,0.0,0,0.0
YJL046W,0.0,0.0,0.0,0,0.0
YJL136C,0.0,0.0,0.0,0,0.0
YML017W,0.0,0.0,0.0,0,0.0
YMR073C,0.0,0.0,0.0,0,0.0
YNL027W,0.0,0.0,0.0,0,0.0
YPL041C,0.0,0.0,0.0,0,0.0
YPL261C,0.0,0.0,0.0,0,0.0
YPR030W,0.0,0.0,0.0,0,0.0
YLR343W,0.0,0.0,0.0,0,0.0
YFL045C,0.0,0.0,0.0,1,0.0
YDR418W,0.0,0.0,0.0,0,0.0
YER023W,0.08399686250785857,6.25,0.0,1,0.08399686250785857
YGL040C,0.03635620915032679,3.333333333333333,0.0,1,0.03635620915032679
YGR267C,0.03635620915032679,0.0,0.0,1,0.0
YKL067W,0.03635620915032679,1.1111111111111112,2.0,0,0.03635620915032679
YLR377C,0.03635620915032679,1.6666666666666667,0.0,0,0.03635620915032679
YLR348C,0.0,0.0,0.0,0,0.0
YBL113C,0.0,0.0,0.0,0,0.0
YLR351C,0.0,0.0,0.0,0,0.0
YLR356W,0.0,0.0,0.0,0,0.0
YHR085W,0.0,0.0,0.0,1,0.0
YMR228W,0.0,0.0,0.0,0,0.0
YNL145W,0.0,0.0,0.0,0,0.0
YLR363C,0.0,0.0,0.0,0,0.0
YPR078C,0.0,0.0,0.0,0,0.0
YPR093C,0.0,0.0,0.0,0,0.0
YBL097W,0.0,0.0,0.0,1,0.0
YDR317W,0.0,0.0,0.0,0,0.0
YEL006W,0.0,0.0,0.0,0,0.0
YLR028C,0.0,0.0,0.0,0,0.0
YPL107W,0.0,0.0,0.0,0,0.0
YCL065W,0.0,0.0,0.0,0,0.0
YLR385C,0.0,0.0,0.0,0,0.0
YLR388W,0.0,0.0,0.0,0,0.0
YKR016W,0.0,0.0,0.0,0,0.0
YLR390W-A,0.0,0.0,0.0,0,0.0
YLR393W,0.0,0.0,0.0,0,0.0
YMR279C,0.0,0.0,0.0,0,0.0
YLR407W,0.0,0.0,0.0,0,0.0
YGL235W,0.0,0.0,0.0,0,0.0
YLR409C,0.0,0.0,0.0,1,0.0
YJL069C,0.0,0.0,0.0,1,0.0
YLR414C,0.0,0.0,0.0,0,0.0
YOR013W,0.0,0.0,0.0,0,0.0
YLR416C,0.0,0.0,0.0,0,0.0
YEL033W,0.0,0.0,0.0,0,0.0
YGL227W,0.0,0.0,0.0,0,0.0
YKL053C-A,0.0,0.0,0.0,0,0.0
YMR158W,0.0,0.0,0.0,0,0.0
YNL198C,0.0,0.0,0.0,0,0.0
YOL027C,0.0,0.0,0.0,0,0.0
YOR080W,0.0,0.0,0.0,0,0.0
YOR124C,0.0,0.0,0.0,0,0.0
YLR419W,0.0,0.0,0.0,0,0.0
YLR421C,0.0,0.0,0.0,0,0.0
YJR024C,0.0,0.0,0.0,0,0.0
YNL090W,0.03533353639963448,5.083333333333333,1.3333333333333333,0,0.03533353639963448
YPR179C,0.0,0.0,0.0,0,0.0
YOR053W,0.0,0.0,0.0,0,0.0
YLR427W,0.0,0.0,0.0,0,0.0
YDL131W,0.0,0.0,0.0,0,0.0
YDL240W,0.0,0.0,0.0,0,0.0
YLR281C,0.0,0.0,0.0,0,0.0
YMR142C,0.0,0.0,0.0,0,0.0
YOR096W,0.0,0.0,0.0,0,0.0
YLR446W,0.0,0.0,0.0,0,0.0
YKR074W,0.0,0.0,0.0,0,0.0
YLR211C,0.0,0.0,0.0,0,0.0
YBR028C,0.0,0.0,0.0,0,0.0
YDL221W,0.0,0.0,0.0,1,0.0
YDL241W,0.0,0.0,0.0,0,0.0
YDR305C,0.0,0.0,0.0,0,0.0
YIR035C,0.0,0.0,0.0,0,0.0
YJL087C,0.0,0.0,0.0,1,0.0
YJL219W,0.0,0.0,0.0,0,0.0
YKL029C,0.0,0.0,0.0,0,0.0
YKL164C,0.0,0.0,0.0,0,0.0
YKR005C,0.0,0.0,0.0,0,0.0
YLR465C,0.0,0.0,0.0,0,0.0
YMR127C,0.017198679141441936,0.0,0.0,0,0.0
YNL028W,0.0,0.0,0.0,1,0.0
YNL134C,0.0,0.0,0.0,0,0.0
YNL175C,0.0,0.0,0.0,0,0.0
YNL323W,0.0,0.0,0.0,0,0.0
YOR239W,0.0,0.0,0.0,0,0.0
YOR260W,0.0,0.0,0.0,1,0.0
YOR374W,0.0,0.0,0.0,0,0.0
YPR006C,0.0,0.0,0.0,0,0.0
YLR448W,0.0,0.0,0.0,0,0.0
YDL180W,0.0,0.0,0.0,0,0.0
YER188W,0.0,0.0,0.0,0,0.0
YLR457C,0.0,0.0,0.0,1,0.0
YAR071W,0.0,0.0,0.0,0,0.0
YCL023C,0.0,0.0,0.0,0,0.0
YEL075W-A,0.0,0.0,0.0,0,0.0
YFL013C,0.0,0.0,0.0,0,0.0
YFL050C,0.0,0.0,0.0,0,0.0
YGR100W,0.0,0.0,0.0,0,0.0
YHL017W,0.0,0.0,0.0,0,0.0
YML027W,0.0,0.0,0.0,0,0.0
YNL133C,0.0,0.0,0.0,0,0.0
YNL260C,0.0,0.0,0.0,1,0.0
YNR009W,0.0,0.0,0.0,0,0.0
YNR013C,0.0,0.0,0.0,0,0.0
YNR066C,0.0,0.0,0.0,0,0.0
YOR198C,0.0,0.0,0.0,0,0.0
YOR230W,0.0,0.0,0.0,0,0.0
YPL034W,0.0,0.0,0.0,0,0.0
YPL154C,0.0,0.0,0.0,0,0.0
YPR144C,0.0,0.0,0.0,1,0.0
YLR459W,0.0,0.0,0.0,1,0.0
YDR434W,0.0,0.0,0.0,1,0.0
YDR003W,0.0,0.0,0.0,0,0.0
YDR314C,0.0,0.0,0.0,0,0.0
YML014W,0.0,0.0,0.0,0,0.0
YOL128C,0.0,0.0,0.0,0,0.0
YPL208W,0.0,0.0,0.0,0,0.0
YNL046W,0.0,0.0,0.0,0,0.0
YML048W,0.0,0.0,0.0,0,0.0
YML060W,0.0,0.0,0.0,0,0.0
YOL010W,0.0,0.0,0.0,1,0.0
YFL010C,0.0,0.0,0.0,0,0.0
YFL054C,0.0,0.0,0.0,0,0.0
YHR025W,0.0,0.0,0.0,0,0.0
YHR112C,0.0,0.0,0.0,0,0.0
YKL035W,0.0,0.0,0.0,1,0.0
YLR070C,0.0,0.0,0.0,0,0.0
YOR229W,0.0,0.0,0.0,1,0.0
YML070W,0.0,0.0,0.0,0,0.0
YML075C,0.0,0.0,0.0,0,0.0
YOR102W,0.0,0.0,0.0,1,0.0
YOL086C,0.0,0.0,0.0,0,0.0
YPL176C,0.0,0.0,0.0,0,0.0
YML101C,0.0,0.0,0.0,0,0.0
YPR099C,0.0,0.0,0.0,0,0.0
YML105C,0.0,0.0,0.0,1,0.0
YPR088C,0.0,0.0,0.0,1,0.0
YML107C,0.0,0.0,0.0,0,0.0
YIL149C,0.0,0.0,0.0,0,0.0
YKR095W,0.0,0.0,0.0,0,0.0
YGR275W,0.0,0.0,0.0,0,0.0
YML125C,0.0,0.0,0.0,1,0.0
YLR038C,0.0,0.0,0.0,0,0.0
YML127W,0.0,0.0,0.0,1,0.0
YGL184C,0.0,0.0,0.0,0,0.0
YML130C,0.0,0.0,0.0,1,0.0
YDR384C,0.0,0.0,0.0,0,0.0
YMR017W,0.0,0.0,0.0,0,0.0
YMR018W,0.0,0.0,0.0,0,0.0
YMR019W,0.0,0.0,0.0,0,0.0
YER137C,0.0,0.0,0.0,0,0.0
YMR041C,0.0,0.0,0.0,0,0.0
YAR042W,0.0,0.0,0.0,0,0.0
YBR008C,0.0,0.0,0.0,0,0.0
YBR105C,0.0,0.0,0.0,0,0.0
YBR273C,0.0,0.0,0.0,0,0.0
YCL039W,0.0,0.0,0.0,0,0.0
YCR008W,0.0,0.0,0.0,0,0.0
YDL066W,0.0,0.0,0.0,0,0.0
YDR423C,0.0,0.0,0.0,0,0.0
YHL043W,0.0,0.0,0.0,0,0.0
YHL049C,0.0,0.0,0.0,0,0.0
YIL055C,0.0,0.0,0.0,0,0.0
YJR079W,0.0,0.0,0.0,0,0.0
YKL221W,0.0,0.0,0.0,0,0.0
YLR401C,0.0,0.0,0.0,0,0.0
YMR157C,0.0,0.0,0.0,0,0.0
YNL204C,0.0,0.0,0.0,0,0.0
YNL300W,0.0,0.0,0.0,0,0.0
YNL319W,0.0,0.0,0.0,0,0.0
YNR061C,0.0,0.0,0.0,0,0.0
YOL111C,0.0,0.0,0.0,0,0.0
YOL146W,0.0,0.0,0.0,1,0.0
YOL154W,0.0,0.0,0.0,0,0.0
YOR064C,0.0,0.0,0.0,0,0.0
YOR251C,0.0,0.0,0.0,0,0.0
YOR286W,0.0,0.0,0.0,0,0.0
YOR302W,0.16993464052287582,0.0,0.0,0,0.0
YOR344C,0.0,0.0,0.0,0,0.0
YPL189W,0.0,0.0,0.0,0,0.0
YMR051C,0.0,0.0,0.0,0,0.0
YNL335W,0.0,0.0,0.0,0,0.0
YMR063W,0.0,0.0,0.0,0,0.0
YNL112W,0.0,0.0,0.0,1,0.0
YLR080W,0.0,0.0,0.0,0,0.0
YMR097C,0.0,0.0,0.0,0,0.0
YMR101C,0.0,0.0,0.0,0,0.0
YOR154W,0.0,0.0,0.0,0,0.0
YMR110C,0.0,0.0,0.0,0,0.0
YOL034W,0.0,0.0,0.0,1,0.0
YPR145W,0.0,0.0,0.0,0,0.0
YMR125W,0.0,0.0,0.0,0,0.0
YMR134W,0.0,0.0,0.0,1,0.0
YOR279C,0.0,0.0,0.0,0,0.0
YMR151W,0.0,0.0,0.0,0,0.0
YDR221W,0.0,0.0,0.0,0,0.0
YMR155W,0.0,0.0,0.0,0,0.0
YPL164C,0.0,0.0,0.0,0,0.0
YMR180C,0.0,0.0,0.0,0,0.0
YMR182C,0.0,0.0,0.0,0,0.0
YPR133W-A,0.26785714285714285,2.2666666666666666,0.0,0,0.26785714285714285
YMR204C,0.0,0.0,0.0,0,0.0
YMR209C,0.0,0.0,0.0,0,0.0
YMR213W,0.0,0.0,0.0,1,0.0
YMR215W,0.0,0.0,0.0,0,0.0
YMR226C,0.0,0.0,0.0,0,0.0
YNL308C,0.0,0.0,0.0,1,0.0
YMR242C,0.0,0.0,0.0,0,0.0
YLR366W,0.0,0.0,0.0,0,0.0
YNL096C,0.0,0.0,0.0,0,0.0
YHR136C,0.0,0.0,0.0,0,0.0
YOR046C,0.0,0.0,0.0,1,0.0
YMR258C,0.0,0.0,0.0,0,0.0
YIL019W,0.0,0.0,0.0,1,0.0
YMR260C,0.0,0.0,0.0,1,0.0
YGR156W,0.0,0.0,0.0,1,0.0
YGL083W,0.0,0.0,0.0,0,0.0
YMR280C,0.0,0.0,0.0,0,0.0
YAL053W,0.04060705496308449,2.2222222222222223,0.0,0,0.04060705496308449
YMR316C-A,0.0,0.0,0.0,0,0.0
YMR317W,0.0,0.0,0.0,0,0.0
YMR318C,0.0,0.0,0.0,0,0.0
YMR326C,0.0,0.0,0.0,0,0.0
YNL244C,0.3333333333333333,3.375,0.0,1,0.3333333333333333
YPR041W,0.3333333333333333,3.333333333333333,0.0,1,0.3333333333333333
YMR325W,0.0,0.0,0.0,0,0.0
YPR199C,0.0,0.0,0.0,0,0.0
YNL007C,0.0,0.0,0.0,1,0.0
YNL015W,0.0,0.0,0.0,0,0.0
YNL019C,0.0,0.0,0.0,0,0.0
YLR001C,0.0,0.0,0.0,0,0.0
YNL056W,0.45,6.166666666666667,2.0,0,0.45
YNL093W,0.0,0.0,0.0,0,0.0
YNL034W,0.0,0.0,0.0,0,0.0
YNL037C,0.0,0.0,0.0,0,0.0
YNL039W,0.0,0.0,0.0,1,0.0
YNL045W,0.0,0.0,0.0,0,0.0
YNL049C,0.0,0.0,0.0,0,0.0
YDL072C,0.0,0.0,0.0,0,0.0
YJR035W,0.0,0.0,0.0,0,0.0
YGR005C,0.0,0.0,0.0,1,0.0
YHR081W,0.0,0.0,0.0,0,0.0
YIL024C,0.0,0.0,0.0,0,0.0
YJR097W,0.0,0.0,0.0,0,0.0
YKL153W,0.0,0.0,0.0,1,0.0
YML037C,0.0,0.0,0.0,0,0.0
YOR004W,0.0,0.0,0.0,1,0.0
YOR040W,0.0,0.0,0.0,0,0.0
YNL095C,0.0,0.0,0.0,0,0.0
YHR199C,0.0,0.0,0.0,0,0.0
YJL003W,0.0,0.0,0.0,0,0.0
YNL063W,0.0,0.0,0.0,0,0.0
YNL107W,0.0,0.0,0.0,0,0.0
YBL037W,0.0,0.0,0.0,0,0.0
YBL054W,0.0,0.0,0.0,0,0.0
YJR023C,0.0,0.0,0.0,1,0.0
YKL133C,0.0,0.0,0.0,0,0.0
YOL151W,0.0,0.0,0.0,0,0.0
YOR093C,0.0,0.0,0.0,0,0.0
YPR160W,0.0,0.0,0.0,0,0.0
YNL142W,0.0,0.0,0.0,0,0.0
YPR190C,0.6666666666666666,2.0,1.0,1,0.6666666666666666
YNL165W,0.0,0.0,0.0,0,0.0
YDR368W,0.0,0.0,0.0,0,0.0
YNL178W,0.0,0.0,0.0,1,0.0
YNL180C,0.0,0.0,0.0,0,0.0
YNL183C,0.0,0.0,0.0,0,0.0
YNL188W,0.0,0.0,0.0,1,0.0
YBR035C,0.0,0.0,0.0,0,0.0
YCL028W,0.0,0.0,0.0,1,0.0
YDL185W2,0.0,0.0,0.0,0,0.0
YDR428C,0.0,0.0,0.0,0,0.0
YDR487C,0.0,0.0,0.0,1,0.0
YEL046C,0.0,0.0,0.0,0,0.0
YER010C,0.0,0.0,0.0,0,0.0
YER057C,0.0,0.0,0.0,0,0.0
YGR088W,0.0,0.0,0.0,0,0.0
YHL009W-A,0.0,0.0,0.0,0,0.0
YHR018C,0.0,0.0,0.0,0,0.0
YJL052W,0.0,0.0,0.0,0,0.0
YKL069W,0.0,0.0,0.0,0,0.0
YLR209C,0.0,0.0,0.0,0,0.0
YMR239C,0.0,0.0,0.0,1,0.0
YOL058W,0.0,0.0,0.0,0,0.0
YOR155C,0.0,0.0,0.0,0,0.0
YPR062W,0.0,0.0,0.0,0,0.0
YAL055W,0.0,0.0,0.0,0,0.0
YBR209W,0.0,0.0,0.0,0,0.0
YCR089W,0.0,0.0,0.0,0,0.0
YDR248C,0.0,0.0,0.0,0,0.0
YJL121C,0.0,0.0,0.0,0,0.0
YJL196C,0.0,0.0,0.0,0,0.0
YJL214W,0.0,0.0,0.0,0,0.0
YNL087W,0.0,0.0,0.0,0,0.0
YNL179C,0.0,0.0,0.0,0,0.0
YNL200C,0.0,0.0,0.0,0,0.0
YNL203C,0.0,0.0,0.0,0,0.0
YBL046W,0.0,0.0,0.0,0,0.0
YNL212W,0.0,0.0,0.0,0,0.0
YPL075W,0.0,0.0,0.0,1,0.0
YNL219C,0.0,0.0,0.0,0,0.0
YNL220W,0.0,0.0,0.0,0,0.0
YLR411W,0.0,0.0,0.0,0,0.0
YNL226W,0.0,0.0,0.0,0,0.0
YPL066W,0.0,0.0,0.0,0,0.0
YNL234W,0.0,0.0,0.0,0,0.0
YOR153W,0.0,0.0,0.0,0,0.0
YIR027C,0.0,0.0,0.0,0,0.0
YBL052C,0.0,0.0,0.0,0,0.0
YER074W-A,0.0,0.0,0.0,1,0.0
YKR047W,0.0,0.0,0.0,0,0.0
YNL119W,0.0,0.0,0.0,0,0.0
YNL289W,0.026356857985087564,0.0,1.9444444444444444,0,0.026356857985087564
YPL065W,0.0,0.0,0.0,0,0.0
YNL277W,0.0,0.0,0.0,0,0.0
YNL279W,0.0,0.0,0.0,0,0.0
YPL245W,0.0,0.0,0.0,0,0.0
YPL010W,0.0,0.0,0.0,1,0.0
YBL087C,0.0,0.0,0.0,0,0.0
YNL068C,0.0,0.0,0.0,0,0.0
YPL047W,0.0,0.0,0.0,0,0.0
YNL314W,0.0,0.0,0.0,0,0.0
YNL316C,0.0,0.0,0.0,0,0.0
YNL321W,0.0,0.0,0.0,0,0.0
YAL056C-A,0.0,0.0,0.0,0,0.0
YGL203C,0.0,0.0,0.0,0,0.0
YNL327W,0.0,0.0,0.0,0,0.0
YNR004W,0.0,0.0,0.0,0,0.0
YPL157W,0.0,0.0,0.0,0,0.0
YNR024W,0.0,0.0,0.0,0,0.0
YJL045W,0.0,0.0,0.0,0,0.0
YNR030W,0.0,0.0,0.0,0,0.0
YNL292W,0.0,0.0,0.0,0,0.0
YNR065C,0.0,0.0,0.0,0,0.0
YLR174W,0.0,0.0,0.0,0,0.0
YNR075W,0.0,0.0,0.0,0,0.0
YLL012W,0.0,0.0,0.0,0,0.0
YGR233C,0.0,0.0,0.0,0,0.0
YKL003C,0.0,0.0,0.0,0,0.0
YOR044W,0.0,0.0,0.0,0,0.0
YOL015W,0.0,0.0,0.0,0,0.0
YJR003C,0.0,0.0,0.0,1,0.0
YLR412W,0.0,0.0,0.0,0,0.0
YOL039W,0.0,0.0,0.0,0,0.0
YOL052C,0.0,0.0,0.0,0,0.0
YOL056W,0.0,0.0,0.0,0,0.0
YLR387C,0.0,0.0,0.0,0,0.0
YER163C,0.0,0.0,0.0,0,0.0
YOL063C,0.0,0.0,0.0,0,0.0
YOL065C,0.0,0.0,0.0,0,0.0
YOL085C,0.0,0.0,0.0,0,0.0
YOL094C,0.0,0.0,0.0,1,0.0
YNL290W,0.0,0.0,0.0,1,0.0
YOL095C,0.0,0.0,0.0,0,0.0
YOL099C,0.0,0.0,0.0,0,0.0
YBR248C,0.0,0.0,0.0,0,0.0
YOL104C,0.0,0.0,0.0,0,0.0
YOL107W,0.0,0.0,0.0,0,0.0
YOL110W,0.0,0.0,0.0,0,0.0
YGR174C,0.0,0.0,0.0,0,0.0
YOL117W,0.0,0.0,0.0,0,0.0
YOL126C,0.0,0.0,0.0,0,0.0
YOL144W,0.0,0.0,0.0,1,0.0
YOL152W,0.0,0.0,0.0,0,0.0
YOL153C,0.0,0.0,0.0,0,0.0
YOL159C,0.0,0.0,0.0,0,0.0
YOR002W,0.4,0.0,0.0,0,0.0
YOR003W,0.0,0.0,0.0,0,0.0
YKL201C,0.0,0.0,0.0,0,0.0
YFR016C,0.0,0.0,0.0,0,0.0
YOR018W,0.0,0.0,0.0,0,0.0
YMR178W,0.0,0.0,0.0,0,0.0
YDR191W,0.0,0.0,0.0,0,0.0
YPL200W,0.0,0.0,0.0,0,0.0
YOR037W,0.0,0.0,0.0,0,0.0
YLL010C,0.0,0.0,0.0,0,0.0
YOR050C,0.0,0.0,0.0,0,0.0
YOR054C,0.0,0.0,0.0,0,0.0
YMR195W,0.0,0.0,0.0,0,0.0
YOR065W,0.0,0.0,0.0,0,0.0
YOR067C,0.0,0.0,0.0,0,0.0
YLR034C,0.0,0.0,0.0,0,0.0
YIL094C,0.0,0.0,0.0,0,0.0
YFL055W,0.0,0.0,0.0,0,0.0
YNL320W,0.0,0.0,0.0,0,0.0
YOR095C,0.0,0.0,0.0,1,0.0
YMR075W,0.0,0.0,0.0,0,0.0
YOR103C,0.0,0.0,0.0,1,0.0
YOR108W,0.0,0.0,0.0,0,0.0
YML129C,0.0,0.0,0.0,0,0.0
YJL008C,0.0,0.0,0.0,1,0.0
YOR119C,0.0,0.0,0.0,1,0.0
YOR131C,0.0,0.0,0.0,0,0.0
YDR443C,0.15655577299412915,2.5,4.5,0,0.15655577299412915
YOL103W-B,0.0,0.0,0.0,0,0.0
YGR281W,0.0,0.0,0.0,0,0.0
YOR146W,0.0,0.0,0.0,1,0.0
YOR148C,0.0,0.0,0.0,1,0.0
YER090W,0.0,0.0,0.0,0,0.0
YOR158W,0.08159203980099503,10.0,1.9444444444444444,0,0.08159203980099503
YOR173W,0.0,0.0,0.0,0,0.0
YCL034W,0.0,0.0,0.0,0,0.0
YDR344C,0.0,0.0,0.0,0,0.0
YOR221C,0.0,0.0,0.0,0,0.0
YOR226C,0.0,0.0,0.0,0,0.0
YIL014W,0.0,0.0,0.0,0,0.0
YOR236W,0.0,0.0,0.0,1,0.0
YOR172W,0.0,0.0,0.0,0,0.0
YOR245C,0.0,0.0,0.0,0,0.0
YDR211W,0.0,0.0,0.0,1,0.0
YFR022W,0.0,0.0,0.0,0,0.0
YHR067W,0.0,0.0,0.0,0,0.0
YJL055W,0.0,0.0,0.0,0,0.0
YLR334C,0.0,0.0,0.0,0,0.0
YMR014W,0.0,0.0,0.0,0,0.0
YOL043C,0.0,0.0,0.0,0,0.0
YEL019C,0.0,0.0,0.0,1,0.0
YOR273C,0.0,0.0,0.0,0,0.0
YEL072W,0.0,0.0,0.0,0,0.0
YOR274W,0.0,0.0,0.0,0,0.0
YOR282W,0.0,0.0,0.0,1,0.0
YOR285W,0.0,0.0,0.0,0,0.0
YNL208W,0.0,0.0,0.0,0,0.0
YPR085C,0.0,0.0,0.0,1,0.0
YDR387C,0.0,0.0,0.0,0,0.0
YKR017C,0.0,0.0,0.0,0,0.0
YOR298W,0.0,0.0,0.0,0,0.0
YGL234W,0.0,0.0,0.0,0,0.0
YOR299W,0.0,0.0,0.0,0,0.0
YKR070W,0.0,0.0,0.0,0,0.0
YNL246W,0.0,0.0,0.0,1,0.0
YOR301W,0.0,0.0,0.0,0,0.0
YGR259C,0.0,0.0,0.0,0,0.0
YOR305W,0.0,0.0,0.0,0,0.0
YOR307C,0.0,0.0,0.0,0,0.0
YOL035C,0.0,0.0,0.0,0,0.0
YOR325W,0.0,0.0,0.0,0,0.0
YNL120C,0.0,0.0,0.0,0,0.0
YOR341W,0.0,0.0,0.0,1,0.0
YOR345C,0.0,0.0,0.0,0,0.0
YMR271C,0.0,0.0,0.0,0,0.0
YOR354C,0.0,0.0,0.0,0,0.0
YOR378W,0.0,0.0,0.0,0,0.0
YDR327W,0.0,0.0,0.0,1,0.0
YOR383C,0.0,0.0,0.0,0,0.0
YOR385W,0.0,0.0,0.0,0,0.0
YOR393W,0.0,0.0,0.0,0,0.0
YPL005W,0.0,0.0,0.0,0,0.0
YPL007C,0.0,0.0,0.0,1,0.0
YGR161C,0.0,0.0,0.0,0,0.0
YHL028W,0.0,0.0,0.0,0,0.0
YJL101C,0.0,0.0,0.0,0,0.0
YJR142W,0.0,0.0,0.0,0,0.0
YML122C,0.0,0.0,0.0,0,0.0
YMR306W,0.0,0.0,0.0,0,0.0
YOL119C,0.0,0.0,0.0,0,0.0
YOL122C,0.0,0.0,0.0,0,0.0
YPL036W,0.0,0.0,0.0,0,0.0
YPL040C,0.0,0.0,0.0,0,0.0
YER180C-A,0.0,0.0,0.0,0,0.0
YPL061W,0.0,0.0,0.0,0,0.0
YPL068C,0.0,0.0,0.0,0,0.0
YDR502C,0.0,0.0,0.0,0,0.0
YHR144C,0.0,0.0,0.0,0,0.0
YPL060C-A,0.0,0.0,0.0,0,0.0
YPL074W,0.0,0.0,0.0,0,0.0
YPL095C,0.8125965537730244,6.333333333333333,0.0,0,0.8125965537730244
YPL096C-A,0.0,0.0,0.0,0,0.0
YPL096W,0.0,0.0,0.0,0,0.0
YBR204C,0.0,0.0,0.0,0,0.0
YMR133W,0.0,0.0,0.0,0,0.0
YPL118W,0.0,0.0,0.0,0,0.0
YDR333C,0.0,0.0,0.0,0,0.0
YGR244C,0.0,0.0,0.0,1,0.0
YPL125W,0.0,0.0,0.0,1,0.0
YPL126W,0.0,0.0,0.0,1,0.0
YPL130W,0.0,0.0,0.0,0,0.0
YKL047W,0.0,0.0,0.0,0,0.0
YPL150W,0.0,0.0,0.0,0,0.0
YNL253W,0.0,0.0,0.0,0,0.0
YPL163C,0.0,0.0,0.0,0,0.0
YDL142C,0.0,0.0,0.0,0,0.0
YPL190C,0.0,0.0,0.0,1,0.0
YJL024C,0.0,0.0,0.0,0,0.0
YPL207W,0.0,0.0,0.0,1,0.0
YAR069C,0.0,0.0,0.0,0,0.0
YPL216W,0.0,0.0,0.0,0,0.0
YPL220W,0.0,0.0,0.0,0,0.0
YPL221W,0.0,0.0,0.0,0,0.0
YBR012C,0.0,0.0,0.0,0,0.0
YIR042C,0.0,0.0,0.0,0,0.0
YPL244C,0.0,0.0,0.0,0,0.0
YPL257W-B,0.0,0.0,0.0,0,0.0
YPL263C,0.0,0.0,0.0,0,0.0
YPL266W,0.0,0.0,0.0,1,0.0
YOR233W,0.0,0.0,0.0,1,0.0
YPL276W,0.0,0.0,0.0,0,0.0
YDR494W,0.0,0.0,0.0,0,0.0
YPL283C,0.0,0.0,0.0,0,0.0
YPR001W,0.0,0.0,0.0,0,0.0
YDR460W,0.0,0.0,0.0,1,0.0
YGR087C,0.0,0.0,0.0,0,0.0
YPR033C,0.0,0.0,0.0,1,0.0
YPR037C,0.0,0.0,0.0,0,0.0
YPR058W,0.0,0.0,0.0,0,0.0
YPR063C,0.0,0.0,0.0,0,0.0
YPR071W,0.0,0.0,0.0,0,0.0
YDR337W,0.0,0.0,0.0,0,0.0
YBL020W,0.0,0.0,0.0,1,0.0
YDL086W,0.0,0.0,0.0,0,0.0
YDL158C,0.0,0.0,0.0,0,0.0
YEL011W,0.0,0.0,0.0,0,0.0
YER076C,0.0,0.0,0.0,0,0.0
YGR053C,0.0,0.0,0.0,0,0.0
YGR204W,0.0,0.0,0.0,0,0.0
YGR291C,0.0,0.0,0.0,0,0.0
YJL066C,0.0,0.0,0.0,0,0.0
YJL079C,0.0,0.0,0.0,0,0.0
YKL134C,0.0,0.0,0.0,0,0.0
YKL208W,0.0,0.0,0.0,0,0.0
YLL022C,0.0,0.0,0.0,0,0.0
YLR201C,0.0,0.0,0.0,0,0.0
YML019W,0.0,0.0,0.0,0,0.0
YMR184W,0.0,0.0,0.0,0,0.0
YMR193W,0.0,0.0,0.0,0,0.0
YMR315W,0.0,0.0,0.0,0,0.0
YOL066C,0.0,0.0,0.0,1,0.0
YOL147C,0.0,0.0,0.0,0,0.0
YOR074C,0.0,0.0,0.0,1,0.0
YOR079C,0.0,0.0,0.0,0,0.0
YPL097W,0.0,0.0,0.0,0,0.0
YPR157W,0.0,0.0,0.0,0,0.0
YPR133C,0.0,0.0,0.0,1,0.0
YPR103W,0.0,0.0,0.0,1,0.0
YPR104C,0.0,0.0,0.0,1,0.0
YPR106W,0.0,0.0,0.0,0,0.0
YPR108W,0.0,0.0,0.0,1,0.0
YPR123C,0.0,0.0,0.0,0,0.0
YAL064W-B,0.0,0.0,0.0,0,0.0
YPR015C,0.0,0.0,0.0,1,0.0
YIL090W,0.0,0.0,0.0,0,0.0
YOL054W,0.0,0.0,0.0,0,0.0
YPR154W,0.0,0.0,0.0,0,0.0
YLR450W,0.0,0.0,0.0,0,0.0
YNR033W,0.0,0.0,0.0,0,0.0
YOR063W,0.0,0.0,0.0,1,0.0
YPR158W-A,0.0,0.0,0.0,0,0.0
YER159C-A,0.0,0.0,0.0,0,0.0
YDR358W,0.0,0.0,0.0,0,0.0
YLR018C,0.0,0.0,0.0,0,0.0
YLR165C,0.0,0.0,0.0,0,0.0
YPR169W,0.0,0.0,0.0,1,0.0
YPR174C,0.0,0.0,0.0,0,0.0
YIL119C,0.0,0.0,0.0,0,0.0
YPR201W,0.0,0.0,0.0,0,0.0
YLR171W,0.0,0.0,0.0,0,0.0
SNRNA_U5,0.0,0.0,0.0,0,0.0
